construccion	md5	posicion	tipo	puntuacion
mvm_actual__3utr959	778b1dafc688d5c95deb738524845770	429	aceptor	7.21264e-05
mvm_actual__3utr959	778b1dafc688d5c95deb738524845770	429	donante	0.109089
mvm_actual__3utr959	778b1dafc688d5c95deb738524845770	1131	aceptor	1.75772e-05
mvm_actual__3utr959	778b1dafc688d5c95deb738524845770	1131	donante	0.0606683
mvm_actual__3utr959	778b1dafc688d5c95deb738524845770	1156	aceptor	5.01721e-06
mvm_actual__3utr959	778b1dafc688d5c95deb738524845770	1156	donante	0.0544703
mvm_actual__3utr959	778b1dafc688d5c95deb738524845770	1516	aceptor	6.34158e-05
mvm_actual__3utr959	778b1dafc688d5c95deb738524845770	1516	donante	0.744265
mvm_actual__3utr959	778b1dafc688d5c95deb738524845770	3120	aceptor	6.22857e-07
mvm_actual__3utr959	778b1dafc688d5c95deb738524845770	3120	donante	8.20059e-07
mvm_actual__3utr959	778b1dafc688d5c95deb738524845770	3121	aceptor	1.13804e-07
mvm_actual__3utr959	778b1dafc688d5c95deb738524845770	3121	donante	1.63029e-06
mvm_actual__3utr959	778b1dafc688d5c95deb738524845770	3122	aceptor	1.01686e-05
mvm_actual__3utr959	778b1dafc688d5c95deb738524845770	3122	donante	3.2072e-06
mvm_actual__3utr959	778b1dafc688d5c95deb738524845770	3123	aceptor	1.39986e-07
mvm_actual__3utr959	778b1dafc688d5c95deb738524845770	3123	donante	9.80893e-07
mvm_actual__3utr959	778b1dafc688d5c95deb738524845770	3124	aceptor	4.10328e-07
mvm_actual__3utr959	778b1dafc688d5c95deb738524845770	3124	donante	1.904e-05
mvm_actual__3utr959	778b1dafc688d5c95deb738524845770	3125	aceptor	9.10574e-07
mvm_actual__3utr959	778b1dafc688d5c95deb738524845770	3125	donante	5.44884e-07
mvm_actual__3utr959	778b1dafc688d5c95deb738524845770	3126	aceptor	1.42903e-05
mvm_actual__3utr959	778b1dafc688d5c95deb738524845770	3126	donante	0.00710453
mvm_actual__3utr959	778b1dafc688d5c95deb738524845770	3127	aceptor	2.5585e-07
mvm_actual__3utr959	778b1dafc688d5c95deb738524845770	3127	donante	4.84539e-07
mvm_actual__3utr959	778b1dafc688d5c95deb738524845770	3128	aceptor	1.69102e-07
mvm_actual__3utr959	778b1dafc688d5c95deb738524845770	3128	donante	1.93085e-07
mvm_actual__3utr959	778b1dafc688d5c95deb738524845770	3129	aceptor	2.12943e-07
mvm_actual__3utr959	778b1dafc688d5c95deb738524845770	3129	donante	3.10694e-07
mvm_actual__3utr959	778b1dafc688d5c95deb738524845770	3130	aceptor	5.06066e-07
mvm_actual__3utr959	778b1dafc688d5c95deb738524845770	3130	donante	2.66707e-06
mvm_actual__3utr959	778b1dafc688d5c95deb738524845770	3131	aceptor	2.0154e-07
mvm_actual__3utr959	778b1dafc688d5c95deb738524845770	3131	donante	3.84487e-07
mvm_actual__3utr959	778b1dafc688d5c95deb738524845770	3132	aceptor	1.71002e-06
mvm_actual__3utr959	778b1dafc688d5c95deb738524845770	3132	donante	5.14067e-07
mvm_actual__3utr959	778b1dafc688d5c95deb738524845770	3133	aceptor	5.1435e-05
mvm_actual__3utr959	778b1dafc688d5c95deb738524845770	3133	donante	0.663806
mvm_actual__3utr959	778b1dafc688d5c95deb738524845770	3134	aceptor	8.97612e-07
mvm_actual__3utr959	778b1dafc688d5c95deb738524845770	3134	donante	1.99642e-07
mvm_actual__3utr959	778b1dafc688d5c95deb738524845770	3135	aceptor	6.17165e-08
mvm_actual__3utr959	778b1dafc688d5c95deb738524845770	3135	donante	1.30872e-06
mvm_actual__3utr959	778b1dafc688d5c95deb738524845770	3136	aceptor	6.67892e-08
mvm_actual__3utr959	778b1dafc688d5c95deb738524845770	3136	donante	9.73545e-07
mvm_actual__3utr959	778b1dafc688d5c95deb738524845770	3137	aceptor	8.27658e-08
mvm_actual__3utr959	778b1dafc688d5c95deb738524845770	3137	donante	1.42753e-06
mvm_actual__3utr959	778b1dafc688d5c95deb738524845770	3138	aceptor	1.82224e-07
mvm_actual__3utr959	778b1dafc688d5c95deb738524845770	3138	donante	1.07954e-06
mvm_actual__3utr959	778b1dafc688d5c95deb738524845770	3139	aceptor	3.85339e-06
mvm_actual__3utr959	778b1dafc688d5c95deb738524845770	3139	donante	3.69391e-05
mvm_actual__3utr959	778b1dafc688d5c95deb738524845770	3140	aceptor	2.42353e-07
mvm_actual__3utr959	778b1dafc688d5c95deb738524845770	3140	donante	3.29949e-07
mvm_actual__3utr959	778b1dafc688d5c95deb738524845770	3141	aceptor	1.21842e-07
mvm_actual__3utr959	778b1dafc688d5c95deb738524845770	3141	donante	4.33045e-07
mvm_actual__3utr959	778b1dafc688d5c95deb738524845770	3142	aceptor	3.47669e-08
mvm_actual__3utr959	778b1dafc688d5c95deb738524845770	3142	donante	6.65699e-08
mvm_actual__3utr959	778b1dafc688d5c95deb738524845770	3143	aceptor	4.46435e-08
mvm_actual__3utr959	778b1dafc688d5c95deb738524845770	3143	donante	9.50535e-08
mvm_actual__3utr959	778b1dafc688d5c95deb738524845770	3144	aceptor	5.24186e-09
mvm_actual__3utr959	778b1dafc688d5c95deb738524845770	3144	donante	5.01126e-08
mvm_actual__3utr959	778b1dafc688d5c95deb738524845770	3145	aceptor	2.13125e-08
mvm_actual__3utr959	778b1dafc688d5c95deb738524845770	3145	donante	6.30327e-08
mvm_actual__3utr959	778b1dafc688d5c95deb738524845770	3146	aceptor	6.32719e-08
mvm_actual__3utr959	778b1dafc688d5c95deb738524845770	3146	donante	8.95888e-07
mvm_actual__3utr959	778b1dafc688d5c95deb738524845770	3147	aceptor	3.41019e-06
mvm_actual__3utr959	778b1dafc688d5c95deb738524845770	3147	donante	2.86246e-07
mvm_actual__3utr959	778b1dafc688d5c95deb738524845770	3148	aceptor	6.5975e-08
mvm_actual__3utr959	778b1dafc688d5c95deb738524845770	3148	donante	1.67124e-07
mvm_actual__3utr959	778b1dafc688d5c95deb738524845770	3149	aceptor	2.59906e-08
mvm_actual__3utr959	778b1dafc688d5c95deb738524845770	3149	donante	2.80954e-08
mvm_actual__3utr959	778b1dafc688d5c95deb738524845770	3150	aceptor	8.47934e-08
mvm_actual__3utr959	778b1dafc688d5c95deb738524845770	3150	donante	1.83397e-08
mvm_actual__3utr959	778b1dafc688d5c95deb738524845770	3151	aceptor	7.91416e-08
mvm_actual__3utr959	778b1dafc688d5c95deb738524845770	3151	donante	5.10052e-07
mvm_actual__3utr959	778b1dafc688d5c95deb738524845770	3152	aceptor	7.21314e-08
mvm_actual__3utr959	778b1dafc688d5c95deb738524845770	3152	donante	2.26586e-08
mvm_actual__3utr959	778b1dafc688d5c95deb738524845770	3153	aceptor	1.07512e-07
mvm_actual__3utr959	778b1dafc688d5c95deb738524845770	3153	donante	8.3367e-09
mvm_actual__3utr959	778b1dafc688d5c95deb738524845770	3154	aceptor	1.56501e-08
mvm_actual__3utr959	778b1dafc688d5c95deb738524845770	3154	donante	4.18639e-09
mvm_actual__3utr959	778b1dafc688d5c95deb738524845770	3155	aceptor	1.56011e-07
mvm_actual__3utr959	778b1dafc688d5c95deb738524845770	3155	donante	3.57366e-07
mvm_actual__3utr959	778b1dafc688d5c95deb738524845770	3156	aceptor	1.32606e-07
mvm_actual__3utr959	778b1dafc688d5c95deb738524845770	3156	donante	1.03388e-08
mvm_actual__3utr959	778b1dafc688d5c95deb738524845770	3157	aceptor	2.54066e-08
mvm_actual__3utr959	778b1dafc688d5c95deb738524845770	3157	donante	7.75536e-09
mvm_actual__3utr959	778b1dafc688d5c95deb738524845770	3158	aceptor	1.47639e-08
mvm_actual__3utr959	778b1dafc688d5c95deb738524845770	3158	donante	1.0392e-09
mvm_actual__3utr959	778b1dafc688d5c95deb738524845770	3159	aceptor	2.56381e-08
mvm_actual__3utr959	778b1dafc688d5c95deb738524845770	3159	donante	9.82885e-07
mvm_actual__3utr959	778b1dafc688d5c95deb738524845770	3160	aceptor	8.87896e-08
mvm_actual__3utr959	778b1dafc688d5c95deb738524845770	3160	donante	6.52214e-08
mvm_actual__3utr959	778b1dafc688d5c95deb738524845770	3161	aceptor	4.6647e-08
mvm_actual__3utr959	778b1dafc688d5c95deb738524845770	3161	donante	7.6559e-08
mvm_actual__3utr959	778b1dafc688d5c95deb738524845770	3162	aceptor	2.09469e-08
mvm_actual__3utr959	778b1dafc688d5c95deb738524845770	3162	donante	9.29989e-09
mvm_actual__3utr959	778b1dafc688d5c95deb738524845770	3163	aceptor	3.98793e-08
mvm_actual__3utr959	778b1dafc688d5c95deb738524845770	3163	donante	1.53066e-08
mvm_actual__3utr959	778b1dafc688d5c95deb738524845770	3164	aceptor	8.10175e-08
mvm_actual__3utr959	778b1dafc688d5c95deb738524845770	3164	donante	4.18822e-07
mvm_actual__3utr959	778b1dafc688d5c95deb738524845770	3165	aceptor	8.44772e-08
mvm_actual__3utr959	778b1dafc688d5c95deb738524845770	3165	donante	1.91655e-08
mvm_actual__3utr959	778b1dafc688d5c95deb738524845770	3166	aceptor	2.60183e-08
mvm_actual__3utr959	778b1dafc688d5c95deb738524845770	3166	donante	1.22827e-08
mvm_actual__3utr959	778b1dafc688d5c95deb738524845770	3167	aceptor	1.09478e-08
mvm_actual__3utr959	778b1dafc688d5c95deb738524845770	3167	donante	1.89707e-08
mvm_actual__3utr959	778b1dafc688d5c95deb738524845770	3168	aceptor	1.46742e-08
mvm_actual__3utr959	778b1dafc688d5c95deb738524845770	3168	donante	1.45318e-08
mvm_actual__3utr959	778b1dafc688d5c95deb738524845770	3169	aceptor	9.93521e-08
mvm_actual__3utr959	778b1dafc688d5c95deb738524845770	3169	donante	1.43054e-07
mvm_actual__3utr959	778b1dafc688d5c95deb738524845770	3170	aceptor	1.92423e-08
mvm_actual__3utr959	778b1dafc688d5c95deb738524845770	3170	donante	3.23591e-08
mvm_actual__3utr959	778b1dafc688d5c95deb738524845770	3171	aceptor	2.20107e-08
mvm_actual__3utr959	778b1dafc688d5c95deb738524845770	3171	donante	1.25552e-08
mvm_actual__3utr959	778b1dafc688d5c95deb738524845770	3172	aceptor	9.63404e-08
mvm_actual__3utr959	778b1dafc688d5c95deb738524845770	3172	donante	2.85367e-06
mvm_actual__3utr959	778b1dafc688d5c95deb738524845770	3173	aceptor	4.10857e-08
mvm_actual__3utr959	778b1dafc688d5c95deb738524845770	3173	donante	6.14166e-09
mvm_actual__3utr959	778b1dafc688d5c95deb738524845770	3174	aceptor	3.62246e-08
mvm_actual__3utr959	778b1dafc688d5c95deb738524845770	3174	donante	1.57987e-08
mvm_actual__3utr959	778b1dafc688d5c95deb738524845770	3175	aceptor	1.68012e-08
mvm_actual__3utr959	778b1dafc688d5c95deb738524845770	3175	donante	2.87065e-08
mvm_actual__3utr959	778b1dafc688d5c95deb738524845770	3176	aceptor	5.09536e-08
mvm_actual__3utr959	778b1dafc688d5c95deb738524845770	3176	donante	7.20756e-09
mvm_actual__3utr959	778b1dafc688d5c95deb738524845770	3177	aceptor	5.76899e-07
mvm_actual__3utr959	778b1dafc688d5c95deb738524845770	3177	donante	1.09735e-08
mvm_actual__3utr959	778b1dafc688d5c95deb738524845770	3178	aceptor	3.05716e-08
mvm_actual__3utr959	778b1dafc688d5c95deb738524845770	3178	donante	2.87998e-08
mvm_actual__3utr959	778b1dafc688d5c95deb738524845770	3179	aceptor	3.49026e-07
mvm_actual__3utr959	778b1dafc688d5c95deb738524845770	3179	donante	9.38036e-09
mvm_actual__3utr959	778b1dafc688d5c95deb738524845770	3180	aceptor	9.58492e-07
mvm_actual__3utr959	778b1dafc688d5c95deb738524845770	3180	donante	2.54102e-08
mvm_actual__3utr959	778b1dafc688d5c95deb738524845770	3181	aceptor	7.17442e-07
mvm_actual__3utr959	778b1dafc688d5c95deb738524845770	3181	donante	2.09258e-08
mvm_actual__3utr959	778b1dafc688d5c95deb738524845770	3182	aceptor	2.30765e-07
mvm_actual__3utr959	778b1dafc688d5c95deb738524845770	3182	donante	4.96657e-09
mvm_actual__3utr959	778b1dafc688d5c95deb738524845770	3183	aceptor	2.37957e-07
mvm_actual__3utr959	778b1dafc688d5c95deb738524845770	3183	donante	2.37852e-09
mvm_actual__3utr959	778b1dafc688d5c95deb738524845770	3184	aceptor	1.74717e-06
mvm_actual__3utr959	778b1dafc688d5c95deb738524845770	3184	donante	4.1606e-08
mvm_actual__3utr959	778b1dafc688d5c95deb738524845770	3185	aceptor	4.85923e-07
mvm_actual__3utr959	778b1dafc688d5c95deb738524845770	3185	donante	5.60533e-09
mvm_actual__3utr959	778b1dafc688d5c95deb738524845770	3186	aceptor	1.9877e-07
mvm_actual__3utr959	778b1dafc688d5c95deb738524845770	3186	donante	1.78763e-08
mvm_actual__3utr959	778b1dafc688d5c95deb738524845770	3187	aceptor	1.7187e-06
mvm_actual__3utr959	778b1dafc688d5c95deb738524845770	3187	donante	5.66487e-08
mvm_actual__3utr959	778b1dafc688d5c95deb738524845770	3188	aceptor	4.8251e-07
mvm_actual__3utr959	778b1dafc688d5c95deb738524845770	3188	donante	5.15681e-09
mvm_actual__3utr959	778b1dafc688d5c95deb738524845770	3189	aceptor	1.27903e-06
mvm_actual__3utr959	778b1dafc688d5c95deb738524845770	3189	donante	2.63155e-08
mvm_actual__3utr959	778b1dafc688d5c95deb738524845770	3190	aceptor	1.28105e-07
mvm_actual__3utr959	778b1dafc688d5c95deb738524845770	3190	donante	3.43145e-08
mvm_actual__3utr959	778b1dafc688d5c95deb738524845770	3191	aceptor	2.24832e-07
mvm_actual__3utr959	778b1dafc688d5c95deb738524845770	3191	donante	2.58483e-08
mvm_actual__3utr959	778b1dafc688d5c95deb738524845770	3192	aceptor	4.54775e-07
mvm_actual__3utr959	778b1dafc688d5c95deb738524845770	3192	donante	7.71038e-08
mvm_actual__3utr959	778b1dafc688d5c95deb738524845770	3193	aceptor	8.55132e-05
mvm_actual__3utr959	778b1dafc688d5c95deb738524845770	3193	donante	1.87176e-06
mvm_actual__3utr959	778b1dafc688d5c95deb738524845770	3194	aceptor	4.57549e-08
mvm_actual__3utr959	778b1dafc688d5c95deb738524845770	3194	donante	1.4805e-07
mvm_actual__3utr959	778b1dafc688d5c95deb738524845770	3195	aceptor	1.34766e-05
mvm_actual__3utr959	778b1dafc688d5c95deb738524845770	3195	donante	2.04675e-07
mvm_actual__3utr959	778b1dafc688d5c95deb738524845770	3196	aceptor	4.59366e-08
mvm_actual__3utr959	778b1dafc688d5c95deb738524845770	3196	donante	6.20012e-07
mvm_actual__3utr959	778b1dafc688d5c95deb738524845770	3197	aceptor	2.97062e-08
mvm_actual__3utr959	778b1dafc688d5c95deb738524845770	3197	donante	6.1053e-07
mvm_actual__3utr959	778b1dafc688d5c95deb738524845770	3198	aceptor	9.18647e-08
mvm_actual__3utr959	778b1dafc688d5c95deb738524845770	3198	donante	1.78507e-08
mvm_actual__3utr959	778b1dafc688d5c95deb738524845770	3199	aceptor	2.07545e-05
mvm_actual__3utr959	778b1dafc688d5c95deb738524845770	3199	donante	1.31548e-06
mvm_actual__3utr959	778b1dafc688d5c95deb738524845770	3200	aceptor	1.10529e-07
mvm_actual__3utr959	778b1dafc688d5c95deb738524845770	3200	donante	1.49543e-07
mvm_actual__3utr959	778b1dafc688d5c95deb738524845770	3201	aceptor	1.71231e-07
mvm_actual__3utr959	778b1dafc688d5c95deb738524845770	3201	donante	3.61029e-07
mvm_actual__3utr959	778b1dafc688d5c95deb738524845770	3202	aceptor	5.67654e-08
mvm_actual__3utr959	778b1dafc688d5c95deb738524845770	3202	donante	3.05461e-07
mvm_actual__3utr959	778b1dafc688d5c95deb738524845770	3203	aceptor	7.32873e-07
mvm_actual__3utr959	778b1dafc688d5c95deb738524845770	3203	donante	1.01681e-06
mvm_actual__3utr959	778b1dafc688d5c95deb738524845770	3204	aceptor	1.34277e-05
mvm_actual__3utr959	778b1dafc688d5c95deb738524845770	3204	donante	3.59824e-07
mvm_actual__3utr959	778b1dafc688d5c95deb738524845770	3205	aceptor	4.12995e-07
mvm_actual__3utr959	778b1dafc688d5c95deb738524845770	3205	donante	2.60207e-07
mvm_actual__3utr959	778b1dafc688d5c95deb738524845770	3206	aceptor	3.16346e-07
mvm_actual__3utr959	778b1dafc688d5c95deb738524845770	3206	donante	4.39054e-08
mvm_actual__3utr959	778b1dafc688d5c95deb738524845770	3207	aceptor	1.97461e-07
mvm_actual__3utr959	778b1dafc688d5c95deb738524845770	3207	donante	1.27524e-07
mvm_actual__3utr959	778b1dafc688d5c95deb738524845770	3208	aceptor	1.57277e-07
mvm_actual__3utr959	778b1dafc688d5c95deb738524845770	3208	donante	4.0217e-08
mvm_actual__3utr959	778b1dafc688d5c95deb738524845770	3209	aceptor	1.98619e-06
mvm_actual__3utr959	778b1dafc688d5c95deb738524845770	3209	donante	5.33815e-07
mvm_actual__3utr959	778b1dafc688d5c95deb738524845770	3210	aceptor	4.20949e-07
mvm_actual__3utr959	778b1dafc688d5c95deb738524845770	3210	donante	3.41177e-07
mvm_actual__3utr959	778b1dafc688d5c95deb738524845770	3211	aceptor	5.38153e-06
mvm_actual__3utr959	778b1dafc688d5c95deb738524845770	3211	donante	1.28865e-07
mvm_actual__3utr959	778b1dafc688d5c95deb738524845770	3212	aceptor	2.24306e-06
mvm_actual__3utr959	778b1dafc688d5c95deb738524845770	3212	donante	1.41821e-06
mvm_actual__3utr959	778b1dafc688d5c95deb738524845770	3213	aceptor	3.81866e-05
mvm_actual__3utr959	778b1dafc688d5c95deb738524845770	3213	donante	0.00354126
mvm_actual__3utr959	778b1dafc688d5c95deb738524845770	3214	aceptor	2.39201e-05
mvm_actual__3utr959	778b1dafc688d5c95deb738524845770	3214	donante	1.04633e-06
mvm_actual__3utr959	778b1dafc688d5c95deb738524845770	3215	aceptor	2.05464e-06
mvm_actual__3utr959	778b1dafc688d5c95deb738524845770	3215	donante	2.08118e-06
mvm_actual__3utr959	778b1dafc688d5c95deb738524845770	3216	aceptor	6.79675e-07
mvm_actual__3utr959	778b1dafc688d5c95deb738524845770	3216	donante	4.84094e-07
mvm_actual__3utr959	778b1dafc688d5c95deb738524845770	3217	aceptor	3.50137e-07
mvm_actual__3utr959	778b1dafc688d5c95deb738524845770	3217	donante	6.51269e-07
mvm_actual__3utr959	778b1dafc688d5c95deb738524845770	3218	aceptor	8.03839e-07
mvm_actual__3utr959	778b1dafc688d5c95deb738524845770	3218	donante	1.12476e-07
mvm_actual__3utr959	778b1dafc688d5c95deb738524845770	3219	aceptor	4.29639e-07
mvm_actual__3utr959	778b1dafc688d5c95deb738524845770	3219	donante	8.14046e-08
mvm_actual__3utr959	778b1dafc688d5c95deb738524845770	3220	aceptor	6.88973e-07
mvm_actual__3utr959	778b1dafc688d5c95deb738524845770	3220	donante	1.2516e-07
mvm_actual__3utr959	778b1dafc688d5c95deb738524845770	3221	aceptor	5.53735e-07
mvm_actual__3utr959	778b1dafc688d5c95deb738524845770	3221	donante	2.24197e-07
mvm_actual__3utr959	778b1dafc688d5c95deb738524845770	3222	aceptor	1.09176e-06
mvm_actual__3utr959	778b1dafc688d5c95deb738524845770	3222	donante	2.7291e-07
mvm_actual__3utr959	778b1dafc688d5c95deb738524845770	3223	aceptor	9.7735e-07
mvm_actual__3utr959	778b1dafc688d5c95deb738524845770	3223	donante	6.21098e-07
mvm_actual__3utr959	778b1dafc688d5c95deb738524845770	3224	aceptor	6.20243e-08
mvm_actual__3utr959	778b1dafc688d5c95deb738524845770	3224	donante	1.61362e-07
mvm_actual__3utr959	778b1dafc688d5c95deb738524845770	3225	aceptor	1.05485e-06
mvm_actual__3utr959	778b1dafc688d5c95deb738524845770	3225	donante	3.20756e-07
mvm_actual__3utr959	778b1dafc688d5c95deb738524845770	3226	aceptor	9.96235e-08
mvm_actual__3utr959	778b1dafc688d5c95deb738524845770	3226	donante	1.65482e-07
mvm_actual__3utr959	778b1dafc688d5c95deb738524845770	3227	aceptor	1.69587e-07
mvm_actual__3utr959	778b1dafc688d5c95deb738524845770	3227	donante	1.57616e-07
mvm_actual__3utr959	778b1dafc688d5c95deb738524845770	3228	aceptor	2.82002e-07
mvm_actual__3utr959	778b1dafc688d5c95deb738524845770	3228	donante	4.06572e-08
mvm_actual__3utr959	778b1dafc688d5c95deb738524845770	3229	aceptor	2.62369e-07
mvm_actual__3utr959	778b1dafc688d5c95deb738524845770	3229	donante	1.52569e-07
mvm_actual__3utr959	778b1dafc688d5c95deb738524845770	3230	aceptor	7.20563e-06
mvm_actual__3utr959	778b1dafc688d5c95deb738524845770	3230	donante	6.58766e-05
mvm_actual__3utr959	778b1dafc688d5c95deb738524845770	3231	aceptor	1.12396e-06
mvm_actual__3utr959	778b1dafc688d5c95deb738524845770	3231	donante	4.01018e-08
mvm_actual__3utr959	778b1dafc688d5c95deb738524845770	3232	aceptor	0.000894354
mvm_actual__3utr959	778b1dafc688d5c95deb738524845770	3232	donante	2.54361e-06
mvm_actual__3utr959	778b1dafc688d5c95deb738524845770	3233	aceptor	4.3863e-07
mvm_actual__3utr959	778b1dafc688d5c95deb738524845770	3233	donante	8.83906e-08
mvm_actual__3utr959	778b1dafc688d5c95deb738524845770	3234	aceptor	4.55254e-07
mvm_actual__3utr959	778b1dafc688d5c95deb738524845770	3234	donante	5.39253e-07
mvm_actual__3utr959	778b1dafc688d5c95deb738524845770	3235	aceptor	4.84793e-07
mvm_actual__3utr959	778b1dafc688d5c95deb738524845770	3235	donante	3.32754e-08
mvm_actual__3utr959	778b1dafc688d5c95deb738524845770	3236	aceptor	7.62456e-06
mvm_actual__3utr959	778b1dafc688d5c95deb738524845770	3236	donante	4.76716e-07
mvm_actual__3utr959	778b1dafc688d5c95deb738524845770	3237	aceptor	1.68548e-06
mvm_actual__3utr959	778b1dafc688d5c95deb738524845770	3237	donante	4.3115e-07
mvm_actual__3utr959	778b1dafc688d5c95deb738524845770	3238	aceptor	4.23465e-07
mvm_actual__3utr959	778b1dafc688d5c95deb738524845770	3238	donante	4.90102e-08
mvm_actual__3utr959	778b1dafc688d5c95deb738524845770	3239	aceptor	5.19064e-07
mvm_actual__3utr959	778b1dafc688d5c95deb738524845770	3239	donante	1.07987e-07
mvm_actual__3utr959	778b1dafc688d5c95deb738524845770	3240	aceptor	9.77494e-07
mvm_actual__3utr959	778b1dafc688d5c95deb738524845770	3240	donante	1.60418e-07
mvm_actual__3utr959	778b1dafc688d5c95deb738524845770	3241	aceptor	6.40534e-07
mvm_actual__3utr959	778b1dafc688d5c95deb738524845770	3241	donante	1.80742e-07
mvm_actual__3utr959	778b1dafc688d5c95deb738524845770	3242	aceptor	5.90216e-07
mvm_actual__3utr959	778b1dafc688d5c95deb738524845770	3242	donante	2.09593e-07
mvm_actual__3utr959	778b1dafc688d5c95deb738524845770	3243	aceptor	1.03142e-06
mvm_actual__3utr959	778b1dafc688d5c95deb738524845770	3243	donante	5.85146e-07
mvm_actual__3utr959	778b1dafc688d5c95deb738524845770	3244	aceptor	2.85656e-07
mvm_actual__3utr959	778b1dafc688d5c95deb738524845770	3244	donante	3.33926e-07
mvm_actual__3utr959	778b1dafc688d5c95deb738524845770	3245	aceptor	3.14403e-07
mvm_actual__3utr959	778b1dafc688d5c95deb738524845770	3245	donante	3.53371e-07
mvm_actual__3utr959	778b1dafc688d5c95deb738524845770	3246	aceptor	1.36642e-06
mvm_actual__3utr959	778b1dafc688d5c95deb738524845770	3246	donante	3.51579e-06
mvm_actual__3utr959	778b1dafc688d5c95deb738524845770	3247	aceptor	7.91202e-07
mvm_actual__3utr959	778b1dafc688d5c95deb738524845770	3247	donante	3.45535e-07
mvm_actual__3utr959	778b1dafc688d5c95deb738524845770	3248	aceptor	2.3023e-07
mvm_actual__3utr959	778b1dafc688d5c95deb738524845770	3248	donante	7.06622e-08
mvm_actual__3utr959	778b1dafc688d5c95deb738524845770	3249	aceptor	1.65183e-06
mvm_actual__3utr959	778b1dafc688d5c95deb738524845770	3249	donante	3.73716e-07
mvm_actual__3utr959	778b1dafc688d5c95deb738524845770	3250	aceptor	2.32007e-06
mvm_actual__3utr959	778b1dafc688d5c95deb738524845770	3250	donante	5.51681e-07
mvm_actual__3utr959	778b1dafc688d5c95deb738524845770	3251	aceptor	4.62269e-06
mvm_actual__3utr959	778b1dafc688d5c95deb738524845770	3251	donante	6.05889e-07
mvm_actual__3utr959	778b1dafc688d5c95deb738524845770	3252	aceptor	1.46561e-06
mvm_actual__3utr959	778b1dafc688d5c95deb738524845770	3252	donante	4.36409e-07
mvm_actual__3utr959	778b1dafc688d5c95deb738524845770	3253	aceptor	1.67447e-06
mvm_actual__3utr959	778b1dafc688d5c95deb738524845770	3253	donante	1.44582e-06
mvm_actual__3utr959	778b1dafc688d5c95deb738524845770	3254	aceptor	2.99314e-06
mvm_actual__3utr959	778b1dafc688d5c95deb738524845770	3254	donante	8.05893e-07
mvm_actual__3utr959	778b1dafc688d5c95deb738524845770	3255	aceptor	4.50043e-05
mvm_actual__3utr959	778b1dafc688d5c95deb738524845770	3255	donante	1.07087e-06
mvm_actual__3utr959	778b1dafc688d5c95deb738524845770	3256	aceptor	6.57809e-07
mvm_actual__3utr959	778b1dafc688d5c95deb738524845770	3256	donante	3.37434e-06
mvm_actual__3utr959	778b1dafc688d5c95deb738524845770	3257	aceptor	1.55664e-06
mvm_actual__3utr959	778b1dafc688d5c95deb738524845770	3257	donante	2.01638e-06
mvm_actual__3utr959	778b1dafc688d5c95deb738524845770	3258	aceptor	1.87089e-05
mvm_actual__3utr959	778b1dafc688d5c95deb738524845770	3258	donante	3.22441e-06
mvm_actual__3utr959	778b1dafc688d5c95deb738524845770	3259	aceptor	1.37435e-06
mvm_actual__3utr959	778b1dafc688d5c95deb738524845770	3259	donante	5.94463e-07
mvm_actual__3utr959	778b1dafc688d5c95deb738524845770	3260	aceptor	1.8862e-06
mvm_actual__3utr959	778b1dafc688d5c95deb738524845770	3260	donante	9.15968e-07
mvm_actual__3utr959	778b1dafc688d5c95deb738524845770	3261	aceptor	1.8339e-05
mvm_actual__3utr959	778b1dafc688d5c95deb738524845770	3261	donante	9.89013e-06
mvm_actual__3utr959	778b1dafc688d5c95deb738524845770	3262	aceptor	2.88128e-06
mvm_actual__3utr959	778b1dafc688d5c95deb738524845770	3262	donante	4.62584e-07
mvm_actual__3utr959	778b1dafc688d5c95deb738524845770	3263	aceptor	0.0750927
mvm_actual__3utr959	778b1dafc688d5c95deb738524845770	3263	donante	5.06345e-05
mvm_actual__3utr959	778b1dafc688d5c95deb738524845770	3264	aceptor	1.71813e-06
mvm_actual__3utr959	778b1dafc688d5c95deb738524845770	3264	donante	1.22131e-06
mvm_actual__3utr959	778b1dafc688d5c95deb738524845770	3265	aceptor	7.47415e-06
mvm_actual__3utr959	778b1dafc688d5c95deb738524845770	3265	donante	4.44613e-07
mvm_actual__3utr959	778b1dafc688d5c95deb738524845770	3266	aceptor	1.29912e-07
mvm_actual__3utr959	778b1dafc688d5c95deb738524845770	3266	donante	8.18956e-07
mvm_actual__3utr959	778b1dafc688d5c95deb738524845770	3267	aceptor	9.68518e-07
mvm_actual__3utr959	778b1dafc688d5c95deb738524845770	3267	donante	1.02441e-06
mvm_actual__3utr959	778b1dafc688d5c95deb738524845770	3268	aceptor	0.000303584
mvm_actual__3utr959	778b1dafc688d5c95deb738524845770	3268	donante	4.86341e-06
mvm_actual__3utr959	778b1dafc688d5c95deb738524845770	3269	aceptor	1.08307e-07
mvm_actual__3utr959	778b1dafc688d5c95deb738524845770	3269	donante	4.41562e-07
mvm_actual__3utr959	778b1dafc688d5c95deb738524845770	3270	aceptor	1.91947e-07
mvm_actual__3utr959	778b1dafc688d5c95deb738524845770	3270	donante	2.03071e-07
mvm_actual__3utr959	778b1dafc688d5c95deb738524845770	3271	aceptor	3.5021e-07
mvm_actual__3utr959	778b1dafc688d5c95deb738524845770	3271	donante	4.66412e-07
mvm_actual__3utr959	778b1dafc688d5c95deb738524845770	3272	aceptor	2.1456e-07
mvm_actual__3utr959	778b1dafc688d5c95deb738524845770	3272	donante	5.93543e-07
mvm_actual__3utr959	778b1dafc688d5c95deb738524845770	3273	aceptor	2.79543e-07
mvm_actual__3utr959	778b1dafc688d5c95deb738524845770	3273	donante	7.4173e-07
mvm_actual__3utr959	778b1dafc688d5c95deb738524845770	3274	aceptor	6.4627e-05
mvm_actual__3utr959	778b1dafc688d5c95deb738524845770	3274	donante	8.60373e-07
mvm_actual__3utr959	778b1dafc688d5c95deb738524845770	3275	aceptor	1.80722e-07
mvm_actual__3utr959	778b1dafc688d5c95deb738524845770	3275	donante	0.000189874
mvm_actual__3utr959	778b1dafc688d5c95deb738524845770	3276	aceptor	1.25829e-07
mvm_actual__3utr959	778b1dafc688d5c95deb738524845770	3276	donante	6.17977e-07
mvm_actual__3utr959	778b1dafc688d5c95deb738524845770	3277	aceptor	8.8222e-08
mvm_actual__3utr959	778b1dafc688d5c95deb738524845770	3277	donante	2.05042e-06
mvm_actual__3utr959	778b1dafc688d5c95deb738524845770	3278	aceptor	2.53051e-08
mvm_actual__3utr959	778b1dafc688d5c95deb738524845770	3278	donante	1.01863e-06
mvm_actual__3utr959	778b1dafc688d5c95deb738524845770	3279	aceptor	3.64607e-08
mvm_actual__3utr959	778b1dafc688d5c95deb738524845770	3279	donante	2.52263e-06
mvm_actual__3utr959	778b1dafc688d5c95deb738524845770	3280	aceptor	2.95913e-07
mvm_actual__3utr959	778b1dafc688d5c95deb738524845770	3280	donante	1.03913e-06
mvm_actual__3utr959	778b1dafc688d5c95deb738524845770	3281	aceptor	3.95024e-08
mvm_actual__3utr959	778b1dafc688d5c95deb738524845770	3281	donante	6.26623e-07
mvm_actual__3utr959	778b1dafc688d5c95deb738524845770	3282	aceptor	9.47571e-08
mvm_actual__3utr959	778b1dafc688d5c95deb738524845770	3282	donante	2.7565e-06
mvm_actual__3utr959	778b1dafc688d5c95deb738524845770	3283	aceptor	9.80301e-07
mvm_actual__3utr959	778b1dafc688d5c95deb738524845770	3283	donante	9.14734e-07
mvm_actual__3utr959	778b1dafc688d5c95deb738524845770	3284	aceptor	1.7223e-07
mvm_actual__3utr959	778b1dafc688d5c95deb738524845770	3284	donante	1.7545e-06
mvm_actual__3utr959	778b1dafc688d5c95deb738524845770	3285	aceptor	1.59863e-07
mvm_actual__3utr959	778b1dafc688d5c95deb738524845770	3285	donante	7.55431e-07
mvm_actual__3utr959	778b1dafc688d5c95deb738524845770	3286	aceptor	1.1742e-07
mvm_actual__3utr959	778b1dafc688d5c95deb738524845770	3286	donante	5.67435e-07
mvm_actual__3utr959	778b1dafc688d5c95deb738524845770	3287	aceptor	1.17585e-07
mvm_actual__3utr959	778b1dafc688d5c95deb738524845770	3287	donante	2.40903e-06
mvm_actual__3utr959	778b1dafc688d5c95deb738524845770	3288	aceptor	1.46986e-07
mvm_actual__3utr959	778b1dafc688d5c95deb738524845770	3288	donante	3.26264e-06
mvm_actual__3utr959	778b1dafc688d5c95deb738524845770	3289	aceptor	2.99251e-05
mvm_actual__3utr959	778b1dafc688d5c95deb738524845770	3289	donante	5.34173e-06
mvm_actual__3utr959	778b1dafc688d5c95deb738524845770	3290	aceptor	1.46164e-07
mvm_actual__3utr959	778b1dafc688d5c95deb738524845770	3290	donante	6.78169e-07
mvm_actual__3utr959	778b1dafc688d5c95deb738524845770	3291	aceptor	6.30261e-08
mvm_actual__3utr959	778b1dafc688d5c95deb738524845770	3291	donante	4.90441e-07
mvm_actual__3utr959	778b1dafc688d5c95deb738524845770	3292	aceptor	3.31979e-07
mvm_actual__3utr959	778b1dafc688d5c95deb738524845770	3292	donante	2.12848e-06
mvm_actual__3utr959	778b1dafc688d5c95deb738524845770	3293	aceptor	5.12645e-07
mvm_actual__3utr959	778b1dafc688d5c95deb738524845770	3293	donante	1.61911e-07
mvm_actual__3utr959	778b1dafc688d5c95deb738524845770	3294	aceptor	7.35478e-08
mvm_actual__3utr959	778b1dafc688d5c95deb738524845770	3294	donante	1.83692e-06
mvm_actual__3utr959	778b1dafc688d5c95deb738524845770	3295	aceptor	3.52365e-07
mvm_actual__3utr959	778b1dafc688d5c95deb738524845770	3295	donante	2.54295e-07
mvm_actual__3utr959	778b1dafc688d5c95deb738524845770	3296	aceptor	1.59323e-06
mvm_actual__3utr959	778b1dafc688d5c95deb738524845770	3296	donante	6.89272e-07
mvm_actual__3utr959	778b1dafc688d5c95deb738524845770	3297	aceptor	1.09127e-07
mvm_actual__3utr959	778b1dafc688d5c95deb738524845770	3297	donante	1.06123e-06
mvm_actual__3utr959	778b1dafc688d5c95deb738524845770	3298	aceptor	4.08747e-08
mvm_actual__3utr959	778b1dafc688d5c95deb738524845770	3298	donante	6.123e-07
mvm_actual__3utr959	778b1dafc688d5c95deb738524845770	3299	aceptor	7.70192e-06
mvm_actual__3utr959	778b1dafc688d5c95deb738524845770	3299	donante	5.79386e-06
mvm_actual__3utr959	778b1dafc688d5c95deb738524845770	3300	aceptor	6.44325e-08
mvm_actual__3utr959	778b1dafc688d5c95deb738524845770	3300	donante	2.74165e-07
mvm_actual__3utr959	778b1dafc688d5c95deb738524845770	3301	aceptor	4.14515e-08
mvm_actual__3utr959	778b1dafc688d5c95deb738524845770	3301	donante	1.02466e-06
mvm_actual__3utr959	778b1dafc688d5c95deb738524845770	3302	aceptor	1.91019e-08
mvm_actual__3utr959	778b1dafc688d5c95deb738524845770	3302	donante	3.30227e-07
mvm_actual__3utr959	778b1dafc688d5c95deb738524845770	3303	aceptor	3.14593e-08
mvm_actual__3utr959	778b1dafc688d5c95deb738524845770	3303	donante	4.3043e-06
mvm_actual__3utr959	778b1dafc688d5c95deb738524845770	3304	aceptor	3.72604e-08
mvm_actual__3utr959	778b1dafc688d5c95deb738524845770	3304	donante	9.24801e-07
mvm_actual__3utr959	778b1dafc688d5c95deb738524845770	3305	aceptor	4.1986e-08
mvm_actual__3utr959	778b1dafc688d5c95deb738524845770	3305	donante	5.98965e-07
mvm_actual__3utr959	778b1dafc688d5c95deb738524845770	3306	aceptor	6.26562e-08
mvm_actual__3utr959	778b1dafc688d5c95deb738524845770	3306	donante	7.89062e-07
mvm_actual__3utr959	778b1dafc688d5c95deb738524845770	3307	aceptor	1.77108e-08
mvm_actual__3utr959	778b1dafc688d5c95deb738524845770	3307	donante	1.02539e-06
mvm_actual__3utr959	778b1dafc688d5c95deb738524845770	3308	aceptor	1.56947e-07
mvm_actual__3utr959	778b1dafc688d5c95deb738524845770	3308	donante	7.38654e-07
mvm_actual__3utr959	778b1dafc688d5c95deb738524845770	3309	aceptor	3.46345e-08
mvm_actual__3utr959	778b1dafc688d5c95deb738524845770	3309	donante	3.10264e-07
mvm_actual__3utr959	778b1dafc688d5c95deb738524845770	3310	aceptor	6.51965e-07
mvm_actual__3utr959	778b1dafc688d5c95deb738524845770	3310	donante	1.50034e-06
mvm_actual__3utr959	778b1dafc688d5c95deb738524845770	3311	aceptor	2.41763e-08
mvm_actual__3utr959	778b1dafc688d5c95deb738524845770	3311	donante	3.69184e-07
mvm_actual__3utr959	778b1dafc688d5c95deb738524845770	3312	aceptor	2.46542e-08
mvm_actual__3utr959	778b1dafc688d5c95deb738524845770	3312	donante	2.34464e-07
mvm_actual__3utr959	778b1dafc688d5c95deb738524845770	3313	aceptor	4.62501e-08
mvm_actual__3utr959	778b1dafc688d5c95deb738524845770	3313	donante	1.13831e-06
mvm_actual__3utr959	778b1dafc688d5c95deb738524845770	3314	aceptor	2.67975e-07
mvm_actual__3utr959	778b1dafc688d5c95deb738524845770	3314	donante	6.97534e-07
mvm_actual__3utr959	778b1dafc688d5c95deb738524845770	3315	aceptor	6.60008e-07
mvm_actual__3utr959	778b1dafc688d5c95deb738524845770	3315	donante	8.02977e-07
mvm_actual__3utr959	778b1dafc688d5c95deb738524845770	3316	aceptor	3.97564e-07
mvm_actual__3utr959	778b1dafc688d5c95deb738524845770	3316	donante	4.74464e-07
mvm_actual__3utr959	778b1dafc688d5c95deb738524845770	3317	aceptor	6.07306e-08
mvm_actual__3utr959	778b1dafc688d5c95deb738524845770	3317	donante	8.33766e-07
mvm_actual__3utr959	778b1dafc688d5c95deb738524845770	3318	aceptor	1.13652e-07
mvm_actual__3utr959	778b1dafc688d5c95deb738524845770	3318	donante	3.39184e-07
mvm_actual__3utr959	778b1dafc688d5c95deb738524845770	3319	aceptor	1.22415e-07
mvm_actual__3utr959	778b1dafc688d5c95deb738524845770	3319	donante	5.94647e-07
mvm_actual__3utr959	778b1dafc688d5c95deb738524845770	3320	aceptor	1.83007e-07
mvm_actual__3utr959	778b1dafc688d5c95deb738524845770	3320	donante	8.17811e-07
mvm_actual__3utr959	778b1dafc688d5c95deb738524845770	3321	aceptor	9.4547e-08
mvm_actual__3utr959	778b1dafc688d5c95deb738524845770	3321	donante	1.92882e-06
mvm_actual__3utr959	778b1dafc688d5c95deb738524845770	3322	aceptor	8.18886e-08
mvm_actual__3utr959	778b1dafc688d5c95deb738524845770	3322	donante	3.66819e-06
mvm_actual__3utr959	778b1dafc688d5c95deb738524845770	3323	aceptor	8.17465e-08
mvm_actual__3utr959	778b1dafc688d5c95deb738524845770	3323	donante	4.58973e-06
mvm_actual__3utr959	778b1dafc688d5c95deb738524845770	3324	aceptor	9.99114e-06
mvm_actual__3utr959	778b1dafc688d5c95deb738524845770	3324	donante	1.65705e-05
mvm_actual__3utr959	778b1dafc688d5c95deb738524845770	3325	aceptor	2.1719e-07
mvm_actual__3utr959	778b1dafc688d5c95deb738524845770	3325	donante	6.70846e-05
mvm_actual__3utr959	778b1dafc688d5c95deb738524845770	3326	aceptor	1.62063e-07
mvm_actual__3utr959	778b1dafc688d5c95deb738524845770	3326	donante	3.60341e-06
mvm_actual__3utr959	778b1dafc688d5c95deb738524845770	3327	aceptor	2.98705e-08
mvm_actual__3utr959	778b1dafc688d5c95deb738524845770	3327	donante	1.15972e-06
mvm_actual__3utr959	778b1dafc688d5c95deb738524845770	3328	aceptor	3.97983e-08
mvm_actual__3utr959	778b1dafc688d5c95deb738524845770	3328	donante	9.20568e-06
mvm_actual__3utr959	778b1dafc688d5c95deb738524845770	3329	aceptor	3.356e-08
mvm_actual__3utr959	778b1dafc688d5c95deb738524845770	3329	donante	1.91858e-06
mvm_actual__3utr959	778b1dafc688d5c95deb738524845770	3330	aceptor	2.95038e-08
mvm_actual__3utr959	778b1dafc688d5c95deb738524845770	3330	donante	2.99082e-06
mvm_actual__3utr959	778b1dafc688d5c95deb738524845770	3331	aceptor	2.94089e-06
mvm_actual__3utr959	778b1dafc688d5c95deb738524845770	3331	donante	0.000273996
mvm_actual__3utr959	778b1dafc688d5c95deb738524845770	3332	aceptor	2.06572e-08
mvm_actual__3utr959	778b1dafc688d5c95deb738524845770	3332	donante	1.95197e-05
mvm_actual__3utr959	778b1dafc688d5c95deb738524845770	3333	aceptor	3.77151e-08
mvm_actual__3utr959	778b1dafc688d5c95deb738524845770	3333	donante	1.34853e-06
mvm_actual__3utr959	778b1dafc688d5c95deb738524845770	3334	aceptor	1.28808e-07
mvm_actual__3utr959	778b1dafc688d5c95deb738524845770	3334	donante	9.80927e-06
mvm_actual__3utr959	778b1dafc688d5c95deb738524845770	3335	aceptor	8.08064e-08
mvm_actual__3utr959	778b1dafc688d5c95deb738524845770	3335	donante	3.10922e-05
mvm_actual__3utr959	778b1dafc688d5c95deb738524845770	3336	aceptor	2.84119e-07
mvm_actual__3utr959	778b1dafc688d5c95deb738524845770	3336	donante	2.03657e-05
mvm_actual__3utr959	778b1dafc688d5c95deb738524845770	3337	aceptor	1.81737e-07
mvm_actual__3utr959	778b1dafc688d5c95deb738524845770	3337	donante	2.61013e-06
mvm_actual__3utr959	778b1dafc688d5c95deb738524845770	3338	aceptor	1.80428e-07
mvm_actual__3utr959	778b1dafc688d5c95deb738524845770	3338	donante	2.11898e-05
mvm_actual__3utr959	778b1dafc688d5c95deb738524845770	3339	aceptor	1.16262e-07
mvm_actual__3utr959	778b1dafc688d5c95deb738524845770	3339	donante	3.53609e-06
mvm_actual__3utr959	778b1dafc688d5c95deb738524845770	3340	aceptor	5.40154e-07
mvm_actual__3utr959	778b1dafc688d5c95deb738524845770	3340	donante	5.15074e-06
mvm_actual__3utr959	778b1dafc688d5c95deb738524845770	3341	aceptor	5.57585e-08
mvm_actual__3utr959	778b1dafc688d5c95deb738524845770	3341	donante	2.64821e-06
mvm_actual__3utr959	778b1dafc688d5c95deb738524845770	3342	aceptor	1.82542e-07
mvm_actual__3utr959	778b1dafc688d5c95deb738524845770	3342	donante	7.54999e-05
mvm_actual__3utr959	778b1dafc688d5c95deb738524845770	3343	aceptor	1.21268e-07
mvm_actual__3utr959	778b1dafc688d5c95deb738524845770	3343	donante	2.05779e-06
mvm_actual__3utr959	778b1dafc688d5c95deb738524845770	3344	aceptor	3.77773e-08
mvm_actual__3utr959	778b1dafc688d5c95deb738524845770	3344	donante	6.07731e-06
mvm_actual__3utr959	778b1dafc688d5c95deb738524845770	3345	aceptor	4.61996e-07
mvm_actual__3utr959	778b1dafc688d5c95deb738524845770	3345	donante	3.70318e-06
mvm_actual__3utr959	778b1dafc688d5c95deb738524845770	3346	aceptor	2.31031e-07
mvm_actual__3utr959	778b1dafc688d5c95deb738524845770	3346	donante	2.25843e-05
mvm_actual__3utr959	778b1dafc688d5c95deb738524845770	3347	aceptor	7.00742e-07
mvm_actual__3utr959	778b1dafc688d5c95deb738524845770	3347	donante	4.8368e-05
mvm_actual__3utr959	778b1dafc688d5c95deb738524845770	3348	aceptor	1.98496e-08
mvm_actual__3utr959	778b1dafc688d5c95deb738524845770	3348	donante	9.59186e-05
mvm_actual__3utr959	778b1dafc688d5c95deb738524845770	3349	aceptor	9.46555e-08
mvm_actual__3utr959	778b1dafc688d5c95deb738524845770	3349	donante	3.38998e-06
mvm_actual__3utr959	778b1dafc688d5c95deb738524845770	3350	aceptor	5.06788e-07
mvm_actual__3utr959	778b1dafc688d5c95deb738524845770	3350	donante	0.000286852
mvm_actual__3utr959	778b1dafc688d5c95deb738524845770	3351	aceptor	1.56793e-07
mvm_actual__3utr959	778b1dafc688d5c95deb738524845770	3351	donante	9.84964e-06
mvm_actual__3utr959	778b1dafc688d5c95deb738524845770	3352	aceptor	4.5136e-06
mvm_actual__3utr959	778b1dafc688d5c95deb738524845770	3352	donante	0.0459029
mvm_actual__3utr959	778b1dafc688d5c95deb738524845770	3353	aceptor	2.63553e-07
mvm_actual__3utr959	778b1dafc688d5c95deb738524845770	3353	donante	9.4671e-06
mvm_actual__3utr959	778b1dafc688d5c95deb738524845770	3354	aceptor	3.26582e-07
mvm_actual__3utr959	778b1dafc688d5c95deb738524845770	3354	donante	2.31684e-06
mvm_actual__3utr959	778b1dafc688d5c95deb738524845770	3355	aceptor	4.51734e-08
mvm_actual__3utr959	778b1dafc688d5c95deb738524845770	3355	donante	4.79274e-07
mvm_actual__3utr959	778b1dafc688d5c95deb738524845770	3356	aceptor	6.21929e-08
mvm_actual__3utr959	778b1dafc688d5c95deb738524845770	3356	donante	1.37228e-06
mvm_actual__3utr959	778b1dafc688d5c95deb738524845770	3357	aceptor	7.97903e-08
mvm_actual__3utr959	778b1dafc688d5c95deb738524845770	3357	donante	2.05169e-07
mvm_actual__3utr959	778b1dafc688d5c95deb738524845770	3358	aceptor	3.00608e-08
mvm_actual__3utr959	778b1dafc688d5c95deb738524845770	3358	donante	7.52908e-07
mvm_actual__3utr959	778b1dafc688d5c95deb738524845770	3359	aceptor	1.37629e-05
mvm_actual__3utr959	778b1dafc688d5c95deb738524845770	3359	donante	1.09657e-06
mvm_actual__3utr959	778b1dafc688d5c95deb738524845770	3360	aceptor	1.9024e-08
mvm_actual__3utr959	778b1dafc688d5c95deb738524845770	3360	donante	1.06556e-07
mvm_actual__3utr959	778b1dafc688d5c95deb738524845770	3361	aceptor	7.33401e-08
mvm_actual__3utr959	778b1dafc688d5c95deb738524845770	3361	donante	2.45326e-08
mvm_actual__3utr959	778b1dafc688d5c95deb738524845770	3362	aceptor	1.17505e-07
mvm_actual__3utr959	778b1dafc688d5c95deb738524845770	3362	donante	1.43183e-07
mvm_actual__3utr959	778b1dafc688d5c95deb738524845770	3363	aceptor	4.76732e-08
mvm_actual__3utr959	778b1dafc688d5c95deb738524845770	3363	donante	5.34289e-06
mvm_actual__3utr959	778b1dafc688d5c95deb738524845770	3364	aceptor	7.80599e-08
mvm_actual__3utr959	778b1dafc688d5c95deb738524845770	3364	donante	8.32831e-08
mvm_actual__3utr959	778b1dafc688d5c95deb738524845770	3365	aceptor	1.54224e-06
mvm_actual__3utr959	778b1dafc688d5c95deb738524845770	3365	donante	2.60617e-07
mvm_actual__3utr959	778b1dafc688d5c95deb738524845770	3366	aceptor	3.2866e-08
mvm_actual__3utr959	778b1dafc688d5c95deb738524845770	3366	donante	4.9629e-08
mvm_actual__3utr959	778b1dafc688d5c95deb738524845770	3367	aceptor	9.95799e-08
mvm_actual__3utr959	778b1dafc688d5c95deb738524845770	3367	donante	6.13699e-07
mvm_actual__3utr959	778b1dafc688d5c95deb738524845770	3368	aceptor	3.47376e-08
mvm_actual__3utr959	778b1dafc688d5c95deb738524845770	3368	donante	9.02364e-08
mvm_actual__3utr959	778b1dafc688d5c95deb738524845770	3369	aceptor	5.4265e-08
mvm_actual__3utr959	778b1dafc688d5c95deb738524845770	3369	donante	1.10755e-07
mvm_actual__3utr959	778b1dafc688d5c95deb738524845770	3370	aceptor	9.57414e-08
mvm_actual__3utr959	778b1dafc688d5c95deb738524845770	3370	donante	2.35276e-08
mvm_actual__3utr959	778b1dafc688d5c95deb738524845770	3371	aceptor	8.73811e-07
mvm_actual__3utr959	778b1dafc688d5c95deb738524845770	3371	donante	2.25405e-05
mvm_actual__3utr959	778b1dafc688d5c95deb738524845770	3372	aceptor	3.70558e-07
mvm_actual__3utr959	778b1dafc688d5c95deb738524845770	3372	donante	2.01056e-08
mvm_actual__3utr959	778b1dafc688d5c95deb738524845770	3373	aceptor	3.68784e-08
mvm_actual__3utr959	778b1dafc688d5c95deb738524845770	3373	donante	4.99516e-08
mvm_actual__3utr959	778b1dafc688d5c95deb738524845770	3374	aceptor	1.50773e-07
mvm_actual__3utr959	778b1dafc688d5c95deb738524845770	3374	donante	6.00452e-08
mvm_actual__3utr959	778b1dafc688d5c95deb738524845770	3375	aceptor	9.76132e-08
mvm_actual__3utr959	778b1dafc688d5c95deb738524845770	3375	donante	2.16356e-08
mvm_actual__3utr959	778b1dafc688d5c95deb738524845770	3376	aceptor	3.66429e-07
mvm_actual__3utr959	778b1dafc688d5c95deb738524845770	3376	donante	2.92826e-06
mvm_actual__3utr959	778b1dafc688d5c95deb738524845770	3377	aceptor	2.82546e-07
mvm_actual__3utr959	778b1dafc688d5c95deb738524845770	3377	donante	8.2809e-08
mvm_actual__3utr959	778b1dafc688d5c95deb738524845770	3378	aceptor	1.65367e-07
mvm_actual__3utr959	778b1dafc688d5c95deb738524845770	3378	donante	3.26819e-08
mvm_actual__3utr959	778b1dafc688d5c95deb738524845770	3379	aceptor	8.32452e-08
mvm_actual__3utr959	778b1dafc688d5c95deb738524845770	3379	donante	4.18142e-07
mvm_actual__3utr959	778b1dafc688d5c95deb738524845770	3380	aceptor	2.039e-07
mvm_actual__3utr959	778b1dafc688d5c95deb738524845770	3380	donante	1.66829e-06
mvm_actual__3utr959	778b1dafc688d5c95deb738524845770	3381	aceptor	2.33149e-07
mvm_actual__3utr959	778b1dafc688d5c95deb738524845770	3381	donante	4.77241e-08
mvm_actual__3utr959	778b1dafc688d5c95deb738524845770	3382	aceptor	9.22962e-07
mvm_actual__3utr959	778b1dafc688d5c95deb738524845770	3382	donante	8.88866e-09
mvm_actual__3utr959	778b1dafc688d5c95deb738524845770	3383	aceptor	6.68952e-08
mvm_actual__3utr959	778b1dafc688d5c95deb738524845770	3383	donante	3.40315e-08
mvm_actual__3utr959	778b1dafc688d5c95deb738524845770	3384	aceptor	6.78387e-07
mvm_actual__3utr959	778b1dafc688d5c95deb738524845770	3384	donante	6.02749e-06
mvm_actual__3utr959	778b1dafc688d5c95deb738524845770	3385	aceptor	2.87355e-07
mvm_actual__3utr959	778b1dafc688d5c95deb738524845770	3385	donante	5.17625e-08
mvm_actual__3utr959	778b1dafc688d5c95deb738524845770	3386	aceptor	1.09603e-05
mvm_actual__3utr959	778b1dafc688d5c95deb738524845770	3386	donante	8.02108e-08
mvm_actual__3utr959	778b1dafc688d5c95deb738524845770	3387	aceptor	7.97727e-07
mvm_actual__3utr959	778b1dafc688d5c95deb738524845770	3387	donante	5.15912e-08
mvm_actual__3utr959	778b1dafc688d5c95deb738524845770	3388	aceptor	3.47833e-07
mvm_actual__3utr959	778b1dafc688d5c95deb738524845770	3388	donante	1.33608e-07
mvm_actual__3utr959	778b1dafc688d5c95deb738524845770	3389	aceptor	1.16635e-06
mvm_actual__3utr959	778b1dafc688d5c95deb738524845770	3389	donante	3.51679e-08
mvm_actual__3utr959	778b1dafc688d5c95deb738524845770	3390	aceptor	8.20836e-08
mvm_actual__3utr959	778b1dafc688d5c95deb738524845770	3390	donante	2.21189e-08
mvm_actual__3utr959	778b1dafc688d5c95deb738524845770	3391	aceptor	1.37472e-07
mvm_actual__3utr959	778b1dafc688d5c95deb738524845770	3391	donante	1.14679e-07
mvm_actual__3utr959	778b1dafc688d5c95deb738524845770	3392	aceptor	3.54802e-07
mvm_actual__3utr959	778b1dafc688d5c95deb738524845770	3392	donante	2.39305e-07
mvm_actual__3utr959	778b1dafc688d5c95deb738524845770	3393	aceptor	6.73113e-07
mvm_actual__3utr959	778b1dafc688d5c95deb738524845770	3393	donante	2.64457e-08
mvm_actual__3utr959	778b1dafc688d5c95deb738524845770	3394	aceptor	1.79895e-07
mvm_actual__3utr959	778b1dafc688d5c95deb738524845770	3394	donante	3.02088e-08
mvm_actual__3utr959	778b1dafc688d5c95deb738524845770	3395	aceptor	2.56821e-07
mvm_actual__3utr959	778b1dafc688d5c95deb738524845770	3395	donante	7.74052e-08
mvm_actual__3utr959	778b1dafc688d5c95deb738524845770	3396	aceptor	3.6774e-07
mvm_actual__3utr959	778b1dafc688d5c95deb738524845770	3396	donante	7.18525e-08
mvm_actual__3utr959	778b1dafc688d5c95deb738524845770	3397	aceptor	6.40485e-06
mvm_actual__3utr959	778b1dafc688d5c95deb738524845770	3397	donante	2.7007e-08
mvm_actual__3utr959	778b1dafc688d5c95deb738524845770	3398	aceptor	4.47567e-07
mvm_actual__3utr959	778b1dafc688d5c95deb738524845770	3398	donante	4.1482e-08
mvm_actual__3utr959	778b1dafc688d5c95deb738524845770	3399	aceptor	6.43389e-07
mvm_actual__3utr959	778b1dafc688d5c95deb738524845770	3399	donante	1.06932e-07
mvm_actual__3utr959	778b1dafc688d5c95deb738524845770	3400	aceptor	2.94951e-06
mvm_actual__3utr959	778b1dafc688d5c95deb738524845770	3400	donante	3.02151e-08
mvm_actual__3utr959	778b1dafc688d5c95deb738524845770	3401	aceptor	1.01694e-06
mvm_actual__3utr959	778b1dafc688d5c95deb738524845770	3401	donante	3.18702e-08
mvm_actual__3utr959	778b1dafc688d5c95deb738524845770	3402	aceptor	2.4737e-07
mvm_actual__3utr959	778b1dafc688d5c95deb738524845770	3402	donante	2.03381e-08
mvm_actual__3utr959	778b1dafc688d5c95deb738524845770	3403	aceptor	0.000223272
mvm_actual__3utr959	778b1dafc688d5c95deb738524845770	3403	donante	1.25591e-06
mvm_actual__3utr959	778b1dafc688d5c95deb738524845770	3404	aceptor	1.52953e-06
mvm_actual__3utr959	778b1dafc688d5c95deb738524845770	3404	donante	2.14129e-08
mvm_actual__3utr959	778b1dafc688d5c95deb738524845770	3405	aceptor	1.254e-06
mvm_actual__3utr959	778b1dafc688d5c95deb738524845770	3405	donante	6.6515e-08
mvm_actual__3utr959	778b1dafc688d5c95deb738524845770	3406	aceptor	6.11415e-05
mvm_actual__3utr959	778b1dafc688d5c95deb738524845770	3406	donante	3.0749e-07
mvm_actual__3utr959	778b1dafc688d5c95deb738524845770	3407	aceptor	3.50517e-06
mvm_actual__3utr959	778b1dafc688d5c95deb738524845770	3407	donante	2.13758e-07
mvm_actual__3utr959	778b1dafc688d5c95deb738524845770	3408	aceptor	4.75215e-06
mvm_actual__3utr959	778b1dafc688d5c95deb738524845770	3408	donante	1.19303e-07
mvm_actual__3utr959	778b1dafc688d5c95deb738524845770	3409	aceptor	1.55502e-05
mvm_actual__3utr959	778b1dafc688d5c95deb738524845770	3409	donante	1.4151e-07
mvm_actual__3utr959	778b1dafc688d5c95deb738524845770	3410	aceptor	4.20621e-06
mvm_actual__3utr959	778b1dafc688d5c95deb738524845770	3410	donante	1.63881e-07
mvm_actual__3utr959	778b1dafc688d5c95deb738524845770	3411	aceptor	4.04426e-07
mvm_actual__3utr959	778b1dafc688d5c95deb738524845770	3411	donante	5.00856e-08
mvm_actual__3utr959	778b1dafc688d5c95deb738524845770	3412	aceptor	1.52228e-06
mvm_actual__3utr959	778b1dafc688d5c95deb738524845770	3412	donante	9.20357e-08
mvm_actual__3utr959	778b1dafc688d5c95deb738524845770	3413	aceptor	2.89454e-06
mvm_actual__3utr959	778b1dafc688d5c95deb738524845770	3413	donante	7.84108e-08
mvm_actual__3utr959	778b1dafc688d5c95deb738524845770	3414	aceptor	3.38414e-07
mvm_actual__3utr959	778b1dafc688d5c95deb738524845770	3414	donante	1.87215e-07
mvm_actual__3utr959	778b1dafc688d5c95deb738524845770	3415	aceptor	1.34151e-06
mvm_actual__3utr959	778b1dafc688d5c95deb738524845770	3415	donante	3.33947e-08
mvm_actual__3utr959	778b1dafc688d5c95deb738524845770	3416	aceptor	5.39906e-06
mvm_actual__3utr959	778b1dafc688d5c95deb738524845770	3416	donante	1.70515e-07
mvm_actual__3utr959	778b1dafc688d5c95deb738524845770	3417	aceptor	1.35112e-06
mvm_actual__3utr959	778b1dafc688d5c95deb738524845770	3417	donante	2.6019e-07
mvm_actual__3utr959	778b1dafc688d5c95deb738524845770	3418	aceptor	1.45419e-06
mvm_actual__3utr959	778b1dafc688d5c95deb738524845770	3418	donante	5.30353e-08
mvm_actual__3utr959	778b1dafc688d5c95deb738524845770	3419	aceptor	3.45276e-07
mvm_actual__3utr959	778b1dafc688d5c95deb738524845770	3419	donante	6.00341e-08
mvm_actual__3utr959	778b1dafc688d5c95deb738524845770	3420	aceptor	2.87554e-06
mvm_actual__3utr959	778b1dafc688d5c95deb738524845770	3420	donante	8.50089e-08
mvm_actual__3utr959	778b1dafc688d5c95deb738524845770	3421	aceptor	6.81042e-07
mvm_actual__3utr959	778b1dafc688d5c95deb738524845770	3421	donante	4.18667e-08
mvm_actual__3utr959	778b1dafc688d5c95deb738524845770	3422	aceptor	1.84355e-06
mvm_actual__3utr959	778b1dafc688d5c95deb738524845770	3422	donante	1.48802e-07
mvm_actual__3utr959	778b1dafc688d5c95deb738524845770	3423	aceptor	4.86263e-07
mvm_actual__3utr959	778b1dafc688d5c95deb738524845770	3423	donante	5.03942e-08
mvm_actual__3utr959	778b1dafc688d5c95deb738524845770	3424	aceptor	3.53023e-07
mvm_actual__3utr959	778b1dafc688d5c95deb738524845770	3424	donante	4.2387e-08
mvm_actual__3utr959	778b1dafc688d5c95deb738524845770	3425	aceptor	5.33135e-07
mvm_actual__3utr959	778b1dafc688d5c95deb738524845770	3425	donante	7.47878e-08
mvm_actual__3utr959	778b1dafc688d5c95deb738524845770	3426	aceptor	1.28874e-06
mvm_actual__3utr959	778b1dafc688d5c95deb738524845770	3426	donante	1.77147e-07
mvm_actual__3utr959	778b1dafc688d5c95deb738524845770	3427	aceptor	1.39001e-06
mvm_actual__3utr959	778b1dafc688d5c95deb738524845770	3427	donante	2.11673e-07
mvm_actual__3utr959	778b1dafc688d5c95deb738524845770	3428	aceptor	2.0501e-07
mvm_actual__3utr959	778b1dafc688d5c95deb738524845770	3428	donante	7.78069e-08
mvm_actual__3utr959	778b1dafc688d5c95deb738524845770	3429	aceptor	5.22713e-06
mvm_actual__3utr959	778b1dafc688d5c95deb738524845770	3429	donante	0.000177488
mvm_actual__3utr959	778b1dafc688d5c95deb738524845770	3430	aceptor	0.797898
mvm_actual__3utr959	778b1dafc688d5c95deb738524845770	3430	donante	2.33166e-05
mvm_actual__3utr959	778b1dafc688d5c95deb738524845770	3431	aceptor	1.31258e-06
mvm_actual__3utr959	778b1dafc688d5c95deb738524845770	3431	donante	1.78088e-07
mvm_actual__3utr959	778b1dafc688d5c95deb738524845770	3432	aceptor	1.53301e-06
mvm_actual__3utr959	778b1dafc688d5c95deb738524845770	3432	donante	9.9014e-08
mvm_actual__3utr959	778b1dafc688d5c95deb738524845770	3433	aceptor	3.13793e-06
mvm_actual__3utr959	778b1dafc688d5c95deb738524845770	3433	donante	1.56833e-07
mvm_actual__3utr959	778b1dafc688d5c95deb738524845770	3434	aceptor	0.000101214
mvm_actual__3utr959	778b1dafc688d5c95deb738524845770	3434	donante	5.22272e-07
mvm_actual__3utr959	778b1dafc688d5c95deb738524845770	3435	aceptor	3.93808e-06
mvm_actual__3utr959	778b1dafc688d5c95deb738524845770	3435	donante	4.08192e-07
mvm_actual__3utr959	778b1dafc688d5c95deb738524845770	3436	aceptor	5.0755e-07
mvm_actual__3utr959	778b1dafc688d5c95deb738524845770	3436	donante	6.34604e-08
mvm_actual__3utr959	778b1dafc688d5c95deb738524845770	3437	aceptor	3.11289e-06
mvm_actual__3utr959	778b1dafc688d5c95deb738524845770	3437	donante	1.34943e-07
mvm_actual__3utr959	778b1dafc688d5c95deb738524845770	3438	aceptor	1.20617e-05
mvm_actual__3utr959	778b1dafc688d5c95deb738524845770	3438	donante	3.79131e-05
mvm_actual__3utr959	778b1dafc688d5c95deb738524845770	3439	aceptor	3.27127e-05
mvm_actual__3utr959	778b1dafc688d5c95deb738524845770	3439	donante	1.22146e-06
mvm_actual__3utr959	778b1dafc688d5c95deb738524845770	3440	aceptor	4.74091e-06
mvm_actual__3utr959	778b1dafc688d5c95deb738524845770	3440	donante	8.54413e-07
mvm_actual__3utr1009	746f4e2986fc85512e6db99da60cd496	429	aceptor	7.33489e-05
mvm_actual__3utr1009	746f4e2986fc85512e6db99da60cd496	429	donante	0.108817
mvm_actual__3utr1009	746f4e2986fc85512e6db99da60cd496	1131	aceptor	1.738e-05
mvm_actual__3utr1009	746f4e2986fc85512e6db99da60cd496	1131	donante	0.0606884
mvm_actual__3utr1009	746f4e2986fc85512e6db99da60cd496	1156	aceptor	4.82135e-06
mvm_actual__3utr1009	746f4e2986fc85512e6db99da60cd496	1156	donante	0.0548801
mvm_actual__3utr1009	746f4e2986fc85512e6db99da60cd496	1516	aceptor	6.50995e-05
mvm_actual__3utr1009	746f4e2986fc85512e6db99da60cd496	1516	donante	0.766413
mvm_actual__3utr1009	746f4e2986fc85512e6db99da60cd496	3120	aceptor	1.09151e-06
mvm_actual__3utr1009	746f4e2986fc85512e6db99da60cd496	3120	donante	9.40361e-07
mvm_actual__3utr1009	746f4e2986fc85512e6db99da60cd496	3121	aceptor	1.07439e-07
mvm_actual__3utr1009	746f4e2986fc85512e6db99da60cd496	3121	donante	1.68668e-06
mvm_actual__3utr1009	746f4e2986fc85512e6db99da60cd496	3122	aceptor	7.85273e-06
mvm_actual__3utr1009	746f4e2986fc85512e6db99da60cd496	3122	donante	4.15699e-06
mvm_actual__3utr1009	746f4e2986fc85512e6db99da60cd496	3123	aceptor	1.48836e-07
mvm_actual__3utr1009	746f4e2986fc85512e6db99da60cd496	3123	donante	1.28824e-06
mvm_actual__3utr1009	746f4e2986fc85512e6db99da60cd496	3124	aceptor	4.55296e-07
mvm_actual__3utr1009	746f4e2986fc85512e6db99da60cd496	3124	donante	2.78442e-05
mvm_actual__3utr1009	746f4e2986fc85512e6db99da60cd496	3125	aceptor	8.55013e-07
mvm_actual__3utr1009	746f4e2986fc85512e6db99da60cd496	3125	donante	9.07962e-07
mvm_actual__3utr1009	746f4e2986fc85512e6db99da60cd496	3126	aceptor	1.71504e-05
mvm_actual__3utr1009	746f4e2986fc85512e6db99da60cd496	3126	donante	0.0159553
mvm_actual__3utr1009	746f4e2986fc85512e6db99da60cd496	3127	aceptor	2.19672e-07
mvm_actual__3utr1009	746f4e2986fc85512e6db99da60cd496	3127	donante	7.35465e-07
mvm_actual__3utr1009	746f4e2986fc85512e6db99da60cd496	3128	aceptor	2.11837e-07
mvm_actual__3utr1009	746f4e2986fc85512e6db99da60cd496	3128	donante	2.56588e-07
mvm_actual__3utr1009	746f4e2986fc85512e6db99da60cd496	3129	aceptor	1.89141e-07
mvm_actual__3utr1009	746f4e2986fc85512e6db99da60cd496	3129	donante	5.12037e-07
mvm_actual__3utr1009	746f4e2986fc85512e6db99da60cd496	3130	aceptor	6.32114e-07
mvm_actual__3utr1009	746f4e2986fc85512e6db99da60cd496	3130	donante	3.86305e-06
mvm_actual__3utr1009	746f4e2986fc85512e6db99da60cd496	3131	aceptor	2.41855e-07
mvm_actual__3utr1009	746f4e2986fc85512e6db99da60cd496	3131	donante	7.59003e-07
mvm_actual__3utr1009	746f4e2986fc85512e6db99da60cd496	3132	aceptor	1.51779e-06
mvm_actual__3utr1009	746f4e2986fc85512e6db99da60cd496	3132	donante	7.63476e-07
mvm_actual__3utr1009	746f4e2986fc85512e6db99da60cd496	3133	aceptor	5.13291e-05
mvm_actual__3utr1009	746f4e2986fc85512e6db99da60cd496	3133	donante	0.801133
mvm_actual__3utr1009	746f4e2986fc85512e6db99da60cd496	3134	aceptor	4.53117e-07
mvm_actual__3utr1009	746f4e2986fc85512e6db99da60cd496	3134	donante	2.42002e-07
mvm_actual__3utr1009	746f4e2986fc85512e6db99da60cd496	3135	aceptor	3.49094e-08
mvm_actual__3utr1009	746f4e2986fc85512e6db99da60cd496	3135	donante	1.52451e-06
mvm_actual__3utr1009	746f4e2986fc85512e6db99da60cd496	3136	aceptor	3.38276e-08
mvm_actual__3utr1009	746f4e2986fc85512e6db99da60cd496	3136	donante	1.36829e-06
mvm_actual__3utr1009	746f4e2986fc85512e6db99da60cd496	3137	aceptor	6.02013e-08
mvm_actual__3utr1009	746f4e2986fc85512e6db99da60cd496	3137	donante	1.41364e-06
mvm_actual__3utr1009	746f4e2986fc85512e6db99da60cd496	3138	aceptor	1.28847e-07
mvm_actual__3utr1009	746f4e2986fc85512e6db99da60cd496	3138	donante	9.12232e-07
mvm_actual__3utr1009	746f4e2986fc85512e6db99da60cd496	3139	aceptor	2.37483e-06
mvm_actual__3utr1009	746f4e2986fc85512e6db99da60cd496	3139	donante	4.16578e-05
mvm_actual__3utr1009	746f4e2986fc85512e6db99da60cd496	3140	aceptor	1.44007e-07
mvm_actual__3utr1009	746f4e2986fc85512e6db99da60cd496	3140	donante	3.08755e-07
mvm_actual__3utr1009	746f4e2986fc85512e6db99da60cd496	3141	aceptor	4.57537e-08
mvm_actual__3utr1009	746f4e2986fc85512e6db99da60cd496	3141	donante	4.61194e-07
mvm_actual__3utr1009	746f4e2986fc85512e6db99da60cd496	3142	aceptor	1.80028e-08
mvm_actual__3utr1009	746f4e2986fc85512e6db99da60cd496	3142	donante	1.23814e-07
mvm_actual__3utr1009	746f4e2986fc85512e6db99da60cd496	3143	aceptor	2.99241e-08
mvm_actual__3utr1009	746f4e2986fc85512e6db99da60cd496	3143	donante	1.21299e-07
mvm_actual__3utr1009	746f4e2986fc85512e6db99da60cd496	3144	aceptor	2.70831e-09
mvm_actual__3utr1009	746f4e2986fc85512e6db99da60cd496	3144	donante	6.39407e-08
mvm_actual__3utr1009	746f4e2986fc85512e6db99da60cd496	3145	aceptor	9.18287e-09
mvm_actual__3utr1009	746f4e2986fc85512e6db99da60cd496	3145	donante	8.64337e-08
mvm_actual__3utr1009	746f4e2986fc85512e6db99da60cd496	3146	aceptor	2.9596e-08
mvm_actual__3utr1009	746f4e2986fc85512e6db99da60cd496	3146	donante	9.70291e-07
mvm_actual__3utr1009	746f4e2986fc85512e6db99da60cd496	3147	aceptor	1.70221e-06
mvm_actual__3utr1009	746f4e2986fc85512e6db99da60cd496	3147	donante	2.26077e-07
mvm_actual__3utr1009	746f4e2986fc85512e6db99da60cd496	3148	aceptor	5.30957e-08
mvm_actual__3utr1009	746f4e2986fc85512e6db99da60cd496	3148	donante	1.87656e-07
mvm_actual__3utr1009	746f4e2986fc85512e6db99da60cd496	3149	aceptor	1.14584e-08
mvm_actual__3utr1009	746f4e2986fc85512e6db99da60cd496	3149	donante	2.9776e-08
mvm_actual__3utr1009	746f4e2986fc85512e6db99da60cd496	3150	aceptor	3.48596e-08
mvm_actual__3utr1009	746f4e2986fc85512e6db99da60cd496	3150	donante	2.10818e-08
mvm_actual__3utr1009	746f4e2986fc85512e6db99da60cd496	3151	aceptor	5.19513e-08
mvm_actual__3utr1009	746f4e2986fc85512e6db99da60cd496	3151	donante	5.75168e-07
mvm_actual__3utr1009	746f4e2986fc85512e6db99da60cd496	3152	aceptor	3.69478e-08
mvm_actual__3utr1009	746f4e2986fc85512e6db99da60cd496	3152	donante	3.59543e-08
mvm_actual__3utr1009	746f4e2986fc85512e6db99da60cd496	3153	aceptor	4.32868e-08
mvm_actual__3utr1009	746f4e2986fc85512e6db99da60cd496	3153	donante	1.4546e-08
mvm_actual__3utr1009	746f4e2986fc85512e6db99da60cd496	3154	aceptor	1.1298e-08
mvm_actual__3utr1009	746f4e2986fc85512e6db99da60cd496	3154	donante	3.53193e-09
mvm_actual__3utr1009	746f4e2986fc85512e6db99da60cd496	3155	aceptor	5.86472e-08
mvm_actual__3utr1009	746f4e2986fc85512e6db99da60cd496	3155	donante	6.86863e-07
mvm_actual__3utr1009	746f4e2986fc85512e6db99da60cd496	3156	aceptor	1.27274e-07
mvm_actual__3utr1009	746f4e2986fc85512e6db99da60cd496	3156	donante	1.56768e-08
mvm_actual__3utr1009	746f4e2986fc85512e6db99da60cd496	3157	aceptor	1.79467e-08
mvm_actual__3utr1009	746f4e2986fc85512e6db99da60cd496	3157	donante	1.1261e-08
mvm_actual__3utr1009	746f4e2986fc85512e6db99da60cd496	3158	aceptor	9.15898e-09
mvm_actual__3utr1009	746f4e2986fc85512e6db99da60cd496	3158	donante	2.1421e-09
mvm_actual__3utr1009	746f4e2986fc85512e6db99da60cd496	3159	aceptor	2.41149e-08
mvm_actual__3utr1009	746f4e2986fc85512e6db99da60cd496	3159	donante	1.17675e-06
mvm_actual__3utr1009	746f4e2986fc85512e6db99da60cd496	3160	aceptor	4.95436e-08
mvm_actual__3utr1009	746f4e2986fc85512e6db99da60cd496	3160	donante	4.87346e-08
mvm_actual__3utr1009	746f4e2986fc85512e6db99da60cd496	3161	aceptor	2.38684e-08
mvm_actual__3utr1009	746f4e2986fc85512e6db99da60cd496	3161	donante	6.17813e-08
mvm_actual__3utr1009	746f4e2986fc85512e6db99da60cd496	3162	aceptor	7.04339e-09
mvm_actual__3utr1009	746f4e2986fc85512e6db99da60cd496	3162	donante	6.08513e-09
mvm_actual__3utr1009	746f4e2986fc85512e6db99da60cd496	3163	aceptor	3.01472e-08
mvm_actual__3utr1009	746f4e2986fc85512e6db99da60cd496	3163	donante	1.64127e-08
mvm_actual__3utr1009	746f4e2986fc85512e6db99da60cd496	3164	aceptor	5.16415e-08
mvm_actual__3utr1009	746f4e2986fc85512e6db99da60cd496	3164	donante	2.93447e-07
mvm_actual__3utr1009	746f4e2986fc85512e6db99da60cd496	3165	aceptor	3.54015e-08
mvm_actual__3utr1009	746f4e2986fc85512e6db99da60cd496	3165	donante	2.16537e-08
mvm_actual__3utr1009	746f4e2986fc85512e6db99da60cd496	3166	aceptor	9.03452e-09
mvm_actual__3utr1009	746f4e2986fc85512e6db99da60cd496	3166	donante	9.01331e-09
mvm_actual__3utr1009	746f4e2986fc85512e6db99da60cd496	3167	aceptor	8.12657e-09
mvm_actual__3utr1009	746f4e2986fc85512e6db99da60cd496	3167	donante	2.62656e-08
mvm_actual__3utr1009	746f4e2986fc85512e6db99da60cd496	3168	aceptor	1.3767e-08
mvm_actual__3utr1009	746f4e2986fc85512e6db99da60cd496	3168	donante	1.30704e-08
mvm_actual__3utr1009	746f4e2986fc85512e6db99da60cd496	3169	aceptor	5.02483e-08
mvm_actual__3utr1009	746f4e2986fc85512e6db99da60cd496	3169	donante	1.4597e-07
mvm_actual__3utr1009	746f4e2986fc85512e6db99da60cd496	3170	aceptor	1.51349e-08
mvm_actual__3utr1009	746f4e2986fc85512e6db99da60cd496	3170	donante	3.32276e-08
mvm_actual__3utr1009	746f4e2986fc85512e6db99da60cd496	3171	aceptor	1.35595e-08
mvm_actual__3utr1009	746f4e2986fc85512e6db99da60cd496	3171	donante	1.2865e-08
mvm_actual__3utr1009	746f4e2986fc85512e6db99da60cd496	3172	aceptor	3.14908e-08
mvm_actual__3utr1009	746f4e2986fc85512e6db99da60cd496	3172	donante	1.31255e-06
mvm_actual__3utr1009	746f4e2986fc85512e6db99da60cd496	3173	aceptor	2.94532e-08
mvm_actual__3utr1009	746f4e2986fc85512e6db99da60cd496	3173	donante	1.03606e-08
mvm_actual__3utr1009	746f4e2986fc85512e6db99da60cd496	3174	aceptor	3.37345e-08
mvm_actual__3utr1009	746f4e2986fc85512e6db99da60cd496	3174	donante	1.18593e-08
mvm_actual__3utr1009	746f4e2986fc85512e6db99da60cd496	3175	aceptor	7.90721e-09
mvm_actual__3utr1009	746f4e2986fc85512e6db99da60cd496	3175	donante	2.27734e-08
mvm_actual__3utr1009	746f4e2986fc85512e6db99da60cd496	3176	aceptor	3.71338e-08
mvm_actual__3utr1009	746f4e2986fc85512e6db99da60cd496	3176	donante	8.90393e-09
mvm_actual__3utr1009	746f4e2986fc85512e6db99da60cd496	3177	aceptor	3.60141e-07
mvm_actual__3utr1009	746f4e2986fc85512e6db99da60cd496	3177	donante	1.38527e-08
mvm_actual__3utr1009	746f4e2986fc85512e6db99da60cd496	3178	aceptor	1.0619e-08
mvm_actual__3utr1009	746f4e2986fc85512e6db99da60cd496	3178	donante	2.4661e-08
mvm_actual__3utr1009	746f4e2986fc85512e6db99da60cd496	3179	aceptor	2.14997e-07
mvm_actual__3utr1009	746f4e2986fc85512e6db99da60cd496	3179	donante	1.2102e-08
mvm_actual__3utr1009	746f4e2986fc85512e6db99da60cd496	3180	aceptor	6.19596e-07
mvm_actual__3utr1009	746f4e2986fc85512e6db99da60cd496	3180	donante	3.73951e-08
mvm_actual__3utr1009	746f4e2986fc85512e6db99da60cd496	3181	aceptor	2.58678e-07
mvm_actual__3utr1009	746f4e2986fc85512e6db99da60cd496	3181	donante	3.32477e-08
mvm_actual__3utr1009	746f4e2986fc85512e6db99da60cd496	3182	aceptor	9.52499e-08
mvm_actual__3utr1009	746f4e2986fc85512e6db99da60cd496	3182	donante	7.4078e-09
mvm_actual__3utr1009	746f4e2986fc85512e6db99da60cd496	3183	aceptor	1.07804e-07
mvm_actual__3utr1009	746f4e2986fc85512e6db99da60cd496	3183	donante	5.48431e-09
mvm_actual__3utr1009	746f4e2986fc85512e6db99da60cd496	3184	aceptor	3.70271e-07
mvm_actual__3utr1009	746f4e2986fc85512e6db99da60cd496	3184	donante	3.59096e-08
mvm_actual__3utr1009	746f4e2986fc85512e6db99da60cd496	3185	aceptor	1.73695e-07
mvm_actual__3utr1009	746f4e2986fc85512e6db99da60cd496	3185	donante	1.06856e-08
mvm_actual__3utr1009	746f4e2986fc85512e6db99da60cd496	3186	aceptor	9.35733e-08
mvm_actual__3utr1009	746f4e2986fc85512e6db99da60cd496	3186	donante	3.13669e-08
mvm_actual__3utr1009	746f4e2986fc85512e6db99da60cd496	3187	aceptor	4.29885e-07
mvm_actual__3utr1009	746f4e2986fc85512e6db99da60cd496	3187	donante	5.12192e-08
mvm_actual__3utr1009	746f4e2986fc85512e6db99da60cd496	3188	aceptor	1.34093e-07
mvm_actual__3utr1009	746f4e2986fc85512e6db99da60cd496	3188	donante	7.999e-09
mvm_actual__3utr1009	746f4e2986fc85512e6db99da60cd496	3189	aceptor	2.78776e-07
mvm_actual__3utr1009	746f4e2986fc85512e6db99da60cd496	3189	donante	3.98151e-08
mvm_actual__3utr1009	746f4e2986fc85512e6db99da60cd496	3190	aceptor	3.97075e-08
mvm_actual__3utr1009	746f4e2986fc85512e6db99da60cd496	3190	donante	5.13782e-08
mvm_actual__3utr1009	746f4e2986fc85512e6db99da60cd496	3191	aceptor	3.6879e-08
mvm_actual__3utr1009	746f4e2986fc85512e6db99da60cd496	3191	donante	3.66919e-08
mvm_actual__3utr1009	746f4e2986fc85512e6db99da60cd496	3192	aceptor	1.58075e-07
mvm_actual__3utr1009	746f4e2986fc85512e6db99da60cd496	3192	donante	1.46707e-07
mvm_actual__3utr1009	746f4e2986fc85512e6db99da60cd496	3193	aceptor	1.22773e-05
mvm_actual__3utr1009	746f4e2986fc85512e6db99da60cd496	3193	donante	3.3376e-06
mvm_actual__3utr1009	746f4e2986fc85512e6db99da60cd496	3194	aceptor	1.55522e-08
mvm_actual__3utr1009	746f4e2986fc85512e6db99da60cd496	3194	donante	2.00571e-07
mvm_actual__3utr1009	746f4e2986fc85512e6db99da60cd496	3195	aceptor	2.16053e-06
mvm_actual__3utr1009	746f4e2986fc85512e6db99da60cd496	3195	donante	1.80665e-07
mvm_actual__3utr1009	746f4e2986fc85512e6db99da60cd496	3196	aceptor	2.00341e-08
mvm_actual__3utr1009	746f4e2986fc85512e6db99da60cd496	3196	donante	3.01851e-07
mvm_actual__3utr1009	746f4e2986fc85512e6db99da60cd496	3197	aceptor	8.74054e-09
mvm_actual__3utr1009	746f4e2986fc85512e6db99da60cd496	3197	donante	5.7383e-07
mvm_actual__3utr1009	746f4e2986fc85512e6db99da60cd496	3198	aceptor	1.46374e-08
mvm_actual__3utr1009	746f4e2986fc85512e6db99da60cd496	3198	donante	2.94307e-08
mvm_actual__3utr1009	746f4e2986fc85512e6db99da60cd496	3199	aceptor	2.40367e-06
mvm_actual__3utr1009	746f4e2986fc85512e6db99da60cd496	3199	donante	1.2132e-06
mvm_actual__3utr1009	746f4e2986fc85512e6db99da60cd496	3200	aceptor	2.48922e-08
mvm_actual__3utr1009	746f4e2986fc85512e6db99da60cd496	3200	donante	2.70253e-07
mvm_actual__3utr1009	746f4e2986fc85512e6db99da60cd496	3201	aceptor	2.50942e-08
mvm_actual__3utr1009	746f4e2986fc85512e6db99da60cd496	3201	donante	9.044e-07
mvm_actual__3utr1009	746f4e2986fc85512e6db99da60cd496	3202	aceptor	1.29474e-08
mvm_actual__3utr1009	746f4e2986fc85512e6db99da60cd496	3202	donante	4.68859e-07
mvm_actual__3utr1009	746f4e2986fc85512e6db99da60cd496	3203	aceptor	2.81672e-07
mvm_actual__3utr1009	746f4e2986fc85512e6db99da60cd496	3203	donante	1.90769e-06
mvm_actual__3utr1009	746f4e2986fc85512e6db99da60cd496	3204	aceptor	2.96569e-06
mvm_actual__3utr1009	746f4e2986fc85512e6db99da60cd496	3204	donante	4.02582e-07
mvm_actual__3utr1009	746f4e2986fc85512e6db99da60cd496	3205	aceptor	4.62582e-08
mvm_actual__3utr1009	746f4e2986fc85512e6db99da60cd496	3205	donante	3.94716e-07
mvm_actual__3utr1009	746f4e2986fc85512e6db99da60cd496	3206	aceptor	1.0567e-07
mvm_actual__3utr1009	746f4e2986fc85512e6db99da60cd496	3206	donante	2.96836e-08
mvm_actual__3utr1009	746f4e2986fc85512e6db99da60cd496	3207	aceptor	2.75736e-08
mvm_actual__3utr1009	746f4e2986fc85512e6db99da60cd496	3207	donante	2.08088e-07
mvm_actual__3utr1009	746f4e2986fc85512e6db99da60cd496	3208	aceptor	2.48877e-08
mvm_actual__3utr1009	746f4e2986fc85512e6db99da60cd496	3208	donante	4.39582e-08
mvm_actual__3utr1009	746f4e2986fc85512e6db99da60cd496	3209	aceptor	2.99085e-07
mvm_actual__3utr1009	746f4e2986fc85512e6db99da60cd496	3209	donante	2.77565e-07
mvm_actual__3utr1009	746f4e2986fc85512e6db99da60cd496	3210	aceptor	8.90106e-08
mvm_actual__3utr1009	746f4e2986fc85512e6db99da60cd496	3210	donante	3.05765e-07
mvm_actual__3utr1009	746f4e2986fc85512e6db99da60cd496	3211	aceptor	1.55177e-06
mvm_actual__3utr1009	746f4e2986fc85512e6db99da60cd496	3211	donante	2.39876e-07
mvm_actual__3utr1009	746f4e2986fc85512e6db99da60cd496	3212	aceptor	2.85198e-06
mvm_actual__3utr1009	746f4e2986fc85512e6db99da60cd496	3212	donante	1.7344e-06
mvm_actual__3utr1009	746f4e2986fc85512e6db99da60cd496	3213	aceptor	1.60226e-05
mvm_actual__3utr1009	746f4e2986fc85512e6db99da60cd496	3213	donante	0.00664709
mvm_actual__3utr1009	746f4e2986fc85512e6db99da60cd496	3214	aceptor	6.16424e-06
mvm_actual__3utr1009	746f4e2986fc85512e6db99da60cd496	3214	donante	6.11192e-07
mvm_actual__3utr1009	746f4e2986fc85512e6db99da60cd496	3215	aceptor	8.73167e-07
mvm_actual__3utr1009	746f4e2986fc85512e6db99da60cd496	3215	donante	2.78789e-06
mvm_actual__3utr1009	746f4e2986fc85512e6db99da60cd496	3216	aceptor	3.42247e-07
mvm_actual__3utr1009	746f4e2986fc85512e6db99da60cd496	3216	donante	3.61472e-07
mvm_actual__3utr1009	746f4e2986fc85512e6db99da60cd496	3217	aceptor	1.26882e-07
mvm_actual__3utr1009	746f4e2986fc85512e6db99da60cd496	3217	donante	6.92637e-07
mvm_actual__3utr1009	746f4e2986fc85512e6db99da60cd496	3218	aceptor	5.39516e-07
mvm_actual__3utr1009	746f4e2986fc85512e6db99da60cd496	3218	donante	9.12744e-08
mvm_actual__3utr1009	746f4e2986fc85512e6db99da60cd496	3219	aceptor	2.54136e-07
mvm_actual__3utr1009	746f4e2986fc85512e6db99da60cd496	3219	donante	1.37443e-07
mvm_actual__3utr1009	746f4e2986fc85512e6db99da60cd496	3220	aceptor	1.87709e-07
mvm_actual__3utr1009	746f4e2986fc85512e6db99da60cd496	3220	donante	1.58107e-07
mvm_actual__3utr1009	746f4e2986fc85512e6db99da60cd496	3221	aceptor	6.81116e-07
mvm_actual__3utr1009	746f4e2986fc85512e6db99da60cd496	3221	donante	3.55815e-07
mvm_actual__3utr1009	746f4e2986fc85512e6db99da60cd496	3222	aceptor	1.64651e-06
mvm_actual__3utr1009	746f4e2986fc85512e6db99da60cd496	3222	donante	2.75453e-07
mvm_actual__3utr1009	746f4e2986fc85512e6db99da60cd496	3223	aceptor	1.12161e-06
mvm_actual__3utr1009	746f4e2986fc85512e6db99da60cd496	3223	donante	1.52383e-06
mvm_actual__3utr1009	746f4e2986fc85512e6db99da60cd496	3224	aceptor	1.67425e-07
mvm_actual__3utr1009	746f4e2986fc85512e6db99da60cd496	3224	donante	2.97667e-07
mvm_actual__3utr1009	746f4e2986fc85512e6db99da60cd496	3225	aceptor	5.58661e-07
mvm_actual__3utr1009	746f4e2986fc85512e6db99da60cd496	3225	donante	3.41236e-07
mvm_actual__3utr1009	746f4e2986fc85512e6db99da60cd496	3226	aceptor	1.01143e-07
mvm_actual__3utr1009	746f4e2986fc85512e6db99da60cd496	3226	donante	1.47918e-07
mvm_actual__3utr1009	746f4e2986fc85512e6db99da60cd496	3227	aceptor	9.47165e-08
mvm_actual__3utr1009	746f4e2986fc85512e6db99da60cd496	3227	donante	1.58413e-07
mvm_actual__3utr1009	746f4e2986fc85512e6db99da60cd496	3228	aceptor	1.99784e-07
mvm_actual__3utr1009	746f4e2986fc85512e6db99da60cd496	3228	donante	1.18691e-07
mvm_actual__3utr1009	746f4e2986fc85512e6db99da60cd496	3229	aceptor	1.37079e-07
mvm_actual__3utr1009	746f4e2986fc85512e6db99da60cd496	3229	donante	4.33867e-07
mvm_actual__3utr1009	746f4e2986fc85512e6db99da60cd496	3230	aceptor	3.76303e-06
mvm_actual__3utr1009	746f4e2986fc85512e6db99da60cd496	3230	donante	8.44706e-05
mvm_actual__3utr1009	746f4e2986fc85512e6db99da60cd496	3231	aceptor	2.11916e-07
mvm_actual__3utr1009	746f4e2986fc85512e6db99da60cd496	3231	donante	2.07837e-07
mvm_actual__3utr1009	746f4e2986fc85512e6db99da60cd496	3232	aceptor	6.15827e-05
mvm_actual__3utr1009	746f4e2986fc85512e6db99da60cd496	3232	donante	4.24521e-06
mvm_actual__3utr1009	746f4e2986fc85512e6db99da60cd496	3233	aceptor	3.54476e-07
mvm_actual__3utr1009	746f4e2986fc85512e6db99da60cd496	3233	donante	6.84013e-08
mvm_actual__3utr1009	746f4e2986fc85512e6db99da60cd496	3234	aceptor	1.37436e-07
mvm_actual__3utr1009	746f4e2986fc85512e6db99da60cd496	3234	donante	8.41082e-07
mvm_actual__3utr1009	746f4e2986fc85512e6db99da60cd496	3235	aceptor	1.25004e-07
mvm_actual__3utr1009	746f4e2986fc85512e6db99da60cd496	3235	donante	4.69516e-08
mvm_actual__3utr1009	746f4e2986fc85512e6db99da60cd496	3236	aceptor	1.80787e-06
mvm_actual__3utr1009	746f4e2986fc85512e6db99da60cd496	3236	donante	1.2597e-07
mvm_actual__3utr1009	746f4e2986fc85512e6db99da60cd496	3237	aceptor	1.83456e-07
mvm_actual__3utr1009	746f4e2986fc85512e6db99da60cd496	3237	donante	8.90353e-07
mvm_actual__3utr1009	746f4e2986fc85512e6db99da60cd496	3238	aceptor	1.96197e-07
mvm_actual__3utr1009	746f4e2986fc85512e6db99da60cd496	3238	donante	6.78728e-08
mvm_actual__3utr1009	746f4e2986fc85512e6db99da60cd496	3239	aceptor	5.49971e-07
mvm_actual__3utr1009	746f4e2986fc85512e6db99da60cd496	3239	donante	1.96578e-07
mvm_actual__3utr1009	746f4e2986fc85512e6db99da60cd496	3240	aceptor	8.80456e-08
mvm_actual__3utr1009	746f4e2986fc85512e6db99da60cd496	3240	donante	6.65201e-08
mvm_actual__3utr1009	746f4e2986fc85512e6db99da60cd496	3241	aceptor	7.54251e-08
mvm_actual__3utr1009	746f4e2986fc85512e6db99da60cd496	3241	donante	4.63828e-07
mvm_actual__3utr1009	746f4e2986fc85512e6db99da60cd496	3242	aceptor	6.66222e-07
mvm_actual__3utr1009	746f4e2986fc85512e6db99da60cd496	3242	donante	1.6234e-07
mvm_actual__3utr1009	746f4e2986fc85512e6db99da60cd496	3243	aceptor	3.7139e-07
mvm_actual__3utr1009	746f4e2986fc85512e6db99da60cd496	3243	donante	1.60377e-05
mvm_actual__3utr1009	746f4e2986fc85512e6db99da60cd496	3244	aceptor	1.34107e-07
mvm_actual__3utr1009	746f4e2986fc85512e6db99da60cd496	3244	donante	1.434e-07
mvm_actual__3utr1009	746f4e2986fc85512e6db99da60cd496	3245	aceptor	5.46632e-07
mvm_actual__3utr1009	746f4e2986fc85512e6db99da60cd496	3245	donante	3.23887e-07
mvm_actual__3utr1009	746f4e2986fc85512e6db99da60cd496	3246	aceptor	1.79786e-07
mvm_actual__3utr1009	746f4e2986fc85512e6db99da60cd496	3246	donante	1.72036e-06
mvm_actual__3utr1009	746f4e2986fc85512e6db99da60cd496	3247	aceptor	3.31249e-07
mvm_actual__3utr1009	746f4e2986fc85512e6db99da60cd496	3247	donante	5.30761e-07
mvm_actual__3utr1009	746f4e2986fc85512e6db99da60cd496	3248	aceptor	0.000264287
mvm_actual__3utr1009	746f4e2986fc85512e6db99da60cd496	3248	donante	1.29319e-06
mvm_actual__3utr1009	746f4e2986fc85512e6db99da60cd496	3249	aceptor	1.78231e-07
mvm_actual__3utr1009	746f4e2986fc85512e6db99da60cd496	3249	donante	2.9693e-07
mvm_actual__3utr1009	746f4e2986fc85512e6db99da60cd496	3250	aceptor	1.25634e-07
mvm_actual__3utr1009	746f4e2986fc85512e6db99da60cd496	3250	donante	4.0171e-07
mvm_actual__3utr1009	746f4e2986fc85512e6db99da60cd496	3251	aceptor	2.27671e-07
mvm_actual__3utr1009	746f4e2986fc85512e6db99da60cd496	3251	donante	3.64615e-07
mvm_actual__3utr1009	746f4e2986fc85512e6db99da60cd496	3252	aceptor	5.73915e-07
mvm_actual__3utr1009	746f4e2986fc85512e6db99da60cd496	3252	donante	1.27001e-06
mvm_actual__3utr1009	746f4e2986fc85512e6db99da60cd496	3253	aceptor	5.97497e-07
mvm_actual__3utr1009	746f4e2986fc85512e6db99da60cd496	3253	donante	2.16331e-07
mvm_actual__3utr1009	746f4e2986fc85512e6db99da60cd496	3254	aceptor	2.04034e-07
mvm_actual__3utr1009	746f4e2986fc85512e6db99da60cd496	3254	donante	2.88094e-07
mvm_actual__3utr1009	746f4e2986fc85512e6db99da60cd496	3255	aceptor	8.45796e-07
mvm_actual__3utr1009	746f4e2986fc85512e6db99da60cd496	3255	donante	4.93291e-07
mvm_actual__3utr1009	746f4e2986fc85512e6db99da60cd496	3256	aceptor	1.62931e-07
mvm_actual__3utr1009	746f4e2986fc85512e6db99da60cd496	3256	donante	3.85507e-06
mvm_actual__3utr1009	746f4e2986fc85512e6db99da60cd496	3257	aceptor	1.90917e-06
mvm_actual__3utr1009	746f4e2986fc85512e6db99da60cd496	3257	donante	4.25846e-07
mvm_actual__3utr1009	746f4e2986fc85512e6db99da60cd496	3258	aceptor	1.10379e-07
mvm_actual__3utr1009	746f4e2986fc85512e6db99da60cd496	3258	donante	2.94893e-07
mvm_actual__3utr1009	746f4e2986fc85512e6db99da60cd496	3259	aceptor	1.1939e-06
mvm_actual__3utr1009	746f4e2986fc85512e6db99da60cd496	3259	donante	9.83975e-08
mvm_actual__3utr1009	746f4e2986fc85512e6db99da60cd496	3260	aceptor	1.92381e-07
mvm_actual__3utr1009	746f4e2986fc85512e6db99da60cd496	3260	donante	1.82846e-07
mvm_actual__3utr1009	746f4e2986fc85512e6db99da60cd496	3261	aceptor	3.35629e-06
mvm_actual__3utr1009	746f4e2986fc85512e6db99da60cd496	3261	donante	6.97048e-06
mvm_actual__3utr1009	746f4e2986fc85512e6db99da60cd496	3262	aceptor	3.44954e-07
mvm_actual__3utr1009	746f4e2986fc85512e6db99da60cd496	3262	donante	9.23111e-08
mvm_actual__3utr1009	746f4e2986fc85512e6db99da60cd496	3263	aceptor	0.000658393
mvm_actual__3utr1009	746f4e2986fc85512e6db99da60cd496	3263	donante	1.5e-06
mvm_actual__3utr1009	746f4e2986fc85512e6db99da60cd496	3264	aceptor	3.74688e-07
mvm_actual__3utr1009	746f4e2986fc85512e6db99da60cd496	3264	donante	2.27018e-07
mvm_actual__3utr1009	746f4e2986fc85512e6db99da60cd496	3265	aceptor	2.02605e-06
mvm_actual__3utr1009	746f4e2986fc85512e6db99da60cd496	3265	donante	5.82782e-07
mvm_actual__3utr1009	746f4e2986fc85512e6db99da60cd496	3266	aceptor	4.84026e-08
mvm_actual__3utr1009	746f4e2986fc85512e6db99da60cd496	3266	donante	2.54364e-07
mvm_actual__3utr1009	746f4e2986fc85512e6db99da60cd496	3267	aceptor	5.36923e-07
mvm_actual__3utr1009	746f4e2986fc85512e6db99da60cd496	3267	donante	4.47946e-07
mvm_actual__3utr1009	746f4e2986fc85512e6db99da60cd496	3268	aceptor	3.96761e-05
mvm_actual__3utr1009	746f4e2986fc85512e6db99da60cd496	3268	donante	2.76453e-06
mvm_actual__3utr1009	746f4e2986fc85512e6db99da60cd496	3269	aceptor	1.08634e-07
mvm_actual__3utr1009	746f4e2986fc85512e6db99da60cd496	3269	donante	5.99044e-07
mvm_actual__3utr1009	746f4e2986fc85512e6db99da60cd496	3270	aceptor	5.44932e-08
mvm_actual__3utr1009	746f4e2986fc85512e6db99da60cd496	3270	donante	1.33856e-07
mvm_actual__3utr1009	746f4e2986fc85512e6db99da60cd496	3271	aceptor	4.54073e-07
mvm_actual__3utr1009	746f4e2986fc85512e6db99da60cd496	3271	donante	1.18859e-07
mvm_actual__3utr1009	746f4e2986fc85512e6db99da60cd496	3272	aceptor	6.13232e-07
mvm_actual__3utr1009	746f4e2986fc85512e6db99da60cd496	3272	donante	4.56494e-07
mvm_actual__3utr1009	746f4e2986fc85512e6db99da60cd496	3273	aceptor	6.80154e-08
mvm_actual__3utr1009	746f4e2986fc85512e6db99da60cd496	3273	donante	3.87659e-07
mvm_actual__3utr1009	746f4e2986fc85512e6db99da60cd496	3274	aceptor	1.34514e-05
mvm_actual__3utr1009	746f4e2986fc85512e6db99da60cd496	3274	donante	1.48421e-07
mvm_actual__3utr1009	746f4e2986fc85512e6db99da60cd496	3275	aceptor	2.36211e-07
mvm_actual__3utr1009	746f4e2986fc85512e6db99da60cd496	3275	donante	2.77892e-05
mvm_actual__3utr1009	746f4e2986fc85512e6db99da60cd496	3276	aceptor	7.19976e-08
mvm_actual__3utr1009	746f4e2986fc85512e6db99da60cd496	3276	donante	6.48405e-07
mvm_actual__3utr1009	746f4e2986fc85512e6db99da60cd496	3277	aceptor	3.84286e-08
mvm_actual__3utr1009	746f4e2986fc85512e6db99da60cd496	3277	donante	6.59138e-07
mvm_actual__3utr1009	746f4e2986fc85512e6db99da60cd496	3278	aceptor	2.9427e-08
mvm_actual__3utr1009	746f4e2986fc85512e6db99da60cd496	3278	donante	2.96791e-07
mvm_actual__3utr1009	746f4e2986fc85512e6db99da60cd496	3279	aceptor	1.83592e-08
mvm_actual__3utr1009	746f4e2986fc85512e6db99da60cd496	3279	donante	6.9235e-06
mvm_actual__3utr1009	746f4e2986fc85512e6db99da60cd496	3280	aceptor	1.37039e-07
mvm_actual__3utr1009	746f4e2986fc85512e6db99da60cd496	3280	donante	5.80264e-07
mvm_actual__3utr1009	746f4e2986fc85512e6db99da60cd496	3281	aceptor	3.54091e-08
mvm_actual__3utr1009	746f4e2986fc85512e6db99da60cd496	3281	donante	7.01183e-07
mvm_actual__3utr1009	746f4e2986fc85512e6db99da60cd496	3282	aceptor	5.9771e-08
mvm_actual__3utr1009	746f4e2986fc85512e6db99da60cd496	3282	donante	2.02925e-07
mvm_actual__3utr1009	746f4e2986fc85512e6db99da60cd496	3283	aceptor	1.42429e-07
mvm_actual__3utr1009	746f4e2986fc85512e6db99da60cd496	3283	donante	1.26994e-06
mvm_actual__3utr1009	746f4e2986fc85512e6db99da60cd496	3284	aceptor	4.49531e-08
mvm_actual__3utr1009	746f4e2986fc85512e6db99da60cd496	3284	donante	2.65522e-07
mvm_actual__3utr1009	746f4e2986fc85512e6db99da60cd496	3285	aceptor	3.82236e-07
mvm_actual__3utr1009	746f4e2986fc85512e6db99da60cd496	3285	donante	8.42161e-07
mvm_actual__3utr1009	746f4e2986fc85512e6db99da60cd496	3286	aceptor	1.47232e-07
mvm_actual__3utr1009	746f4e2986fc85512e6db99da60cd496	3286	donante	4.29217e-07
mvm_actual__3utr1009	746f4e2986fc85512e6db99da60cd496	3287	aceptor	8.91338e-08
mvm_actual__3utr1009	746f4e2986fc85512e6db99da60cd496	3287	donante	1.24144e-06
mvm_actual__3utr1009	746f4e2986fc85512e6db99da60cd496	3288	aceptor	1.84235e-07
mvm_actual__3utr1009	746f4e2986fc85512e6db99da60cd496	3288	donante	6.1069e-07
mvm_actual__3utr1009	746f4e2986fc85512e6db99da60cd496	3289	aceptor	5.17947e-05
mvm_actual__3utr1009	746f4e2986fc85512e6db99da60cd496	3289	donante	1.61609e-05
mvm_actual__3utr1009	746f4e2986fc85512e6db99da60cd496	3290	aceptor	3.32044e-07
mvm_actual__3utr1009	746f4e2986fc85512e6db99da60cd496	3290	donante	8.74902e-07
mvm_actual__3utr1009	746f4e2986fc85512e6db99da60cd496	3291	aceptor	8.80617e-06
mvm_actual__3utr1009	746f4e2986fc85512e6db99da60cd496	3291	donante	5.29614e-07
mvm_actual__3utr1009	746f4e2986fc85512e6db99da60cd496	3292	aceptor	2.06729e-07
mvm_actual__3utr1009	746f4e2986fc85512e6db99da60cd496	3292	donante	1.68404e-06
mvm_actual__3utr1009	746f4e2986fc85512e6db99da60cd496	3293	aceptor	1.51106e-07
mvm_actual__3utr1009	746f4e2986fc85512e6db99da60cd496	3293	donante	1.22122e-07
mvm_actual__3utr1009	746f4e2986fc85512e6db99da60cd496	3294	aceptor	5.84754e-07
mvm_actual__3utr1009	746f4e2986fc85512e6db99da60cd496	3294	donante	2.99421e-07
mvm_actual__3utr1009	746f4e2986fc85512e6db99da60cd496	3295	aceptor	1.73283e-07
mvm_actual__3utr1009	746f4e2986fc85512e6db99da60cd496	3295	donante	5.16094e-07
mvm_actual__3utr1009	746f4e2986fc85512e6db99da60cd496	3296	aceptor	4.3661e-06
mvm_actual__3utr1009	746f4e2986fc85512e6db99da60cd496	3296	donante	0.00054912
mvm_actual__3utr1009	746f4e2986fc85512e6db99da60cd496	3297	aceptor	7.08068e-05
mvm_actual__3utr1009	746f4e2986fc85512e6db99da60cd496	3297	donante	2.53528e-06
mvm_actual__3utr1009	746f4e2986fc85512e6db99da60cd496	3298	aceptor	5.49164e-08
mvm_actual__3utr1009	746f4e2986fc85512e6db99da60cd496	3298	donante	2.36871e-07
mvm_actual__3utr1009	746f4e2986fc85512e6db99da60cd496	3299	aceptor	5.1642e-08
mvm_actual__3utr1009	746f4e2986fc85512e6db99da60cd496	3299	donante	1.9703e-05
mvm_actual__3utr1009	746f4e2986fc85512e6db99da60cd496	3300	aceptor	3.29076e-07
mvm_actual__3utr1009	746f4e2986fc85512e6db99da60cd496	3300	donante	6.09904e-07
mvm_actual__3utr1009	746f4e2986fc85512e6db99da60cd496	3301	aceptor	4.64376e-08
mvm_actual__3utr1009	746f4e2986fc85512e6db99da60cd496	3301	donante	1.05153e-07
mvm_actual__3utr1009	746f4e2986fc85512e6db99da60cd496	3302	aceptor	1.84982e-08
mvm_actual__3utr1009	746f4e2986fc85512e6db99da60cd496	3302	donante	1.43176e-07
mvm_actual__3utr1009	746f4e2986fc85512e6db99da60cd496	3303	aceptor	7.13497e-08
mvm_actual__3utr1009	746f4e2986fc85512e6db99da60cd496	3303	donante	4.2687e-07
mvm_actual__3utr1009	746f4e2986fc85512e6db99da60cd496	3304	aceptor	8.83639e-08
mvm_actual__3utr1009	746f4e2986fc85512e6db99da60cd496	3304	donante	1.74771e-07
mvm_actual__3utr1009	746f4e2986fc85512e6db99da60cd496	3305	aceptor	8.09968e-08
mvm_actual__3utr1009	746f4e2986fc85512e6db99da60cd496	3305	donante	8.06242e-08
mvm_actual__3utr1009	746f4e2986fc85512e6db99da60cd496	3306	aceptor	1.5855e-07
mvm_actual__3utr1009	746f4e2986fc85512e6db99da60cd496	3306	donante	2.39924e-07
mvm_actual__3utr1009	746f4e2986fc85512e6db99da60cd496	3307	aceptor	2.72865e-08
mvm_actual__3utr1009	746f4e2986fc85512e6db99da60cd496	3307	donante	3.53541e-07
mvm_actual__3utr1009	746f4e2986fc85512e6db99da60cd496	3308	aceptor	1.54893e-07
mvm_actual__3utr1009	746f4e2986fc85512e6db99da60cd496	3308	donante	1.38417e-07
mvm_actual__3utr1009	746f4e2986fc85512e6db99da60cd496	3309	aceptor	5.72573e-08
mvm_actual__3utr1009	746f4e2986fc85512e6db99da60cd496	3309	donante	9.92585e-08
mvm_actual__3utr1009	746f4e2986fc85512e6db99da60cd496	3310	aceptor	5.61602e-07
mvm_actual__3utr1009	746f4e2986fc85512e6db99da60cd496	3310	donante	3.55421e-07
mvm_actual__3utr1009	746f4e2986fc85512e6db99da60cd496	3311	aceptor	1.35329e-08
mvm_actual__3utr1009	746f4e2986fc85512e6db99da60cd496	3311	donante	1.14653e-07
mvm_actual__3utr1009	746f4e2986fc85512e6db99da60cd496	3312	aceptor	3.32706e-08
mvm_actual__3utr1009	746f4e2986fc85512e6db99da60cd496	3312	donante	1.21595e-07
mvm_actual__3utr1009	746f4e2986fc85512e6db99da60cd496	3313	aceptor	3.04986e-08
mvm_actual__3utr1009	746f4e2986fc85512e6db99da60cd496	3313	donante	2.58724e-07
mvm_actual__3utr1009	746f4e2986fc85512e6db99da60cd496	3314	aceptor	3.67775e-07
mvm_actual__3utr1009	746f4e2986fc85512e6db99da60cd496	3314	donante	1.55771e-07
mvm_actual__3utr1009	746f4e2986fc85512e6db99da60cd496	3315	aceptor	7.36574e-07
mvm_actual__3utr1009	746f4e2986fc85512e6db99da60cd496	3315	donante	2.6231e-07
mvm_actual__3utr1009	746f4e2986fc85512e6db99da60cd496	3316	aceptor	8.44343e-07
mvm_actual__3utr1009	746f4e2986fc85512e6db99da60cd496	3316	donante	5.09255e-07
mvm_actual__3utr1009	746f4e2986fc85512e6db99da60cd496	3317	aceptor	4.10981e-08
mvm_actual__3utr1009	746f4e2986fc85512e6db99da60cd496	3317	donante	2.05181e-07
mvm_actual__3utr1009	746f4e2986fc85512e6db99da60cd496	3318	aceptor	2.24994e-07
mvm_actual__3utr1009	746f4e2986fc85512e6db99da60cd496	3318	donante	7.44325e-08
mvm_actual__3utr1009	746f4e2986fc85512e6db99da60cd496	3319	aceptor	2.6544e-07
mvm_actual__3utr1009	746f4e2986fc85512e6db99da60cd496	3319	donante	3.99132e-07
mvm_actual__3utr1009	746f4e2986fc85512e6db99da60cd496	3320	aceptor	3.62838e-07
mvm_actual__3utr1009	746f4e2986fc85512e6db99da60cd496	3320	donante	4.93285e-07
mvm_actual__3utr1009	746f4e2986fc85512e6db99da60cd496	3321	aceptor	1.00684e-07
mvm_actual__3utr1009	746f4e2986fc85512e6db99da60cd496	3321	donante	6.83077e-07
mvm_actual__3utr1009	746f4e2986fc85512e6db99da60cd496	3322	aceptor	1.36952e-07
mvm_actual__3utr1009	746f4e2986fc85512e6db99da60cd496	3322	donante	2.93034e-07
mvm_actual__3utr1009	746f4e2986fc85512e6db99da60cd496	3323	aceptor	1.0013e-07
mvm_actual__3utr1009	746f4e2986fc85512e6db99da60cd496	3323	donante	1.61298e-06
mvm_actual__3utr1009	746f4e2986fc85512e6db99da60cd496	3324	aceptor	0.00016939
mvm_actual__3utr1009	746f4e2986fc85512e6db99da60cd496	3324	donante	4.8588e-06
mvm_actual__3utr1009	746f4e2986fc85512e6db99da60cd496	3325	aceptor	3.1221e-07
mvm_actual__3utr1009	746f4e2986fc85512e6db99da60cd496	3325	donante	5.82077e-06
mvm_actual__3utr1009	746f4e2986fc85512e6db99da60cd496	3326	aceptor	7.43969e-07
mvm_actual__3utr1009	746f4e2986fc85512e6db99da60cd496	3326	donante	2.1205e-06
mvm_actual__3utr1009	746f4e2986fc85512e6db99da60cd496	3327	aceptor	1.03357e-07
mvm_actual__3utr1009	746f4e2986fc85512e6db99da60cd496	3327	donante	5.5023e-07
mvm_actual__3utr1009	746f4e2986fc85512e6db99da60cd496	3328	aceptor	6.9714e-08
mvm_actual__3utr1009	746f4e2986fc85512e6db99da60cd496	3328	donante	1.34114e-06
mvm_actual__3utr1009	746f4e2986fc85512e6db99da60cd496	3329	aceptor	4.59511e-08
mvm_actual__3utr1009	746f4e2986fc85512e6db99da60cd496	3329	donante	2.88717e-07
mvm_actual__3utr1009	746f4e2986fc85512e6db99da60cd496	3330	aceptor	9.08601e-08
mvm_actual__3utr1009	746f4e2986fc85512e6db99da60cd496	3330	donante	9.89439e-07
mvm_actual__3utr1009	746f4e2986fc85512e6db99da60cd496	3331	aceptor	6.33669e-06
mvm_actual__3utr1009	746f4e2986fc85512e6db99da60cd496	3331	donante	8.9621e-05
mvm_actual__3utr1009	746f4e2986fc85512e6db99da60cd496	3332	aceptor	2.97083e-08
mvm_actual__3utr1009	746f4e2986fc85512e6db99da60cd496	3332	donante	7.38522e-06
mvm_actual__3utr1009	746f4e2986fc85512e6db99da60cd496	3333	aceptor	6.1759e-08
mvm_actual__3utr1009	746f4e2986fc85512e6db99da60cd496	3333	donante	4.08108e-07
mvm_actual__3utr1009	746f4e2986fc85512e6db99da60cd496	3334	aceptor	1.67068e-07
mvm_actual__3utr1009	746f4e2986fc85512e6db99da60cd496	3334	donante	1.10899e-06
mvm_actual__3utr1009	746f4e2986fc85512e6db99da60cd496	3335	aceptor	1.25929e-07
mvm_actual__3utr1009	746f4e2986fc85512e6db99da60cd496	3335	donante	5.70101e-06
mvm_actual__3utr1009	746f4e2986fc85512e6db99da60cd496	3336	aceptor	2.61061e-07
mvm_actual__3utr1009	746f4e2986fc85512e6db99da60cd496	3336	donante	1.8251e-05
mvm_actual__3utr1009	746f4e2986fc85512e6db99da60cd496	3337	aceptor	2.71608e-07
mvm_actual__3utr1009	746f4e2986fc85512e6db99da60cd496	3337	donante	4.76273e-07
mvm_actual__3utr1009	746f4e2986fc85512e6db99da60cd496	3338	aceptor	2.32387e-07
mvm_actual__3utr1009	746f4e2986fc85512e6db99da60cd496	3338	donante	2.86771e-06
mvm_actual__3utr1009	746f4e2986fc85512e6db99da60cd496	3339	aceptor	1.04683e-07
mvm_actual__3utr1009	746f4e2986fc85512e6db99da60cd496	3339	donante	1.48275e-06
mvm_actual__3utr1009	746f4e2986fc85512e6db99da60cd496	3340	aceptor	6.15235e-07
mvm_actual__3utr1009	746f4e2986fc85512e6db99da60cd496	3340	donante	7.79493e-07
mvm_actual__3utr1009	746f4e2986fc85512e6db99da60cd496	3341	aceptor	2.99725e-08
mvm_actual__3utr1009	746f4e2986fc85512e6db99da60cd496	3341	donante	4.29151e-07
mvm_actual__3utr1009	746f4e2986fc85512e6db99da60cd496	3342	aceptor	9.62028e-08
mvm_actual__3utr1009	746f4e2986fc85512e6db99da60cd496	3342	donante	7.84272e-06
mvm_actual__3utr1009	746f4e2986fc85512e6db99da60cd496	3343	aceptor	1.253e-07
mvm_actual__3utr1009	746f4e2986fc85512e6db99da60cd496	3343	donante	7.89649e-07
mvm_actual__3utr1009	746f4e2986fc85512e6db99da60cd496	3344	aceptor	7.68889e-08
mvm_actual__3utr1009	746f4e2986fc85512e6db99da60cd496	3344	donante	8.49758e-07
mvm_actual__3utr1009	746f4e2986fc85512e6db99da60cd496	3345	aceptor	7.62642e-07
mvm_actual__3utr1009	746f4e2986fc85512e6db99da60cd496	3345	donante	8.30303e-07
mvm_actual__3utr1009	746f4e2986fc85512e6db99da60cd496	3346	aceptor	2.7529e-07
mvm_actual__3utr1009	746f4e2986fc85512e6db99da60cd496	3346	donante	2.63172e-06
mvm_actual__3utr1009	746f4e2986fc85512e6db99da60cd496	3347	aceptor	6.59626e-07
mvm_actual__3utr1009	746f4e2986fc85512e6db99da60cd496	3347	donante	7.76775e-06
mvm_actual__3utr1009	746f4e2986fc85512e6db99da60cd496	3348	aceptor	3.21284e-08
mvm_actual__3utr1009	746f4e2986fc85512e6db99da60cd496	3348	donante	5.49919e-06
mvm_actual__3utr1009	746f4e2986fc85512e6db99da60cd496	3349	aceptor	7.49542e-08
mvm_actual__3utr1009	746f4e2986fc85512e6db99da60cd496	3349	donante	5.61118e-07
mvm_actual__3utr1009	746f4e2986fc85512e6db99da60cd496	3350	aceptor	3.80458e-07
mvm_actual__3utr1009	746f4e2986fc85512e6db99da60cd496	3350	donante	6.71243e-05
mvm_actual__3utr1009	746f4e2986fc85512e6db99da60cd496	3351	aceptor	1.38131e-07
mvm_actual__3utr1009	746f4e2986fc85512e6db99da60cd496	3351	donante	2.01122e-06
mvm_actual__3utr1009	746f4e2986fc85512e6db99da60cd496	3352	aceptor	4.22425e-06
mvm_actual__3utr1009	746f4e2986fc85512e6db99da60cd496	3352	donante	0.00684734
mvm_actual__3utr1009	746f4e2986fc85512e6db99da60cd496	3353	aceptor	1.79601e-07
mvm_actual__3utr1009	746f4e2986fc85512e6db99da60cd496	3353	donante	2.61659e-06
mvm_actual__3utr1009	746f4e2986fc85512e6db99da60cd496	3354	aceptor	8.91297e-07
mvm_actual__3utr1009	746f4e2986fc85512e6db99da60cd496	3354	donante	3.83509e-07
mvm_actual__3utr1009	746f4e2986fc85512e6db99da60cd496	3355	aceptor	6.08147e-08
mvm_actual__3utr1009	746f4e2986fc85512e6db99da60cd496	3355	donante	1.77749e-07
mvm_actual__3utr1009	746f4e2986fc85512e6db99da60cd496	3356	aceptor	6.5584e-08
mvm_actual__3utr1009	746f4e2986fc85512e6db99da60cd496	3356	donante	9.37167e-07
mvm_actual__3utr1009	746f4e2986fc85512e6db99da60cd496	3357	aceptor	1.11411e-07
mvm_actual__3utr1009	746f4e2986fc85512e6db99da60cd496	3357	donante	5.13976e-08
mvm_actual__3utr1009	746f4e2986fc85512e6db99da60cd496	3358	aceptor	5.83816e-08
mvm_actual__3utr1009	746f4e2986fc85512e6db99da60cd496	3358	donante	3.06594e-07
mvm_actual__3utr1009	746f4e2986fc85512e6db99da60cd496	3359	aceptor	2.19804e-05
mvm_actual__3utr1009	746f4e2986fc85512e6db99da60cd496	3359	donante	4.67994e-07
mvm_actual__3utr1009	746f4e2986fc85512e6db99da60cd496	3360	aceptor	2.36028e-08
mvm_actual__3utr1009	746f4e2986fc85512e6db99da60cd496	3360	donante	4.92939e-08
mvm_actual__3utr1009	746f4e2986fc85512e6db99da60cd496	3361	aceptor	5.74497e-08
mvm_actual__3utr1009	746f4e2986fc85512e6db99da60cd496	3361	donante	1.17735e-08
mvm_actual__3utr1009	746f4e2986fc85512e6db99da60cd496	3362	aceptor	1.16971e-07
mvm_actual__3utr1009	746f4e2986fc85512e6db99da60cd496	3362	donante	6.14515e-08
mvm_actual__3utr1009	746f4e2986fc85512e6db99da60cd496	3363	aceptor	3.3559e-08
mvm_actual__3utr1009	746f4e2986fc85512e6db99da60cd496	3363	donante	1.14863e-06
mvm_actual__3utr1009	746f4e2986fc85512e6db99da60cd496	3364	aceptor	7.77126e-08
mvm_actual__3utr1009	746f4e2986fc85512e6db99da60cd496	3364	donante	3.20005e-08
mvm_actual__3utr1009	746f4e2986fc85512e6db99da60cd496	3365	aceptor	1.04647e-06
mvm_actual__3utr1009	746f4e2986fc85512e6db99da60cd496	3365	donante	8.24703e-08
mvm_actual__3utr1009	746f4e2986fc85512e6db99da60cd496	3366	aceptor	2.80685e-08
mvm_actual__3utr1009	746f4e2986fc85512e6db99da60cd496	3366	donante	1.88945e-08
mvm_actual__3utr1009	746f4e2986fc85512e6db99da60cd496	3367	aceptor	9.09626e-08
mvm_actual__3utr1009	746f4e2986fc85512e6db99da60cd496	3367	donante	1.32222e-07
mvm_actual__3utr1009	746f4e2986fc85512e6db99da60cd496	3368	aceptor	2.40258e-08
mvm_actual__3utr1009	746f4e2986fc85512e6db99da60cd496	3368	donante	2.74188e-08
mvm_actual__3utr1009	746f4e2986fc85512e6db99da60cd496	3369	aceptor	5.18737e-08
mvm_actual__3utr1009	746f4e2986fc85512e6db99da60cd496	3369	donante	3.10016e-08
mvm_actual__3utr1009	746f4e2986fc85512e6db99da60cd496	3370	aceptor	8.13937e-08
mvm_actual__3utr1009	746f4e2986fc85512e6db99da60cd496	3370	donante	4.16091e-09
mvm_actual__3utr1009	746f4e2986fc85512e6db99da60cd496	3371	aceptor	4.12775e-07
mvm_actual__3utr1009	746f4e2986fc85512e6db99da60cd496	3371	donante	2.75611e-06
mvm_actual__3utr1009	746f4e2986fc85512e6db99da60cd496	3372	aceptor	3.10773e-07
mvm_actual__3utr1009	746f4e2986fc85512e6db99da60cd496	3372	donante	1.0231e-08
mvm_actual__3utr1009	746f4e2986fc85512e6db99da60cd496	3373	aceptor	2.10691e-08
mvm_actual__3utr1009	746f4e2986fc85512e6db99da60cd496	3373	donante	1.21566e-08
mvm_actual__3utr1009	746f4e2986fc85512e6db99da60cd496	3374	aceptor	7.7852e-08
mvm_actual__3utr1009	746f4e2986fc85512e6db99da60cd496	3374	donante	8.60586e-09
mvm_actual__3utr1009	746f4e2986fc85512e6db99da60cd496	3375	aceptor	5.97751e-08
mvm_actual__3utr1009	746f4e2986fc85512e6db99da60cd496	3375	donante	8.03341e-09
mvm_actual__3utr1009	746f4e2986fc85512e6db99da60cd496	3376	aceptor	3.48709e-07
mvm_actual__3utr1009	746f4e2986fc85512e6db99da60cd496	3376	donante	1.06784e-06
mvm_actual__3utr1009	746f4e2986fc85512e6db99da60cd496	3377	aceptor	2.06084e-07
mvm_actual__3utr1009	746f4e2986fc85512e6db99da60cd496	3377	donante	1.21467e-08
mvm_actual__3utr1009	746f4e2986fc85512e6db99da60cd496	3378	aceptor	2.39865e-07
mvm_actual__3utr1009	746f4e2986fc85512e6db99da60cd496	3378	donante	9.86915e-09
mvm_actual__3utr1009	746f4e2986fc85512e6db99da60cd496	3379	aceptor	1.01689e-07
mvm_actual__3utr1009	746f4e2986fc85512e6db99da60cd496	3379	donante	2.21687e-07
mvm_actual__3utr1009	746f4e2986fc85512e6db99da60cd496	3380	aceptor	2.72215e-07
mvm_actual__3utr1009	746f4e2986fc85512e6db99da60cd496	3380	donante	1.1825e-06
mvm_actual__3utr1009	746f4e2986fc85512e6db99da60cd496	3381	aceptor	2.60715e-07
mvm_actual__3utr1009	746f4e2986fc85512e6db99da60cd496	3381	donante	8.95301e-09
mvm_actual__3utr1009	746f4e2986fc85512e6db99da60cd496	3382	aceptor	1.04722e-06
mvm_actual__3utr1009	746f4e2986fc85512e6db99da60cd496	3382	donante	4.62113e-09
mvm_actual__3utr1009	746f4e2986fc85512e6db99da60cd496	3383	aceptor	8.38463e-08
mvm_actual__3utr1009	746f4e2986fc85512e6db99da60cd496	3383	donante	1.37453e-08
mvm_actual__3utr1009	746f4e2986fc85512e6db99da60cd496	3384	aceptor	8.16569e-07
mvm_actual__3utr1009	746f4e2986fc85512e6db99da60cd496	3384	donante	6.94264e-07
mvm_actual__3utr1009	746f4e2986fc85512e6db99da60cd496	3385	aceptor	3.54661e-07
mvm_actual__3utr1009	746f4e2986fc85512e6db99da60cd496	3385	donante	2.09039e-08
mvm_actual__3utr1009	746f4e2986fc85512e6db99da60cd496	3386	aceptor	1.46778e-05
mvm_actual__3utr1009	746f4e2986fc85512e6db99da60cd496	3386	donante	2.75204e-08
mvm_actual__3utr1009	746f4e2986fc85512e6db99da60cd496	3387	aceptor	9.11962e-07
mvm_actual__3utr1009	746f4e2986fc85512e6db99da60cd496	3387	donante	1.46245e-08
mvm_actual__3utr1009	746f4e2986fc85512e6db99da60cd496	3388	aceptor	5.53049e-07
mvm_actual__3utr1009	746f4e2986fc85512e6db99da60cd496	3388	donante	3.19195e-08
mvm_actual__3utr1009	746f4e2986fc85512e6db99da60cd496	3389	aceptor	1.28577e-06
mvm_actual__3utr1009	746f4e2986fc85512e6db99da60cd496	3389	donante	1.31741e-08
mvm_actual__3utr1009	746f4e2986fc85512e6db99da60cd496	3390	aceptor	6.18736e-08
mvm_actual__3utr1009	746f4e2986fc85512e6db99da60cd496	3390	donante	4.22466e-09
mvm_actual__3utr1009	746f4e2986fc85512e6db99da60cd496	3391	aceptor	1.29121e-07
mvm_actual__3utr1009	746f4e2986fc85512e6db99da60cd496	3391	donante	1.04753e-08
mvm_actual__3utr1009	746f4e2986fc85512e6db99da60cd496	3392	aceptor	2.48786e-07
mvm_actual__3utr1009	746f4e2986fc85512e6db99da60cd496	3392	donante	7.43833e-08
mvm_actual__3utr1009	746f4e2986fc85512e6db99da60cd496	3393	aceptor	7.26597e-07
mvm_actual__3utr1009	746f4e2986fc85512e6db99da60cd496	3393	donante	1.21208e-08
mvm_actual__3utr1009	746f4e2986fc85512e6db99da60cd496	3394	aceptor	1.23974e-07
mvm_actual__3utr1009	746f4e2986fc85512e6db99da60cd496	3394	donante	4.58058e-09
mvm_actual__3utr1009	746f4e2986fc85512e6db99da60cd496	3395	aceptor	3.2409e-07
mvm_actual__3utr1009	746f4e2986fc85512e6db99da60cd496	3395	donante	1.59778e-08
mvm_actual__3utr1009	746f4e2986fc85512e6db99da60cd496	3396	aceptor	3.51931e-07
mvm_actual__3utr1009	746f4e2986fc85512e6db99da60cd496	3396	donante	1.75702e-08
mvm_actual__3utr1009	746f4e2986fc85512e6db99da60cd496	3397	aceptor	3.9278e-06
mvm_actual__3utr1009	746f4e2986fc85512e6db99da60cd496	3397	donante	8.38472e-09
mvm_actual__3utr1009	746f4e2986fc85512e6db99da60cd496	3398	aceptor	4.14206e-07
mvm_actual__3utr1009	746f4e2986fc85512e6db99da60cd496	3398	donante	1.35527e-08
mvm_actual__3utr1009	746f4e2986fc85512e6db99da60cd496	3399	aceptor	1.19077e-06
mvm_actual__3utr1009	746f4e2986fc85512e6db99da60cd496	3399	donante	5.33552e-08
mvm_actual__3utr1009	746f4e2986fc85512e6db99da60cd496	3400	aceptor	2.68121e-06
mvm_actual__3utr1009	746f4e2986fc85512e6db99da60cd496	3400	donante	9.94376e-09
mvm_actual__3utr1009	746f4e2986fc85512e6db99da60cd496	3401	aceptor	1.13844e-06
mvm_actual__3utr1009	746f4e2986fc85512e6db99da60cd496	3401	donante	9.71287e-09
mvm_actual__3utr1009	746f4e2986fc85512e6db99da60cd496	3402	aceptor	1.77532e-07
mvm_actual__3utr1009	746f4e2986fc85512e6db99da60cd496	3402	donante	1.93466e-08
mvm_actual__3utr1009	746f4e2986fc85512e6db99da60cd496	3403	aceptor	0.00034353
mvm_actual__3utr1009	746f4e2986fc85512e6db99da60cd496	3403	donante	9.49659e-07
mvm_actual__3utr1009	746f4e2986fc85512e6db99da60cd496	3404	aceptor	2.19315e-06
mvm_actual__3utr1009	746f4e2986fc85512e6db99da60cd496	3404	donante	7.70724e-09
mvm_actual__3utr1009	746f4e2986fc85512e6db99da60cd496	3405	aceptor	1.51651e-06
mvm_actual__3utr1009	746f4e2986fc85512e6db99da60cd496	3405	donante	4.5321e-08
mvm_actual__3utr1009	746f4e2986fc85512e6db99da60cd496	3406	aceptor	0.000129922
mvm_actual__3utr1009	746f4e2986fc85512e6db99da60cd496	3406	donante	2.44341e-07
mvm_actual__3utr1009	746f4e2986fc85512e6db99da60cd496	3407	aceptor	1.05993e-05
mvm_actual__3utr1009	746f4e2986fc85512e6db99da60cd496	3407	donante	1.06959e-07
mvm_actual__3utr1009	746f4e2986fc85512e6db99da60cd496	3408	aceptor	1.07718e-05
mvm_actual__3utr1009	746f4e2986fc85512e6db99da60cd496	3408	donante	1.04184e-07
mvm_actual__3utr1009	746f4e2986fc85512e6db99da60cd496	3409	aceptor	1.62731e-05
mvm_actual__3utr1009	746f4e2986fc85512e6db99da60cd496	3409	donante	1.14957e-07
mvm_actual__3utr1009	746f4e2986fc85512e6db99da60cd496	3410	aceptor	4.91155e-06
mvm_actual__3utr1009	746f4e2986fc85512e6db99da60cd496	3410	donante	7.06027e-08
mvm_actual__3utr1009	746f4e2986fc85512e6db99da60cd496	3411	aceptor	5.29362e-07
mvm_actual__3utr1009	746f4e2986fc85512e6db99da60cd496	3411	donante	2.56379e-08
mvm_actual__3utr1009	746f4e2986fc85512e6db99da60cd496	3412	aceptor	1.31081e-06
mvm_actual__3utr1009	746f4e2986fc85512e6db99da60cd496	3412	donante	8.29193e-08
mvm_actual__3utr1009	746f4e2986fc85512e6db99da60cd496	3413	aceptor	2.96036e-06
mvm_actual__3utr1009	746f4e2986fc85512e6db99da60cd496	3413	donante	4.84824e-08
mvm_actual__3utr1009	746f4e2986fc85512e6db99da60cd496	3414	aceptor	3.16529e-07
mvm_actual__3utr1009	746f4e2986fc85512e6db99da60cd496	3414	donante	7.86139e-08
mvm_actual__3utr1009	746f4e2986fc85512e6db99da60cd496	3415	aceptor	1.141e-06
mvm_actual__3utr1009	746f4e2986fc85512e6db99da60cd496	3415	donante	1.47219e-08
mvm_actual__3utr1009	746f4e2986fc85512e6db99da60cd496	3416	aceptor	5.81797e-06
mvm_actual__3utr1009	746f4e2986fc85512e6db99da60cd496	3416	donante	6.21652e-08
mvm_actual__3utr1009	746f4e2986fc85512e6db99da60cd496	3417	aceptor	1.73923e-06
mvm_actual__3utr1009	746f4e2986fc85512e6db99da60cd496	3417	donante	1.057e-07
mvm_actual__3utr1009	746f4e2986fc85512e6db99da60cd496	3418	aceptor	2.16195e-06
mvm_actual__3utr1009	746f4e2986fc85512e6db99da60cd496	3418	donante	2.82197e-08
mvm_actual__3utr1009	746f4e2986fc85512e6db99da60cd496	3419	aceptor	4.28668e-07
mvm_actual__3utr1009	746f4e2986fc85512e6db99da60cd496	3419	donante	3.16718e-08
mvm_actual__3utr1009	746f4e2986fc85512e6db99da60cd496	3420	aceptor	5.60617e-06
mvm_actual__3utr1009	746f4e2986fc85512e6db99da60cd496	3420	donante	5.1526e-08
mvm_actual__3utr1009	746f4e2986fc85512e6db99da60cd496	3421	aceptor	9.01004e-07
mvm_actual__3utr1009	746f4e2986fc85512e6db99da60cd496	3421	donante	2.07307e-08
mvm_actual__3utr1009	746f4e2986fc85512e6db99da60cd496	3422	aceptor	1.63774e-06
mvm_actual__3utr1009	746f4e2986fc85512e6db99da60cd496	3422	donante	6.96194e-08
mvm_actual__3utr1009	746f4e2986fc85512e6db99da60cd496	3423	aceptor	6.55108e-07
mvm_actual__3utr1009	746f4e2986fc85512e6db99da60cd496	3423	donante	2.82344e-08
mvm_actual__3utr1009	746f4e2986fc85512e6db99da60cd496	3424	aceptor	3.5009e-07
mvm_actual__3utr1009	746f4e2986fc85512e6db99da60cd496	3424	donante	1.28682e-08
mvm_actual__3utr1009	746f4e2986fc85512e6db99da60cd496	3425	aceptor	4.66756e-07
mvm_actual__3utr1009	746f4e2986fc85512e6db99da60cd496	3425	donante	5.078e-08
mvm_actual__3utr1009	746f4e2986fc85512e6db99da60cd496	3426	aceptor	1.63968e-06
mvm_actual__3utr1009	746f4e2986fc85512e6db99da60cd496	3426	donante	7.41621e-08
mvm_actual__3utr1009	746f4e2986fc85512e6db99da60cd496	3427	aceptor	1.45797e-06
mvm_actual__3utr1009	746f4e2986fc85512e6db99da60cd496	3427	donante	7.82463e-08
mvm_actual__3utr1009	746f4e2986fc85512e6db99da60cd496	3428	aceptor	2.60638e-07
mvm_actual__3utr1009	746f4e2986fc85512e6db99da60cd496	3428	donante	4.69316e-08
mvm_actual__3utr1009	746f4e2986fc85512e6db99da60cd496	3429	aceptor	7.23645e-06
mvm_actual__3utr1009	746f4e2986fc85512e6db99da60cd496	3429	donante	0.000106445
mvm_actual__3utr1009	746f4e2986fc85512e6db99da60cd496	3430	aceptor	0.874068
mvm_actual__3utr1009	746f4e2986fc85512e6db99da60cd496	3430	donante	9.97171e-06
mvm_actual__3utr1009	746f4e2986fc85512e6db99da60cd496	3431	aceptor	2.30762e-06
mvm_actual__3utr1009	746f4e2986fc85512e6db99da60cd496	3431	donante	1.40358e-07
mvm_actual__3utr1009	746f4e2986fc85512e6db99da60cd496	3432	aceptor	1.59465e-06
mvm_actual__3utr1009	746f4e2986fc85512e6db99da60cd496	3432	donante	6.34123e-08
mvm_actual__3utr1009	746f4e2986fc85512e6db99da60cd496	3433	aceptor	2.40658e-06
mvm_actual__3utr1009	746f4e2986fc85512e6db99da60cd496	3433	donante	1.46163e-07
mvm_actual__3utr1009	746f4e2986fc85512e6db99da60cd496	3434	aceptor	7.9853e-05
mvm_actual__3utr1009	746f4e2986fc85512e6db99da60cd496	3434	donante	2.65535e-07
mvm_actual__3utr1009	746f4e2986fc85512e6db99da60cd496	3435	aceptor	5.04417e-06
mvm_actual__3utr1009	746f4e2986fc85512e6db99da60cd496	3435	donante	2.78769e-07
mvm_actual__3utr1009	746f4e2986fc85512e6db99da60cd496	3436	aceptor	5.99818e-07
mvm_actual__3utr1009	746f4e2986fc85512e6db99da60cd496	3436	donante	4.02012e-08
mvm_actual__3utr1009	746f4e2986fc85512e6db99da60cd496	3437	aceptor	3.94338e-06
mvm_actual__3utr1009	746f4e2986fc85512e6db99da60cd496	3437	donante	9.76184e-08
mvm_actual__3utr1009	746f4e2986fc85512e6db99da60cd496	3438	aceptor	1.43567e-05
mvm_actual__3utr1009	746f4e2986fc85512e6db99da60cd496	3438	donante	2.52512e-05
mvm_actual__3utr1009	746f4e2986fc85512e6db99da60cd496	3439	aceptor	3.84741e-05
mvm_actual__3utr1009	746f4e2986fc85512e6db99da60cd496	3439	donante	1.32301e-06
mvm_actual__3utr1009	746f4e2986fc85512e6db99da60cd496	3440	aceptor	5.3737e-06
mvm_actual__3utr1009	746f4e2986fc85512e6db99da60cd496	3440	donante	6.96021e-07
mvm_actual__3utr1092	c8826bb1e689f92f8d4074c1041813c8	429	aceptor	7.32139e-05
mvm_actual__3utr1092	c8826bb1e689f92f8d4074c1041813c8	429	donante	0.109243
mvm_actual__3utr1092	c8826bb1e689f92f8d4074c1041813c8	1131	aceptor	1.72774e-05
mvm_actual__3utr1092	c8826bb1e689f92f8d4074c1041813c8	1131	donante	0.0617867
mvm_actual__3utr1092	c8826bb1e689f92f8d4074c1041813c8	1156	aceptor	4.81185e-06
mvm_actual__3utr1092	c8826bb1e689f92f8d4074c1041813c8	1156	donante	0.0559607
mvm_actual__3utr1092	c8826bb1e689f92f8d4074c1041813c8	1516	aceptor	6.57566e-05
mvm_actual__3utr1092	c8826bb1e689f92f8d4074c1041813c8	1516	donante	0.758494
mvm_actual__3utr1092	c8826bb1e689f92f8d4074c1041813c8	3120	aceptor	7.50423e-07
mvm_actual__3utr1092	c8826bb1e689f92f8d4074c1041813c8	3120	donante	7.15152e-07
mvm_actual__3utr1092	c8826bb1e689f92f8d4074c1041813c8	3121	aceptor	1.64411e-07
mvm_actual__3utr1092	c8826bb1e689f92f8d4074c1041813c8	3121	donante	1.55986e-06
mvm_actual__3utr1092	c8826bb1e689f92f8d4074c1041813c8	3122	aceptor	8.97433e-06
mvm_actual__3utr1092	c8826bb1e689f92f8d4074c1041813c8	3122	donante	2.80274e-06
mvm_actual__3utr1092	c8826bb1e689f92f8d4074c1041813c8	3123	aceptor	1.48998e-07
mvm_actual__3utr1092	c8826bb1e689f92f8d4074c1041813c8	3123	donante	9.41808e-07
mvm_actual__3utr1092	c8826bb1e689f92f8d4074c1041813c8	3124	aceptor	3.35815e-07
mvm_actual__3utr1092	c8826bb1e689f92f8d4074c1041813c8	3124	donante	2.1916e-05
mvm_actual__3utr1092	c8826bb1e689f92f8d4074c1041813c8	3125	aceptor	8.03915e-07
mvm_actual__3utr1092	c8826bb1e689f92f8d4074c1041813c8	3125	donante	6.53454e-07
mvm_actual__3utr1092	c8826bb1e689f92f8d4074c1041813c8	3126	aceptor	1.87156e-05
mvm_actual__3utr1092	c8826bb1e689f92f8d4074c1041813c8	3126	donante	0.0158914
mvm_actual__3utr1092	c8826bb1e689f92f8d4074c1041813c8	3127	aceptor	1.92059e-07
mvm_actual__3utr1092	c8826bb1e689f92f8d4074c1041813c8	3127	donante	5.76878e-07
mvm_actual__3utr1092	c8826bb1e689f92f8d4074c1041813c8	3128	aceptor	2.06088e-07
mvm_actual__3utr1092	c8826bb1e689f92f8d4074c1041813c8	3128	donante	2.45287e-07
mvm_actual__3utr1092	c8826bb1e689f92f8d4074c1041813c8	3129	aceptor	1.95018e-07
mvm_actual__3utr1092	c8826bb1e689f92f8d4074c1041813c8	3129	donante	3.66773e-07
mvm_actual__3utr1092	c8826bb1e689f92f8d4074c1041813c8	3130	aceptor	6.44281e-07
mvm_actual__3utr1092	c8826bb1e689f92f8d4074c1041813c8	3130	donante	3.43329e-06
mvm_actual__3utr1092	c8826bb1e689f92f8d4074c1041813c8	3131	aceptor	1.59159e-07
mvm_actual__3utr1092	c8826bb1e689f92f8d4074c1041813c8	3131	donante	6.06994e-07
mvm_actual__3utr1092	c8826bb1e689f92f8d4074c1041813c8	3132	aceptor	2.60747e-06
mvm_actual__3utr1092	c8826bb1e689f92f8d4074c1041813c8	3132	donante	7.72962e-07
mvm_actual__3utr1092	c8826bb1e689f92f8d4074c1041813c8	3133	aceptor	4.5076e-05
mvm_actual__3utr1092	c8826bb1e689f92f8d4074c1041813c8	3133	donante	0.800608
mvm_actual__3utr1092	c8826bb1e689f92f8d4074c1041813c8	3134	aceptor	3.21144e-07
mvm_actual__3utr1092	c8826bb1e689f92f8d4074c1041813c8	3134	donante	2.71532e-07
mvm_actual__3utr1092	c8826bb1e689f92f8d4074c1041813c8	3135	aceptor	4.2369e-08
mvm_actual__3utr1092	c8826bb1e689f92f8d4074c1041813c8	3135	donante	1.21475e-06
mvm_actual__3utr1092	c8826bb1e689f92f8d4074c1041813c8	3136	aceptor	4.8444e-08
mvm_actual__3utr1092	c8826bb1e689f92f8d4074c1041813c8	3136	donante	1.63917e-06
mvm_actual__3utr1092	c8826bb1e689f92f8d4074c1041813c8	3137	aceptor	6.5014e-08
mvm_actual__3utr1092	c8826bb1e689f92f8d4074c1041813c8	3137	donante	1.56456e-06
mvm_actual__3utr1092	c8826bb1e689f92f8d4074c1041813c8	3138	aceptor	1.66899e-07
mvm_actual__3utr1092	c8826bb1e689f92f8d4074c1041813c8	3138	donante	1.06095e-06
mvm_actual__3utr1092	c8826bb1e689f92f8d4074c1041813c8	3139	aceptor	1.87511e-06
mvm_actual__3utr1092	c8826bb1e689f92f8d4074c1041813c8	3139	donante	4.63102e-05
mvm_actual__3utr1092	c8826bb1e689f92f8d4074c1041813c8	3140	aceptor	1.06458e-07
mvm_actual__3utr1092	c8826bb1e689f92f8d4074c1041813c8	3140	donante	3.05872e-07
mvm_actual__3utr1092	c8826bb1e689f92f8d4074c1041813c8	3141	aceptor	6.84301e-08
mvm_actual__3utr1092	c8826bb1e689f92f8d4074c1041813c8	3141	donante	4.91265e-07
mvm_actual__3utr1092	c8826bb1e689f92f8d4074c1041813c8	3142	aceptor	1.51937e-08
mvm_actual__3utr1092	c8826bb1e689f92f8d4074c1041813c8	3142	donante	1.2549e-07
mvm_actual__3utr1092	c8826bb1e689f92f8d4074c1041813c8	3143	aceptor	2.53578e-08
mvm_actual__3utr1092	c8826bb1e689f92f8d4074c1041813c8	3143	donante	1.21487e-07
mvm_actual__3utr1092	c8826bb1e689f92f8d4074c1041813c8	3144	aceptor	2.5749e-09
mvm_actual__3utr1092	c8826bb1e689f92f8d4074c1041813c8	3144	donante	7.4294e-08
mvm_actual__3utr1092	c8826bb1e689f92f8d4074c1041813c8	3145	aceptor	1.61075e-08
mvm_actual__3utr1092	c8826bb1e689f92f8d4074c1041813c8	3145	donante	1.28497e-07
mvm_actual__3utr1092	c8826bb1e689f92f8d4074c1041813c8	3146	aceptor	2.7231e-08
mvm_actual__3utr1092	c8826bb1e689f92f8d4074c1041813c8	3146	donante	1.10141e-06
mvm_actual__3utr1092	c8826bb1e689f92f8d4074c1041813c8	3147	aceptor	1.12531e-06
mvm_actual__3utr1092	c8826bb1e689f92f8d4074c1041813c8	3147	donante	3.91764e-07
mvm_actual__3utr1092	c8826bb1e689f92f8d4074c1041813c8	3148	aceptor	8.36783e-08
mvm_actual__3utr1092	c8826bb1e689f92f8d4074c1041813c8	3148	donante	1.78608e-07
mvm_actual__3utr1092	c8826bb1e689f92f8d4074c1041813c8	3149	aceptor	9.11243e-09
mvm_actual__3utr1092	c8826bb1e689f92f8d4074c1041813c8	3149	donante	3.79273e-08
mvm_actual__3utr1092	c8826bb1e689f92f8d4074c1041813c8	3150	aceptor	2.92675e-08
mvm_actual__3utr1092	c8826bb1e689f92f8d4074c1041813c8	3150	donante	2.32406e-08
mvm_actual__3utr1092	c8826bb1e689f92f8d4074c1041813c8	3151	aceptor	6.20471e-08
mvm_actual__3utr1092	c8826bb1e689f92f8d4074c1041813c8	3151	donante	6.77899e-07
mvm_actual__3utr1092	c8826bb1e689f92f8d4074c1041813c8	3152	aceptor	2.51839e-08
mvm_actual__3utr1092	c8826bb1e689f92f8d4074c1041813c8	3152	donante	3.40917e-08
mvm_actual__3utr1092	c8826bb1e689f92f8d4074c1041813c8	3153	aceptor	3.42186e-08
mvm_actual__3utr1092	c8826bb1e689f92f8d4074c1041813c8	3153	donante	1.27223e-08
mvm_actual__3utr1092	c8826bb1e689f92f8d4074c1041813c8	3154	aceptor	5.9729e-09
mvm_actual__3utr1092	c8826bb1e689f92f8d4074c1041813c8	3154	donante	4.41948e-09
mvm_actual__3utr1092	c8826bb1e689f92f8d4074c1041813c8	3155	aceptor	7.02911e-08
mvm_actual__3utr1092	c8826bb1e689f92f8d4074c1041813c8	3155	donante	4.17445e-07
mvm_actual__3utr1092	c8826bb1e689f92f8d4074c1041813c8	3156	aceptor	5.98447e-08
mvm_actual__3utr1092	c8826bb1e689f92f8d4074c1041813c8	3156	donante	1.07906e-08
mvm_actual__3utr1092	c8826bb1e689f92f8d4074c1041813c8	3157	aceptor	1.50937e-08
mvm_actual__3utr1092	c8826bb1e689f92f8d4074c1041813c8	3157	donante	1.00247e-08
mvm_actual__3utr1092	c8826bb1e689f92f8d4074c1041813c8	3158	aceptor	8.29211e-09
mvm_actual__3utr1092	c8826bb1e689f92f8d4074c1041813c8	3158	donante	1.17124e-09
mvm_actual__3utr1092	c8826bb1e689f92f8d4074c1041813c8	3159	aceptor	1.87495e-08
mvm_actual__3utr1092	c8826bb1e689f92f8d4074c1041813c8	3159	donante	1.24687e-06
mvm_actual__3utr1092	c8826bb1e689f92f8d4074c1041813c8	3160	aceptor	3.92188e-08
mvm_actual__3utr1092	c8826bb1e689f92f8d4074c1041813c8	3160	donante	4.01639e-08
mvm_actual__3utr1092	c8826bb1e689f92f8d4074c1041813c8	3161	aceptor	2.16117e-08
mvm_actual__3utr1092	c8826bb1e689f92f8d4074c1041813c8	3161	donante	4.87593e-08
mvm_actual__3utr1092	c8826bb1e689f92f8d4074c1041813c8	3162	aceptor	4.93042e-09
mvm_actual__3utr1092	c8826bb1e689f92f8d4074c1041813c8	3162	donante	6.2258e-09
mvm_actual__3utr1092	c8826bb1e689f92f8d4074c1041813c8	3163	aceptor	1.59006e-08
mvm_actual__3utr1092	c8826bb1e689f92f8d4074c1041813c8	3163	donante	1.71529e-08
mvm_actual__3utr1092	c8826bb1e689f92f8d4074c1041813c8	3164	aceptor	3.11248e-08
mvm_actual__3utr1092	c8826bb1e689f92f8d4074c1041813c8	3164	donante	3.00764e-07
mvm_actual__3utr1092	c8826bb1e689f92f8d4074c1041813c8	3165	aceptor	3.46703e-08
mvm_actual__3utr1092	c8826bb1e689f92f8d4074c1041813c8	3165	donante	2.38888e-08
mvm_actual__3utr1092	c8826bb1e689f92f8d4074c1041813c8	3166	aceptor	6.51396e-09
mvm_actual__3utr1092	c8826bb1e689f92f8d4074c1041813c8	3166	donante	1.2063e-08
mvm_actual__3utr1092	c8826bb1e689f92f8d4074c1041813c8	3167	aceptor	5.41844e-09
mvm_actual__3utr1092	c8826bb1e689f92f8d4074c1041813c8	3167	donante	3.13751e-08
mvm_actual__3utr1092	c8826bb1e689f92f8d4074c1041813c8	3168	aceptor	1.12675e-08
mvm_actual__3utr1092	c8826bb1e689f92f8d4074c1041813c8	3168	donante	9.53456e-09
mvm_actual__3utr1092	c8826bb1e689f92f8d4074c1041813c8	3169	aceptor	2.88227e-08
mvm_actual__3utr1092	c8826bb1e689f92f8d4074c1041813c8	3169	donante	1.4654e-07
mvm_actual__3utr1092	c8826bb1e689f92f8d4074c1041813c8	3170	aceptor	1.14213e-08
mvm_actual__3utr1092	c8826bb1e689f92f8d4074c1041813c8	3170	donante	3.35792e-08
mvm_actual__3utr1092	c8826bb1e689f92f8d4074c1041813c8	3171	aceptor	1.55456e-08
mvm_actual__3utr1092	c8826bb1e689f92f8d4074c1041813c8	3171	donante	1.1243e-08
mvm_actual__3utr1092	c8826bb1e689f92f8d4074c1041813c8	3172	aceptor	3.73641e-08
mvm_actual__3utr1092	c8826bb1e689f92f8d4074c1041813c8	3172	donante	2.52167e-06
mvm_actual__3utr1092	c8826bb1e689f92f8d4074c1041813c8	3173	aceptor	1.94878e-08
mvm_actual__3utr1092	c8826bb1e689f92f8d4074c1041813c8	3173	donante	8.22462e-09
mvm_actual__3utr1092	c8826bb1e689f92f8d4074c1041813c8	3174	aceptor	1.09321e-08
mvm_actual__3utr1092	c8826bb1e689f92f8d4074c1041813c8	3174	donante	1.39762e-08
mvm_actual__3utr1092	c8826bb1e689f92f8d4074c1041813c8	3175	aceptor	4.63198e-09
mvm_actual__3utr1092	c8826bb1e689f92f8d4074c1041813c8	3175	donante	2.02494e-08
mvm_actual__3utr1092	c8826bb1e689f92f8d4074c1041813c8	3176	aceptor	2.08958e-08
mvm_actual__3utr1092	c8826bb1e689f92f8d4074c1041813c8	3176	donante	1.25942e-08
mvm_actual__3utr1092	c8826bb1e689f92f8d4074c1041813c8	3177	aceptor	2.66246e-07
mvm_actual__3utr1092	c8826bb1e689f92f8d4074c1041813c8	3177	donante	1.14798e-08
mvm_actual__3utr1092	c8826bb1e689f92f8d4074c1041813c8	3178	aceptor	6.3779e-09
mvm_actual__3utr1092	c8826bb1e689f92f8d4074c1041813c8	3178	donante	1.88223e-08
mvm_actual__3utr1092	c8826bb1e689f92f8d4074c1041813c8	3179	aceptor	1.40788e-07
mvm_actual__3utr1092	c8826bb1e689f92f8d4074c1041813c8	3179	donante	1.80105e-08
mvm_actual__3utr1092	c8826bb1e689f92f8d4074c1041813c8	3180	aceptor	2.30525e-07
mvm_actual__3utr1092	c8826bb1e689f92f8d4074c1041813c8	3180	donante	3.38808e-08
mvm_actual__3utr1092	c8826bb1e689f92f8d4074c1041813c8	3181	aceptor	1.97658e-07
mvm_actual__3utr1092	c8826bb1e689f92f8d4074c1041813c8	3181	donante	2.46444e-08
mvm_actual__3utr1092	c8826bb1e689f92f8d4074c1041813c8	3182	aceptor	1.28918e-07
mvm_actual__3utr1092	c8826bb1e689f92f8d4074c1041813c8	3182	donante	7.76543e-09
mvm_actual__3utr1092	c8826bb1e689f92f8d4074c1041813c8	3183	aceptor	1.05808e-07
mvm_actual__3utr1092	c8826bb1e689f92f8d4074c1041813c8	3183	donante	4.97558e-09
mvm_actual__3utr1092	c8826bb1e689f92f8d4074c1041813c8	3184	aceptor	3.12562e-07
mvm_actual__3utr1092	c8826bb1e689f92f8d4074c1041813c8	3184	donante	3.47251e-08
mvm_actual__3utr1092	c8826bb1e689f92f8d4074c1041813c8	3185	aceptor	1.86955e-07
mvm_actual__3utr1092	c8826bb1e689f92f8d4074c1041813c8	3185	donante	7.33466e-09
mvm_actual__3utr1092	c8826bb1e689f92f8d4074c1041813c8	3186	aceptor	1.0217e-07
mvm_actual__3utr1092	c8826bb1e689f92f8d4074c1041813c8	3186	donante	3.09033e-08
mvm_actual__3utr1092	c8826bb1e689f92f8d4074c1041813c8	3187	aceptor	7.13099e-07
mvm_actual__3utr1092	c8826bb1e689f92f8d4074c1041813c8	3187	donante	3.80758e-08
mvm_actual__3utr1092	c8826bb1e689f92f8d4074c1041813c8	3188	aceptor	2.51795e-07
mvm_actual__3utr1092	c8826bb1e689f92f8d4074c1041813c8	3188	donante	8.01397e-09
mvm_actual__3utr1092	c8826bb1e689f92f8d4074c1041813c8	3189	aceptor	2.65689e-07
mvm_actual__3utr1092	c8826bb1e689f92f8d4074c1041813c8	3189	donante	4.78605e-08
mvm_actual__3utr1092	c8826bb1e689f92f8d4074c1041813c8	3190	aceptor	6.03341e-08
mvm_actual__3utr1092	c8826bb1e689f92f8d4074c1041813c8	3190	donante	6.18209e-08
mvm_actual__3utr1092	c8826bb1e689f92f8d4074c1041813c8	3191	aceptor	8.21892e-08
mvm_actual__3utr1092	c8826bb1e689f92f8d4074c1041813c8	3191	donante	3.23294e-08
mvm_actual__3utr1092	c8826bb1e689f92f8d4074c1041813c8	3192	aceptor	5.32578e-07
mvm_actual__3utr1092	c8826bb1e689f92f8d4074c1041813c8	3192	donante	9.4975e-08
mvm_actual__3utr1092	c8826bb1e689f92f8d4074c1041813c8	3193	aceptor	2.87238e-05
mvm_actual__3utr1092	c8826bb1e689f92f8d4074c1041813c8	3193	donante	3.39011e-06
mvm_actual__3utr1092	c8826bb1e689f92f8d4074c1041813c8	3194	aceptor	1.35448e-08
mvm_actual__3utr1092	c8826bb1e689f92f8d4074c1041813c8	3194	donante	1.81492e-07
mvm_actual__3utr1092	c8826bb1e689f92f8d4074c1041813c8	3195	aceptor	2.99903e-06
mvm_actual__3utr1092	c8826bb1e689f92f8d4074c1041813c8	3195	donante	2.78918e-07
mvm_actual__3utr1092	c8826bb1e689f92f8d4074c1041813c8	3196	aceptor	2.53637e-08
mvm_actual__3utr1092	c8826bb1e689f92f8d4074c1041813c8	3196	donante	5.51559e-07
mvm_actual__3utr1092	c8826bb1e689f92f8d4074c1041813c8	3197	aceptor	1.7632e-08
mvm_actual__3utr1092	c8826bb1e689f92f8d4074c1041813c8	3197	donante	5.74121e-07
mvm_actual__3utr1092	c8826bb1e689f92f8d4074c1041813c8	3198	aceptor	2.81008e-08
mvm_actual__3utr1092	c8826bb1e689f92f8d4074c1041813c8	3198	donante	4.40205e-08
mvm_actual__3utr1092	c8826bb1e689f92f8d4074c1041813c8	3199	aceptor	5.78366e-06
mvm_actual__3utr1092	c8826bb1e689f92f8d4074c1041813c8	3199	donante	1.75513e-06
mvm_actual__3utr1092	c8826bb1e689f92f8d4074c1041813c8	3200	aceptor	3.34707e-08
mvm_actual__3utr1092	c8826bb1e689f92f8d4074c1041813c8	3200	donante	2.36496e-07
mvm_actual__3utr1092	c8826bb1e689f92f8d4074c1041813c8	3201	aceptor	4.64161e-08
mvm_actual__3utr1092	c8826bb1e689f92f8d4074c1041813c8	3201	donante	5.1791e-07
mvm_actual__3utr1092	c8826bb1e689f92f8d4074c1041813c8	3202	aceptor	2.09814e-08
mvm_actual__3utr1092	c8826bb1e689f92f8d4074c1041813c8	3202	donante	1.00011e-06
mvm_actual__3utr1092	c8826bb1e689f92f8d4074c1041813c8	3203	aceptor	4.71094e-07
mvm_actual__3utr1092	c8826bb1e689f92f8d4074c1041813c8	3203	donante	1.57248e-06
mvm_actual__3utr1092	c8826bb1e689f92f8d4074c1041813c8	3204	aceptor	1.20068e-06
mvm_actual__3utr1092	c8826bb1e689f92f8d4074c1041813c8	3204	donante	2.84804e-07
mvm_actual__3utr1092	c8826bb1e689f92f8d4074c1041813c8	3205	aceptor	5.82159e-08
mvm_actual__3utr1092	c8826bb1e689f92f8d4074c1041813c8	3205	donante	2.84853e-07
mvm_actual__3utr1092	c8826bb1e689f92f8d4074c1041813c8	3206	aceptor	5.79808e-08
mvm_actual__3utr1092	c8826bb1e689f92f8d4074c1041813c8	3206	donante	3.13402e-08
mvm_actual__3utr1092	c8826bb1e689f92f8d4074c1041813c8	3207	aceptor	2.50234e-08
mvm_actual__3utr1092	c8826bb1e689f92f8d4074c1041813c8	3207	donante	1.61312e-07
mvm_actual__3utr1092	c8826bb1e689f92f8d4074c1041813c8	3208	aceptor	3.67695e-08
mvm_actual__3utr1092	c8826bb1e689f92f8d4074c1041813c8	3208	donante	5.3414e-08
mvm_actual__3utr1092	c8826bb1e689f92f8d4074c1041813c8	3209	aceptor	2.25024e-07
mvm_actual__3utr1092	c8826bb1e689f92f8d4074c1041813c8	3209	donante	1.83681e-07
mvm_actual__3utr1092	c8826bb1e689f92f8d4074c1041813c8	3210	aceptor	5.63869e-08
mvm_actual__3utr1092	c8826bb1e689f92f8d4074c1041813c8	3210	donante	2.36314e-07
mvm_actual__3utr1092	c8826bb1e689f92f8d4074c1041813c8	3211	aceptor	1.2338e-06
mvm_actual__3utr1092	c8826bb1e689f92f8d4074c1041813c8	3211	donante	2.14463e-07
mvm_actual__3utr1092	c8826bb1e689f92f8d4074c1041813c8	3212	aceptor	6.98745e-07
mvm_actual__3utr1092	c8826bb1e689f92f8d4074c1041813c8	3212	donante	1.24876e-06
mvm_actual__3utr1092	c8826bb1e689f92f8d4074c1041813c8	3213	aceptor	1.1523e-05
mvm_actual__3utr1092	c8826bb1e689f92f8d4074c1041813c8	3213	donante	0.00363359
mvm_actual__3utr1092	c8826bb1e689f92f8d4074c1041813c8	3214	aceptor	2.84022e-06
mvm_actual__3utr1092	c8826bb1e689f92f8d4074c1041813c8	3214	donante	5.01132e-07
mvm_actual__3utr1092	c8826bb1e689f92f8d4074c1041813c8	3215	aceptor	1.38985e-06
mvm_actual__3utr1092	c8826bb1e689f92f8d4074c1041813c8	3215	donante	1.33587e-06
mvm_actual__3utr1092	c8826bb1e689f92f8d4074c1041813c8	3216	aceptor	1.73311e-07
mvm_actual__3utr1092	c8826bb1e689f92f8d4074c1041813c8	3216	donante	2.04634e-07
mvm_actual__3utr1092	c8826bb1e689f92f8d4074c1041813c8	3217	aceptor	1.36072e-07
mvm_actual__3utr1092	c8826bb1e689f92f8d4074c1041813c8	3217	donante	5.65513e-07
mvm_actual__3utr1092	c8826bb1e689f92f8d4074c1041813c8	3218	aceptor	9.39245e-07
mvm_actual__3utr1092	c8826bb1e689f92f8d4074c1041813c8	3218	donante	1.18126e-07
mvm_actual__3utr1092	c8826bb1e689f92f8d4074c1041813c8	3219	aceptor	1.14082e-07
mvm_actual__3utr1092	c8826bb1e689f92f8d4074c1041813c8	3219	donante	1.42499e-07
mvm_actual__3utr1092	c8826bb1e689f92f8d4074c1041813c8	3220	aceptor	1.73165e-07
mvm_actual__3utr1092	c8826bb1e689f92f8d4074c1041813c8	3220	donante	1.3753e-07
mvm_actual__3utr1092	c8826bb1e689f92f8d4074c1041813c8	3221	aceptor	4.3572e-07
mvm_actual__3utr1092	c8826bb1e689f92f8d4074c1041813c8	3221	donante	2.84059e-07
mvm_actual__3utr1092	c8826bb1e689f92f8d4074c1041813c8	3222	aceptor	1.24224e-06
mvm_actual__3utr1092	c8826bb1e689f92f8d4074c1041813c8	3222	donante	3.19698e-07
mvm_actual__3utr1092	c8826bb1e689f92f8d4074c1041813c8	3223	aceptor	8.87191e-07
mvm_actual__3utr1092	c8826bb1e689f92f8d4074c1041813c8	3223	donante	7.04955e-07
mvm_actual__3utr1092	c8826bb1e689f92f8d4074c1041813c8	3224	aceptor	7.18776e-08
mvm_actual__3utr1092	c8826bb1e689f92f8d4074c1041813c8	3224	donante	1.50002e-07
mvm_actual__3utr1092	c8826bb1e689f92f8d4074c1041813c8	3225	aceptor	6.61381e-07
mvm_actual__3utr1092	c8826bb1e689f92f8d4074c1041813c8	3225	donante	2.29639e-07
mvm_actual__3utr1092	c8826bb1e689f92f8d4074c1041813c8	3226	aceptor	3.25993e-08
mvm_actual__3utr1092	c8826bb1e689f92f8d4074c1041813c8	3226	donante	1.58718e-07
mvm_actual__3utr1092	c8826bb1e689f92f8d4074c1041813c8	3227	aceptor	1.46515e-07
mvm_actual__3utr1092	c8826bb1e689f92f8d4074c1041813c8	3227	donante	2.13761e-07
mvm_actual__3utr1092	c8826bb1e689f92f8d4074c1041813c8	3228	aceptor	1.56823e-07
mvm_actual__3utr1092	c8826bb1e689f92f8d4074c1041813c8	3228	donante	7.41362e-08
mvm_actual__3utr1092	c8826bb1e689f92f8d4074c1041813c8	3229	aceptor	6.78329e-08
mvm_actual__3utr1092	c8826bb1e689f92f8d4074c1041813c8	3229	donante	3.23857e-07
mvm_actual__3utr1092	c8826bb1e689f92f8d4074c1041813c8	3230	aceptor	1.69193e-06
mvm_actual__3utr1092	c8826bb1e689f92f8d4074c1041813c8	3230	donante	0.000121045
mvm_actual__3utr1092	c8826bb1e689f92f8d4074c1041813c8	3231	aceptor	1.31427e-07
mvm_actual__3utr1092	c8826bb1e689f92f8d4074c1041813c8	3231	donante	1.22612e-07
mvm_actual__3utr1092	c8826bb1e689f92f8d4074c1041813c8	3232	aceptor	4.35512e-05
mvm_actual__3utr1092	c8826bb1e689f92f8d4074c1041813c8	3232	donante	3.16672e-06
mvm_actual__3utr1092	c8826bb1e689f92f8d4074c1041813c8	3233	aceptor	2.43714e-07
mvm_actual__3utr1092	c8826bb1e689f92f8d4074c1041813c8	3233	donante	5.2475e-08
mvm_actual__3utr1092	c8826bb1e689f92f8d4074c1041813c8	3234	aceptor	1.05062e-07
mvm_actual__3utr1092	c8826bb1e689f92f8d4074c1041813c8	3234	donante	4.18067e-07
mvm_actual__3utr1092	c8826bb1e689f92f8d4074c1041813c8	3235	aceptor	9.91084e-08
mvm_actual__3utr1092	c8826bb1e689f92f8d4074c1041813c8	3235	donante	7.62102e-08
mvm_actual__3utr1092	c8826bb1e689f92f8d4074c1041813c8	3236	aceptor	1.00478e-06
mvm_actual__3utr1092	c8826bb1e689f92f8d4074c1041813c8	3236	donante	1.19094e-06
mvm_actual__3utr1092	c8826bb1e689f92f8d4074c1041813c8	3237	aceptor	2.37794e-07
mvm_actual__3utr1092	c8826bb1e689f92f8d4074c1041813c8	3237	donante	2.76061e-07
mvm_actual__3utr1092	c8826bb1e689f92f8d4074c1041813c8	3238	aceptor	8.15534e-08
mvm_actual__3utr1092	c8826bb1e689f92f8d4074c1041813c8	3238	donante	4.83684e-08
mvm_actual__3utr1092	c8826bb1e689f92f8d4074c1041813c8	3239	aceptor	2.10985e-07
mvm_actual__3utr1092	c8826bb1e689f92f8d4074c1041813c8	3239	donante	1.54438e-07
mvm_actual__3utr1092	c8826bb1e689f92f8d4074c1041813c8	3240	aceptor	5.95078e-07
mvm_actual__3utr1092	c8826bb1e689f92f8d4074c1041813c8	3240	donante	5.00045e-07
mvm_actual__3utr1092	c8826bb1e689f92f8d4074c1041813c8	3241	aceptor	6.20714e-07
mvm_actual__3utr1092	c8826bb1e689f92f8d4074c1041813c8	3241	donante	9.38216e-08
mvm_actual__3utr1092	c8826bb1e689f92f8d4074c1041813c8	3242	aceptor	1.29837e-07
mvm_actual__3utr1092	c8826bb1e689f92f8d4074c1041813c8	3242	donante	8.75147e-08
mvm_actual__3utr1092	c8826bb1e689f92f8d4074c1041813c8	3243	aceptor	7.75224e-08
mvm_actual__3utr1092	c8826bb1e689f92f8d4074c1041813c8	3243	donante	4.18791e-07
mvm_actual__3utr1092	c8826bb1e689f92f8d4074c1041813c8	3244	aceptor	2.543e-07
mvm_actual__3utr1092	c8826bb1e689f92f8d4074c1041813c8	3244	donante	2.7039e-07
mvm_actual__3utr1092	c8826bb1e689f92f8d4074c1041813c8	3245	aceptor	1.52038e-06
mvm_actual__3utr1092	c8826bb1e689f92f8d4074c1041813c8	3245	donante	1.3425e-07
mvm_actual__3utr1092	c8826bb1e689f92f8d4074c1041813c8	3246	aceptor	7.45184e-08
mvm_actual__3utr1092	c8826bb1e689f92f8d4074c1041813c8	3246	donante	3.49118e-07
mvm_actual__3utr1092	c8826bb1e689f92f8d4074c1041813c8	3247	aceptor	9.37604e-08
mvm_actual__3utr1092	c8826bb1e689f92f8d4074c1041813c8	3247	donante	4.10699e-07
mvm_actual__3utr1092	c8826bb1e689f92f8d4074c1041813c8	3248	aceptor	9.15488e-08
mvm_actual__3utr1092	c8826bb1e689f92f8d4074c1041813c8	3248	donante	3.89026e-08
mvm_actual__3utr1092	c8826bb1e689f92f8d4074c1041813c8	3249	aceptor	7.40671e-07
mvm_actual__3utr1092	c8826bb1e689f92f8d4074c1041813c8	3249	donante	6.04197e-05
mvm_actual__3utr1092	c8826bb1e689f92f8d4074c1041813c8	3250	aceptor	8.37136e-07
mvm_actual__3utr1092	c8826bb1e689f92f8d4074c1041813c8	3250	donante	4.7e-07
mvm_actual__3utr1092	c8826bb1e689f92f8d4074c1041813c8	3251	aceptor	1.05955e-06
mvm_actual__3utr1092	c8826bb1e689f92f8d4074c1041813c8	3251	donante	1.49266e-07
mvm_actual__3utr1092	c8826bb1e689f92f8d4074c1041813c8	3252	aceptor	9.98605e-07
mvm_actual__3utr1092	c8826bb1e689f92f8d4074c1041813c8	3252	donante	2.04144e-07
mvm_actual__3utr1092	c8826bb1e689f92f8d4074c1041813c8	3253	aceptor	6.03662e-07
mvm_actual__3utr1092	c8826bb1e689f92f8d4074c1041813c8	3253	donante	5.59582e-07
mvm_actual__3utr1092	c8826bb1e689f92f8d4074c1041813c8	3254	aceptor	1.32852e-06
mvm_actual__3utr1092	c8826bb1e689f92f8d4074c1041813c8	3254	donante	9.06491e-06
mvm_actual__3utr1092	c8826bb1e689f92f8d4074c1041813c8	3255	aceptor	2.32736e-07
mvm_actual__3utr1092	c8826bb1e689f92f8d4074c1041813c8	3255	donante	3.30557e-07
mvm_actual__3utr1092	c8826bb1e689f92f8d4074c1041813c8	3256	aceptor	1.65831e-05
mvm_actual__3utr1092	c8826bb1e689f92f8d4074c1041813c8	3256	donante	2.20056e-06
mvm_actual__3utr1092	c8826bb1e689f92f8d4074c1041813c8	3257	aceptor	1.9708e-07
mvm_actual__3utr1092	c8826bb1e689f92f8d4074c1041813c8	3257	donante	2.113e-06
mvm_actual__3utr1092	c8826bb1e689f92f8d4074c1041813c8	3258	aceptor	1.62474e-07
mvm_actual__3utr1092	c8826bb1e689f92f8d4074c1041813c8	3258	donante	1.01648e-05
mvm_actual__3utr1092	c8826bb1e689f92f8d4074c1041813c8	3259	aceptor	1.37891e-05
mvm_actual__3utr1092	c8826bb1e689f92f8d4074c1041813c8	3259	donante	8.87717e-07
mvm_actual__3utr1092	c8826bb1e689f92f8d4074c1041813c8	3260	aceptor	6.87129e-08
mvm_actual__3utr1092	c8826bb1e689f92f8d4074c1041813c8	3260	donante	2.38496e-07
mvm_actual__3utr1092	c8826bb1e689f92f8d4074c1041813c8	3261	aceptor	1.63669e-07
mvm_actual__3utr1092	c8826bb1e689f92f8d4074c1041813c8	3261	donante	6.31265e-06
mvm_actual__3utr1092	c8826bb1e689f92f8d4074c1041813c8	3262	aceptor	2.14191e-07
mvm_actual__3utr1092	c8826bb1e689f92f8d4074c1041813c8	3262	donante	1.52351e-07
mvm_actual__3utr1092	c8826bb1e689f92f8d4074c1041813c8	3263	aceptor	5.16315e-06
mvm_actual__3utr1092	c8826bb1e689f92f8d4074c1041813c8	3263	donante	2.43521e-07
mvm_actual__3utr1092	c8826bb1e689f92f8d4074c1041813c8	3264	aceptor	4.3057e-08
mvm_actual__3utr1092	c8826bb1e689f92f8d4074c1041813c8	3264	donante	1.7271e-07
mvm_actual__3utr1092	c8826bb1e689f92f8d4074c1041813c8	3265	aceptor	2.37587e-07
mvm_actual__3utr1092	c8826bb1e689f92f8d4074c1041813c8	3265	donante	4.4194e-07
mvm_actual__3utr1092	c8826bb1e689f92f8d4074c1041813c8	3266	aceptor	1.0417e-07
mvm_actual__3utr1092	c8826bb1e689f92f8d4074c1041813c8	3266	donante	2.32979e-07
mvm_actual__3utr1092	c8826bb1e689f92f8d4074c1041813c8	3267	aceptor	1.41605e-07
mvm_actual__3utr1092	c8826bb1e689f92f8d4074c1041813c8	3267	donante	2.95465e-07
mvm_actual__3utr1092	c8826bb1e689f92f8d4074c1041813c8	3268	aceptor	2.13204e-06
mvm_actual__3utr1092	c8826bb1e689f92f8d4074c1041813c8	3268	donante	6.55409e-07
mvm_actual__3utr1092	c8826bb1e689f92f8d4074c1041813c8	3269	aceptor	5.35553e-08
mvm_actual__3utr1092	c8826bb1e689f92f8d4074c1041813c8	3269	donante	1.30772e-07
mvm_actual__3utr1092	c8826bb1e689f92f8d4074c1041813c8	3270	aceptor	5.8986e-08
mvm_actual__3utr1092	c8826bb1e689f92f8d4074c1041813c8	3270	donante	1.71646e-07
mvm_actual__3utr1092	c8826bb1e689f92f8d4074c1041813c8	3271	aceptor	2.29575e-07
mvm_actual__3utr1092	c8826bb1e689f92f8d4074c1041813c8	3271	donante	1.91325e-07
mvm_actual__3utr1092	c8826bb1e689f92f8d4074c1041813c8	3272	aceptor	2.70492e-07
mvm_actual__3utr1092	c8826bb1e689f92f8d4074c1041813c8	3272	donante	1.1705e-06
mvm_actual__3utr1092	c8826bb1e689f92f8d4074c1041813c8	3273	aceptor	1.13746e-07
mvm_actual__3utr1092	c8826bb1e689f92f8d4074c1041813c8	3273	donante	2.1685e-07
mvm_actual__3utr1092	c8826bb1e689f92f8d4074c1041813c8	3274	aceptor	7.01081e-05
mvm_actual__3utr1092	c8826bb1e689f92f8d4074c1041813c8	3274	donante	1.11765e-06
mvm_actual__3utr1092	c8826bb1e689f92f8d4074c1041813c8	3275	aceptor	3.93314e-07
mvm_actual__3utr1092	c8826bb1e689f92f8d4074c1041813c8	3275	donante	0.000100605
mvm_actual__3utr1092	c8826bb1e689f92f8d4074c1041813c8	3276	aceptor	7.45789e-07
mvm_actual__3utr1092	c8826bb1e689f92f8d4074c1041813c8	3276	donante	2.99406e-07
mvm_actual__3utr1092	c8826bb1e689f92f8d4074c1041813c8	3277	aceptor	5.08987e-07
mvm_actual__3utr1092	c8826bb1e689f92f8d4074c1041813c8	3277	donante	7.68852e-07
mvm_actual__3utr1092	c8826bb1e689f92f8d4074c1041813c8	3278	aceptor	4.69026e-08
mvm_actual__3utr1092	c8826bb1e689f92f8d4074c1041813c8	3278	donante	5.68388e-07
mvm_actual__3utr1092	c8826bb1e689f92f8d4074c1041813c8	3279	aceptor	2.20704e-08
mvm_actual__3utr1092	c8826bb1e689f92f8d4074c1041813c8	3279	donante	1.90216e-06
mvm_actual__3utr1092	c8826bb1e689f92f8d4074c1041813c8	3280	aceptor	8.84822e-07
mvm_actual__3utr1092	c8826bb1e689f92f8d4074c1041813c8	3280	donante	1.55277e-07
mvm_actual__3utr1092	c8826bb1e689f92f8d4074c1041813c8	3281	aceptor	5.17259e-08
mvm_actual__3utr1092	c8826bb1e689f92f8d4074c1041813c8	3281	donante	2.56221e-07
mvm_actual__3utr1092	c8826bb1e689f92f8d4074c1041813c8	3282	aceptor	1.44648e-07
mvm_actual__3utr1092	c8826bb1e689f92f8d4074c1041813c8	3282	donante	3.05095e-07
mvm_actual__3utr1092	c8826bb1e689f92f8d4074c1041813c8	3283	aceptor	5.13947e-07
mvm_actual__3utr1092	c8826bb1e689f92f8d4074c1041813c8	3283	donante	1.49986e-07
mvm_actual__3utr1092	c8826bb1e689f92f8d4074c1041813c8	3284	aceptor	1.75733e-06
mvm_actual__3utr1092	c8826bb1e689f92f8d4074c1041813c8	3284	donante	8.24379e-05
mvm_actual__3utr1092	c8826bb1e689f92f8d4074c1041813c8	3285	aceptor	2.68452e-07
mvm_actual__3utr1092	c8826bb1e689f92f8d4074c1041813c8	3285	donante	5.15192e-07
mvm_actual__3utr1092	c8826bb1e689f92f8d4074c1041813c8	3286	aceptor	2.81629e-06
mvm_actual__3utr1092	c8826bb1e689f92f8d4074c1041813c8	3286	donante	1.5678e-06
mvm_actual__3utr1092	c8826bb1e689f92f8d4074c1041813c8	3287	aceptor	2.17569e-07
mvm_actual__3utr1092	c8826bb1e689f92f8d4074c1041813c8	3287	donante	3.59813e-07
mvm_actual__3utr1092	c8826bb1e689f92f8d4074c1041813c8	3288	aceptor	6.71006e-08
mvm_actual__3utr1092	c8826bb1e689f92f8d4074c1041813c8	3288	donante	1.40229e-06
mvm_actual__3utr1092	c8826bb1e689f92f8d4074c1041813c8	3289	aceptor	5.15194e-05
mvm_actual__3utr1092	c8826bb1e689f92f8d4074c1041813c8	3289	donante	1.9275e-06
mvm_actual__3utr1092	c8826bb1e689f92f8d4074c1041813c8	3290	aceptor	2.45808e-07
mvm_actual__3utr1092	c8826bb1e689f92f8d4074c1041813c8	3290	donante	8.42638e-07
mvm_actual__3utr1092	c8826bb1e689f92f8d4074c1041813c8	3291	aceptor	7.48503e-07
mvm_actual__3utr1092	c8826bb1e689f92f8d4074c1041813c8	3291	donante	2.68619e-07
mvm_actual__3utr1092	c8826bb1e689f92f8d4074c1041813c8	3292	aceptor	1.17052e-06
mvm_actual__3utr1092	c8826bb1e689f92f8d4074c1041813c8	3292	donante	3.17298e-07
mvm_actual__3utr1092	c8826bb1e689f92f8d4074c1041813c8	3293	aceptor	4.89433e-07
mvm_actual__3utr1092	c8826bb1e689f92f8d4074c1041813c8	3293	donante	1.51445e-06
mvm_actual__3utr1092	c8826bb1e689f92f8d4074c1041813c8	3294	aceptor	2.55553e-07
mvm_actual__3utr1092	c8826bb1e689f92f8d4074c1041813c8	3294	donante	7.85208e-07
mvm_actual__3utr1092	c8826bb1e689f92f8d4074c1041813c8	3295	aceptor	3.84983e-07
mvm_actual__3utr1092	c8826bb1e689f92f8d4074c1041813c8	3295	donante	1.44846e-06
mvm_actual__3utr1092	c8826bb1e689f92f8d4074c1041813c8	3296	aceptor	9.34792e-07
mvm_actual__3utr1092	c8826bb1e689f92f8d4074c1041813c8	3296	donante	7.93871e-07
mvm_actual__3utr1092	c8826bb1e689f92f8d4074c1041813c8	3297	aceptor	8.71886e-07
mvm_actual__3utr1092	c8826bb1e689f92f8d4074c1041813c8	3297	donante	6.56546e-06
mvm_actual__3utr1092	c8826bb1e689f92f8d4074c1041813c8	3298	aceptor	0.0169473
mvm_actual__3utr1092	c8826bb1e689f92f8d4074c1041813c8	3298	donante	5.58201e-05
mvm_actual__3utr1092	c8826bb1e689f92f8d4074c1041813c8	3299	aceptor	3.72981e-07
mvm_actual__3utr1092	c8826bb1e689f92f8d4074c1041813c8	3299	donante	1.44375e-06
mvm_actual__3utr1092	c8826bb1e689f92f8d4074c1041813c8	3300	aceptor	3.29875e-07
mvm_actual__3utr1092	c8826bb1e689f92f8d4074c1041813c8	3300	donante	6.6254e-07
mvm_actual__3utr1092	c8826bb1e689f92f8d4074c1041813c8	3301	aceptor	2.29269e-07
mvm_actual__3utr1092	c8826bb1e689f92f8d4074c1041813c8	3301	donante	2.99078e-07
mvm_actual__3utr1092	c8826bb1e689f92f8d4074c1041813c8	3302	aceptor	3.91887e-08
mvm_actual__3utr1092	c8826bb1e689f92f8d4074c1041813c8	3302	donante	6.2354e-07
mvm_actual__3utr1092	c8826bb1e689f92f8d4074c1041813c8	3303	aceptor	5.66477e-07
mvm_actual__3utr1092	c8826bb1e689f92f8d4074c1041813c8	3303	donante	1.62397e-06
mvm_actual__3utr1092	c8826bb1e689f92f8d4074c1041813c8	3304	aceptor	5.57623e-07
mvm_actual__3utr1092	c8826bb1e689f92f8d4074c1041813c8	3304	donante	6.7381e-07
mvm_actual__3utr1092	c8826bb1e689f92f8d4074c1041813c8	3305	aceptor	9.05469e-08
mvm_actual__3utr1092	c8826bb1e689f92f8d4074c1041813c8	3305	donante	5.19642e-07
mvm_actual__3utr1092	c8826bb1e689f92f8d4074c1041813c8	3306	aceptor	1.7171e-07
mvm_actual__3utr1092	c8826bb1e689f92f8d4074c1041813c8	3306	donante	1.01807e-06
mvm_actual__3utr1092	c8826bb1e689f92f8d4074c1041813c8	3307	aceptor	6.92078e-08
mvm_actual__3utr1092	c8826bb1e689f92f8d4074c1041813c8	3307	donante	1.23896e-06
mvm_actual__3utr1092	c8826bb1e689f92f8d4074c1041813c8	3308	aceptor	2.1376e-07
mvm_actual__3utr1092	c8826bb1e689f92f8d4074c1041813c8	3308	donante	8.10602e-07
mvm_actual__3utr1092	c8826bb1e689f92f8d4074c1041813c8	3309	aceptor	1.21963e-07
mvm_actual__3utr1092	c8826bb1e689f92f8d4074c1041813c8	3309	donante	1.76985e-07
mvm_actual__3utr1092	c8826bb1e689f92f8d4074c1041813c8	3310	aceptor	6.01883e-07
mvm_actual__3utr1092	c8826bb1e689f92f8d4074c1041813c8	3310	donante	1.37478e-06
mvm_actual__3utr1092	c8826bb1e689f92f8d4074c1041813c8	3311	aceptor	5.2469e-08
mvm_actual__3utr1092	c8826bb1e689f92f8d4074c1041813c8	3311	donante	2.07689e-07
mvm_actual__3utr1092	c8826bb1e689f92f8d4074c1041813c8	3312	aceptor	6.11895e-08
mvm_actual__3utr1092	c8826bb1e689f92f8d4074c1041813c8	3312	donante	3.29114e-07
mvm_actual__3utr1092	c8826bb1e689f92f8d4074c1041813c8	3313	aceptor	1.31733e-07
mvm_actual__3utr1092	c8826bb1e689f92f8d4074c1041813c8	3313	donante	4.67284e-07
mvm_actual__3utr1092	c8826bb1e689f92f8d4074c1041813c8	3314	aceptor	9.3114e-08
mvm_actual__3utr1092	c8826bb1e689f92f8d4074c1041813c8	3314	donante	2.46527e-07
mvm_actual__3utr1092	c8826bb1e689f92f8d4074c1041813c8	3315	aceptor	6.64888e-07
mvm_actual__3utr1092	c8826bb1e689f92f8d4074c1041813c8	3315	donante	5.51595e-07
mvm_actual__3utr1092	c8826bb1e689f92f8d4074c1041813c8	3316	aceptor	1.04274e-06
mvm_actual__3utr1092	c8826bb1e689f92f8d4074c1041813c8	3316	donante	1.56883e-06
mvm_actual__3utr1092	c8826bb1e689f92f8d4074c1041813c8	3317	aceptor	2.10962e-07
mvm_actual__3utr1092	c8826bb1e689f92f8d4074c1041813c8	3317	donante	5.28075e-07
mvm_actual__3utr1092	c8826bb1e689f92f8d4074c1041813c8	3318	aceptor	1.59566e-07
mvm_actual__3utr1092	c8826bb1e689f92f8d4074c1041813c8	3318	donante	2.91609e-07
mvm_actual__3utr1092	c8826bb1e689f92f8d4074c1041813c8	3319	aceptor	2.90864e-07
mvm_actual__3utr1092	c8826bb1e689f92f8d4074c1041813c8	3319	donante	1.06547e-06
mvm_actual__3utr1092	c8826bb1e689f92f8d4074c1041813c8	3320	aceptor	6.87168e-07
mvm_actual__3utr1092	c8826bb1e689f92f8d4074c1041813c8	3320	donante	9.83755e-07
mvm_actual__3utr1092	c8826bb1e689f92f8d4074c1041813c8	3321	aceptor	1.52418e-07
mvm_actual__3utr1092	c8826bb1e689f92f8d4074c1041813c8	3321	donante	7.0531e-07
mvm_actual__3utr1092	c8826bb1e689f92f8d4074c1041813c8	3322	aceptor	1.46293e-07
mvm_actual__3utr1092	c8826bb1e689f92f8d4074c1041813c8	3322	donante	1.09195e-06
mvm_actual__3utr1092	c8826bb1e689f92f8d4074c1041813c8	3323	aceptor	1.39805e-07
mvm_actual__3utr1092	c8826bb1e689f92f8d4074c1041813c8	3323	donante	3.36336e-06
mvm_actual__3utr1092	c8826bb1e689f92f8d4074c1041813c8	3324	aceptor	5.20587e-05
mvm_actual__3utr1092	c8826bb1e689f92f8d4074c1041813c8	3324	donante	5.97159e-06
mvm_actual__3utr1092	c8826bb1e689f92f8d4074c1041813c8	3325	aceptor	3.31426e-07
mvm_actual__3utr1092	c8826bb1e689f92f8d4074c1041813c8	3325	donante	6.07542e-06
mvm_actual__3utr1092	c8826bb1e689f92f8d4074c1041813c8	3326	aceptor	4.72106e-07
mvm_actual__3utr1092	c8826bb1e689f92f8d4074c1041813c8	3326	donante	2.5039e-06
mvm_actual__3utr1092	c8826bb1e689f92f8d4074c1041813c8	3327	aceptor	1.01541e-07
mvm_actual__3utr1092	c8826bb1e689f92f8d4074c1041813c8	3327	donante	5.81623e-07
mvm_actual__3utr1092	c8826bb1e689f92f8d4074c1041813c8	3328	aceptor	4.64328e-08
mvm_actual__3utr1092	c8826bb1e689f92f8d4074c1041813c8	3328	donante	1.17335e-06
mvm_actual__3utr1092	c8826bb1e689f92f8d4074c1041813c8	3329	aceptor	5.19708e-08
mvm_actual__3utr1092	c8826bb1e689f92f8d4074c1041813c8	3329	donante	4.59796e-07
mvm_actual__3utr1092	c8826bb1e689f92f8d4074c1041813c8	3330	aceptor	1.07911e-07
mvm_actual__3utr1092	c8826bb1e689f92f8d4074c1041813c8	3330	donante	8.30049e-07
mvm_actual__3utr1092	c8826bb1e689f92f8d4074c1041813c8	3331	aceptor	7.4525e-06
mvm_actual__3utr1092	c8826bb1e689f92f8d4074c1041813c8	3331	donante	4.02774e-05
mvm_actual__3utr1092	c8826bb1e689f92f8d4074c1041813c8	3332	aceptor	4.87857e-08
mvm_actual__3utr1092	c8826bb1e689f92f8d4074c1041813c8	3332	donante	1.02731e-05
mvm_actual__3utr1092	c8826bb1e689f92f8d4074c1041813c8	3333	aceptor	1.09369e-07
mvm_actual__3utr1092	c8826bb1e689f92f8d4074c1041813c8	3333	donante	3.83108e-07
mvm_actual__3utr1092	c8826bb1e689f92f8d4074c1041813c8	3334	aceptor	1.49304e-07
mvm_actual__3utr1092	c8826bb1e689f92f8d4074c1041813c8	3334	donante	1.42378e-06
mvm_actual__3utr1092	c8826bb1e689f92f8d4074c1041813c8	3335	aceptor	8.05223e-08
mvm_actual__3utr1092	c8826bb1e689f92f8d4074c1041813c8	3335	donante	2.91921e-06
mvm_actual__3utr1092	c8826bb1e689f92f8d4074c1041813c8	3336	aceptor	1.70166e-07
mvm_actual__3utr1092	c8826bb1e689f92f8d4074c1041813c8	3336	donante	9.8813e-06
mvm_actual__3utr1092	c8826bb1e689f92f8d4074c1041813c8	3337	aceptor	3.44424e-07
mvm_actual__3utr1092	c8826bb1e689f92f8d4074c1041813c8	3337	donante	7.29835e-07
mvm_actual__3utr1092	c8826bb1e689f92f8d4074c1041813c8	3338	aceptor	1.03086e-07
mvm_actual__3utr1092	c8826bb1e689f92f8d4074c1041813c8	3338	donante	8.61225e-07
mvm_actual__3utr1092	c8826bb1e689f92f8d4074c1041813c8	3339	aceptor	6.93122e-08
mvm_actual__3utr1092	c8826bb1e689f92f8d4074c1041813c8	3339	donante	1.27583e-06
mvm_actual__3utr1092	c8826bb1e689f92f8d4074c1041813c8	3340	aceptor	5.72445e-07
mvm_actual__3utr1092	c8826bb1e689f92f8d4074c1041813c8	3340	donante	4.63006e-07
mvm_actual__3utr1092	c8826bb1e689f92f8d4074c1041813c8	3341	aceptor	4.96873e-08
mvm_actual__3utr1092	c8826bb1e689f92f8d4074c1041813c8	3341	donante	4.21218e-07
mvm_actual__3utr1092	c8826bb1e689f92f8d4074c1041813c8	3342	aceptor	1.03314e-07
mvm_actual__3utr1092	c8826bb1e689f92f8d4074c1041813c8	3342	donante	6.00232e-06
mvm_actual__3utr1092	c8826bb1e689f92f8d4074c1041813c8	3343	aceptor	2.34383e-07
mvm_actual__3utr1092	c8826bb1e689f92f8d4074c1041813c8	3343	donante	5.82804e-07
mvm_actual__3utr1092	c8826bb1e689f92f8d4074c1041813c8	3344	aceptor	4.8949e-08
mvm_actual__3utr1092	c8826bb1e689f92f8d4074c1041813c8	3344	donante	1.07549e-06
mvm_actual__3utr1092	c8826bb1e689f92f8d4074c1041813c8	3345	aceptor	1.26476e-06
mvm_actual__3utr1092	c8826bb1e689f92f8d4074c1041813c8	3345	donante	9.14656e-07
mvm_actual__3utr1092	c8826bb1e689f92f8d4074c1041813c8	3346	aceptor	2.22358e-07
mvm_actual__3utr1092	c8826bb1e689f92f8d4074c1041813c8	3346	donante	3.58713e-06
mvm_actual__3utr1092	c8826bb1e689f92f8d4074c1041813c8	3347	aceptor	7.63497e-07
mvm_actual__3utr1092	c8826bb1e689f92f8d4074c1041813c8	3347	donante	9.13892e-06
mvm_actual__3utr1092	c8826bb1e689f92f8d4074c1041813c8	3348	aceptor	2.84572e-08
mvm_actual__3utr1092	c8826bb1e689f92f8d4074c1041813c8	3348	donante	1.9617e-05
mvm_actual__3utr1092	c8826bb1e689f92f8d4074c1041813c8	3349	aceptor	8.73972e-08
mvm_actual__3utr1092	c8826bb1e689f92f8d4074c1041813c8	3349	donante	7.76378e-07
mvm_actual__3utr1092	c8826bb1e689f92f8d4074c1041813c8	3350	aceptor	3.70532e-07
mvm_actual__3utr1092	c8826bb1e689f92f8d4074c1041813c8	3350	donante	6.87512e-05
mvm_actual__3utr1092	c8826bb1e689f92f8d4074c1041813c8	3351	aceptor	1.96046e-07
mvm_actual__3utr1092	c8826bb1e689f92f8d4074c1041813c8	3351	donante	1.17071e-06
mvm_actual__3utr1092	c8826bb1e689f92f8d4074c1041813c8	3352	aceptor	2.74449e-06
mvm_actual__3utr1092	c8826bb1e689f92f8d4074c1041813c8	3352	donante	0.00298048
mvm_actual__3utr1092	c8826bb1e689f92f8d4074c1041813c8	3353	aceptor	2.81429e-07
mvm_actual__3utr1092	c8826bb1e689f92f8d4074c1041813c8	3353	donante	1.05538e-06
mvm_actual__3utr1092	c8826bb1e689f92f8d4074c1041813c8	3354	aceptor	5.31462e-07
mvm_actual__3utr1092	c8826bb1e689f92f8d4074c1041813c8	3354	donante	2.78623e-07
mvm_actual__3utr1092	c8826bb1e689f92f8d4074c1041813c8	3355	aceptor	4.3774e-08
mvm_actual__3utr1092	c8826bb1e689f92f8d4074c1041813c8	3355	donante	1.25215e-07
mvm_actual__3utr1092	c8826bb1e689f92f8d4074c1041813c8	3356	aceptor	6.02361e-08
mvm_actual__3utr1092	c8826bb1e689f92f8d4074c1041813c8	3356	donante	6.05874e-07
mvm_actual__3utr1092	c8826bb1e689f92f8d4074c1041813c8	3357	aceptor	9.81986e-08
mvm_actual__3utr1092	c8826bb1e689f92f8d4074c1041813c8	3357	donante	5.26454e-08
mvm_actual__3utr1092	c8826bb1e689f92f8d4074c1041813c8	3358	aceptor	5.45979e-08
mvm_actual__3utr1092	c8826bb1e689f92f8d4074c1041813c8	3358	donante	1.5654e-07
mvm_actual__3utr1092	c8826bb1e689f92f8d4074c1041813c8	3359	aceptor	1.5241e-05
mvm_actual__3utr1092	c8826bb1e689f92f8d4074c1041813c8	3359	donante	4.38486e-07
mvm_actual__3utr1092	c8826bb1e689f92f8d4074c1041813c8	3360	aceptor	2.61539e-08
mvm_actual__3utr1092	c8826bb1e689f92f8d4074c1041813c8	3360	donante	3.53683e-08
mvm_actual__3utr1092	c8826bb1e689f92f8d4074c1041813c8	3361	aceptor	9.73062e-08
mvm_actual__3utr1092	c8826bb1e689f92f8d4074c1041813c8	3361	donante	1.06731e-08
mvm_actual__3utr1092	c8826bb1e689f92f8d4074c1041813c8	3362	aceptor	7.49705e-08
mvm_actual__3utr1092	c8826bb1e689f92f8d4074c1041813c8	3362	donante	5.46453e-08
mvm_actual__3utr1092	c8826bb1e689f92f8d4074c1041813c8	3363	aceptor	6.56585e-08
mvm_actual__3utr1092	c8826bb1e689f92f8d4074c1041813c8	3363	donante	7.98474e-07
mvm_actual__3utr1092	c8826bb1e689f92f8d4074c1041813c8	3364	aceptor	5.67563e-08
mvm_actual__3utr1092	c8826bb1e689f92f8d4074c1041813c8	3364	donante	2.65796e-08
mvm_actual__3utr1092	c8826bb1e689f92f8d4074c1041813c8	3365	aceptor	8.10961e-07
mvm_actual__3utr1092	c8826bb1e689f92f8d4074c1041813c8	3365	donante	5.18325e-08
mvm_actual__3utr1092	c8826bb1e689f92f8d4074c1041813c8	3366	aceptor	3.40368e-08
mvm_actual__3utr1092	c8826bb1e689f92f8d4074c1041813c8	3366	donante	2.38692e-08
mvm_actual__3utr1092	c8826bb1e689f92f8d4074c1041813c8	3367	aceptor	8.56367e-08
mvm_actual__3utr1092	c8826bb1e689f92f8d4074c1041813c8	3367	donante	1.97327e-07
mvm_actual__3utr1092	c8826bb1e689f92f8d4074c1041813c8	3368	aceptor	2.85e-08
mvm_actual__3utr1092	c8826bb1e689f92f8d4074c1041813c8	3368	donante	2.60888e-08
mvm_actual__3utr1092	c8826bb1e689f92f8d4074c1041813c8	3369	aceptor	4.95039e-08
mvm_actual__3utr1092	c8826bb1e689f92f8d4074c1041813c8	3369	donante	6.83643e-08
mvm_actual__3utr1092	c8826bb1e689f92f8d4074c1041813c8	3370	aceptor	1.11254e-07
mvm_actual__3utr1092	c8826bb1e689f92f8d4074c1041813c8	3370	donante	6.9291e-09
mvm_actual__3utr1092	c8826bb1e689f92f8d4074c1041813c8	3371	aceptor	6.25206e-07
mvm_actual__3utr1092	c8826bb1e689f92f8d4074c1041813c8	3371	donante	8.15844e-06
mvm_actual__3utr1092	c8826bb1e689f92f8d4074c1041813c8	3372	aceptor	3.22095e-07
mvm_actual__3utr1092	c8826bb1e689f92f8d4074c1041813c8	3372	donante	1.0399e-08
mvm_actual__3utr1092	c8826bb1e689f92f8d4074c1041813c8	3373	aceptor	4.13172e-08
mvm_actual__3utr1092	c8826bb1e689f92f8d4074c1041813c8	3373	donante	2.00211e-08
mvm_actual__3utr1092	c8826bb1e689f92f8d4074c1041813c8	3374	aceptor	9.12619e-08
mvm_actual__3utr1092	c8826bb1e689f92f8d4074c1041813c8	3374	donante	1.41796e-08
mvm_actual__3utr1092	c8826bb1e689f92f8d4074c1041813c8	3375	aceptor	1.05563e-07
mvm_actual__3utr1092	c8826bb1e689f92f8d4074c1041813c8	3375	donante	9.7543e-09
mvm_actual__3utr1092	c8826bb1e689f92f8d4074c1041813c8	3376	aceptor	5.23411e-07
mvm_actual__3utr1092	c8826bb1e689f92f8d4074c1041813c8	3376	donante	1.8895e-06
mvm_actual__3utr1092	c8826bb1e689f92f8d4074c1041813c8	3377	aceptor	1.37984e-07
mvm_actual__3utr1092	c8826bb1e689f92f8d4074c1041813c8	3377	donante	2.41256e-08
mvm_actual__3utr1092	c8826bb1e689f92f8d4074c1041813c8	3378	aceptor	2.57411e-07
mvm_actual__3utr1092	c8826bb1e689f92f8d4074c1041813c8	3378	donante	8.84642e-09
mvm_actual__3utr1092	c8826bb1e689f92f8d4074c1041813c8	3379	aceptor	2.4487e-07
mvm_actual__3utr1092	c8826bb1e689f92f8d4074c1041813c8	3379	donante	2.85918e-07
mvm_actual__3utr1092	c8826bb1e689f92f8d4074c1041813c8	3380	aceptor	3.39057e-07
mvm_actual__3utr1092	c8826bb1e689f92f8d4074c1041813c8	3380	donante	1.50261e-06
mvm_actual__3utr1092	c8826bb1e689f92f8d4074c1041813c8	3381	aceptor	3.88992e-07
mvm_actual__3utr1092	c8826bb1e689f92f8d4074c1041813c8	3381	donante	2.1654e-08
mvm_actual__3utr1092	c8826bb1e689f92f8d4074c1041813c8	3382	aceptor	1.98916e-06
mvm_actual__3utr1092	c8826bb1e689f92f8d4074c1041813c8	3382	donante	6.53723e-09
mvm_actual__3utr1092	c8826bb1e689f92f8d4074c1041813c8	3383	aceptor	1.19223e-07
mvm_actual__3utr1092	c8826bb1e689f92f8d4074c1041813c8	3383	donante	1.6952e-08
mvm_actual__3utr1092	c8826bb1e689f92f8d4074c1041813c8	3384	aceptor	9.81291e-07
mvm_actual__3utr1092	c8826bb1e689f92f8d4074c1041813c8	3384	donante	2.46566e-06
mvm_actual__3utr1092	c8826bb1e689f92f8d4074c1041813c8	3385	aceptor	3.04639e-07
mvm_actual__3utr1092	c8826bb1e689f92f8d4074c1041813c8	3385	donante	2.16142e-08
mvm_actual__3utr1092	c8826bb1e689f92f8d4074c1041813c8	3386	aceptor	2.63065e-05
mvm_actual__3utr1092	c8826bb1e689f92f8d4074c1041813c8	3386	donante	4.6894e-08
mvm_actual__3utr1092	c8826bb1e689f92f8d4074c1041813c8	3387	aceptor	1.15018e-06
mvm_actual__3utr1092	c8826bb1e689f92f8d4074c1041813c8	3387	donante	3.50824e-08
mvm_actual__3utr1092	c8826bb1e689f92f8d4074c1041813c8	3388	aceptor	5.45362e-07
mvm_actual__3utr1092	c8826bb1e689f92f8d4074c1041813c8	3388	donante	3.50757e-08
mvm_actual__3utr1092	c8826bb1e689f92f8d4074c1041813c8	3389	aceptor	2.32264e-06
mvm_actual__3utr1092	c8826bb1e689f92f8d4074c1041813c8	3389	donante	3.45354e-08
mvm_actual__3utr1092	c8826bb1e689f92f8d4074c1041813c8	3390	aceptor	7.64858e-08
mvm_actual__3utr1092	c8826bb1e689f92f8d4074c1041813c8	3390	donante	9.77046e-09
mvm_actual__3utr1092	c8826bb1e689f92f8d4074c1041813c8	3391	aceptor	1.50874e-07
mvm_actual__3utr1092	c8826bb1e689f92f8d4074c1041813c8	3391	donante	2.18614e-08
mvm_actual__3utr1092	c8826bb1e689f92f8d4074c1041813c8	3392	aceptor	2.7179e-07
mvm_actual__3utr1092	c8826bb1e689f92f8d4074c1041813c8	3392	donante	9.32861e-08
mvm_actual__3utr1092	c8826bb1e689f92f8d4074c1041813c8	3393	aceptor	8.66893e-07
mvm_actual__3utr1092	c8826bb1e689f92f8d4074c1041813c8	3393	donante	1.23073e-08
mvm_actual__3utr1092	c8826bb1e689f92f8d4074c1041813c8	3394	aceptor	2.10272e-07
mvm_actual__3utr1092	c8826bb1e689f92f8d4074c1041813c8	3394	donante	9.08222e-09
mvm_actual__3utr1092	c8826bb1e689f92f8d4074c1041813c8	3395	aceptor	3.51455e-07
mvm_actual__3utr1092	c8826bb1e689f92f8d4074c1041813c8	3395	donante	2.54957e-08
mvm_actual__3utr1092	c8826bb1e689f92f8d4074c1041813c8	3396	aceptor	4.45024e-07
mvm_actual__3utr1092	c8826bb1e689f92f8d4074c1041813c8	3396	donante	2.36015e-08
mvm_actual__3utr1092	c8826bb1e689f92f8d4074c1041813c8	3397	aceptor	6.12631e-06
mvm_actual__3utr1092	c8826bb1e689f92f8d4074c1041813c8	3397	donante	1.50505e-08
mvm_actual__3utr1092	c8826bb1e689f92f8d4074c1041813c8	3398	aceptor	4.35246e-07
mvm_actual__3utr1092	c8826bb1e689f92f8d4074c1041813c8	3398	donante	2.16396e-08
mvm_actual__3utr1092	c8826bb1e689f92f8d4074c1041813c8	3399	aceptor	1.40534e-06
mvm_actual__3utr1092	c8826bb1e689f92f8d4074c1041813c8	3399	donante	6.96152e-08
mvm_actual__3utr1092	c8826bb1e689f92f8d4074c1041813c8	3400	aceptor	3.8299e-06
mvm_actual__3utr1092	c8826bb1e689f92f8d4074c1041813c8	3400	donante	2.24513e-08
mvm_actual__3utr1092	c8826bb1e689f92f8d4074c1041813c8	3401	aceptor	1.34154e-06
mvm_actual__3utr1092	c8826bb1e689f92f8d4074c1041813c8	3401	donante	1.96967e-08
mvm_actual__3utr1092	c8826bb1e689f92f8d4074c1041813c8	3402	aceptor	2.32436e-07
mvm_actual__3utr1092	c8826bb1e689f92f8d4074c1041813c8	3402	donante	3.78834e-08
mvm_actual__3utr1092	c8826bb1e689f92f8d4074c1041813c8	3403	aceptor	0.000441685
mvm_actual__3utr1092	c8826bb1e689f92f8d4074c1041813c8	3403	donante	7.83067e-07
mvm_actual__3utr1092	c8826bb1e689f92f8d4074c1041813c8	3404	aceptor	2.3709e-06
mvm_actual__3utr1092	c8826bb1e689f92f8d4074c1041813c8	3404	donante	1.3969e-08
mvm_actual__3utr1092	c8826bb1e689f92f8d4074c1041813c8	3405	aceptor	1.60593e-06
mvm_actual__3utr1092	c8826bb1e689f92f8d4074c1041813c8	3405	donante	5.84847e-08
mvm_actual__3utr1092	c8826bb1e689f92f8d4074c1041813c8	3406	aceptor	0.000330902
mvm_actual__3utr1092	c8826bb1e689f92f8d4074c1041813c8	3406	donante	4.81841e-07
mvm_actual__3utr1092	c8826bb1e689f92f8d4074c1041813c8	3407	aceptor	1.33985e-05
mvm_actual__3utr1092	c8826bb1e689f92f8d4074c1041813c8	3407	donante	2.06394e-07
mvm_actual__3utr1092	c8826bb1e689f92f8d4074c1041813c8	3408	aceptor	1.45893e-05
mvm_actual__3utr1092	c8826bb1e689f92f8d4074c1041813c8	3408	donante	1.21316e-07
mvm_actual__3utr1092	c8826bb1e689f92f8d4074c1041813c8	3409	aceptor	2.67974e-05
mvm_actual__3utr1092	c8826bb1e689f92f8d4074c1041813c8	3409	donante	1.39067e-07
mvm_actual__3utr1092	c8826bb1e689f92f8d4074c1041813c8	3410	aceptor	6.58175e-06
mvm_actual__3utr1092	c8826bb1e689f92f8d4074c1041813c8	3410	donante	1.01228e-07
mvm_actual__3utr1092	c8826bb1e689f92f8d4074c1041813c8	3411	aceptor	7.72921e-07
mvm_actual__3utr1092	c8826bb1e689f92f8d4074c1041813c8	3411	donante	5.86489e-08
mvm_actual__3utr1092	c8826bb1e689f92f8d4074c1041813c8	3412	aceptor	2.20605e-06
mvm_actual__3utr1092	c8826bb1e689f92f8d4074c1041813c8	3412	donante	1.97688e-07
mvm_actual__3utr1092	c8826bb1e689f92f8d4074c1041813c8	3413	aceptor	2.91279e-06
mvm_actual__3utr1092	c8826bb1e689f92f8d4074c1041813c8	3413	donante	9.13251e-08
mvm_actual__3utr1092	c8826bb1e689f92f8d4074c1041813c8	3414	aceptor	5.46059e-07
mvm_actual__3utr1092	c8826bb1e689f92f8d4074c1041813c8	3414	donante	2.19206e-07
mvm_actual__3utr1092	c8826bb1e689f92f8d4074c1041813c8	3415	aceptor	1.41814e-06
mvm_actual__3utr1092	c8826bb1e689f92f8d4074c1041813c8	3415	donante	2.72597e-08
mvm_actual__3utr1092	c8826bb1e689f92f8d4074c1041813c8	3416	aceptor	5.6015e-06
mvm_actual__3utr1092	c8826bb1e689f92f8d4074c1041813c8	3416	donante	1.27953e-07
mvm_actual__3utr1092	c8826bb1e689f92f8d4074c1041813c8	3417	aceptor	1.98612e-06
mvm_actual__3utr1092	c8826bb1e689f92f8d4074c1041813c8	3417	donante	2.42982e-07
mvm_actual__3utr1092	c8826bb1e689f92f8d4074c1041813c8	3418	aceptor	1.93892e-06
mvm_actual__3utr1092	c8826bb1e689f92f8d4074c1041813c8	3418	donante	4.99061e-08
mvm_actual__3utr1092	c8826bb1e689f92f8d4074c1041813c8	3419	aceptor	6.35787e-07
mvm_actual__3utr1092	c8826bb1e689f92f8d4074c1041813c8	3419	donante	6.03069e-08
mvm_actual__3utr1092	c8826bb1e689f92f8d4074c1041813c8	3420	aceptor	1.02585e-05
mvm_actual__3utr1092	c8826bb1e689f92f8d4074c1041813c8	3420	donante	8.8561e-08
mvm_actual__3utr1092	c8826bb1e689f92f8d4074c1041813c8	3421	aceptor	9.85183e-07
mvm_actual__3utr1092	c8826bb1e689f92f8d4074c1041813c8	3421	donante	3.60469e-08
mvm_actual__3utr1092	c8826bb1e689f92f8d4074c1041813c8	3422	aceptor	1.71664e-06
mvm_actual__3utr1092	c8826bb1e689f92f8d4074c1041813c8	3422	donante	1.14475e-07
mvm_actual__3utr1092	c8826bb1e689f92f8d4074c1041813c8	3423	aceptor	6.30883e-07
mvm_actual__3utr1092	c8826bb1e689f92f8d4074c1041813c8	3423	donante	6.78783e-08
mvm_actual__3utr1092	c8826bb1e689f92f8d4074c1041813c8	3424	aceptor	5.59327e-07
mvm_actual__3utr1092	c8826bb1e689f92f8d4074c1041813c8	3424	donante	3.07917e-08
mvm_actual__3utr1092	c8826bb1e689f92f8d4074c1041813c8	3425	aceptor	5.39435e-07
mvm_actual__3utr1092	c8826bb1e689f92f8d4074c1041813c8	3425	donante	7.06721e-08
mvm_actual__3utr1092	c8826bb1e689f92f8d4074c1041813c8	3426	aceptor	1.7908e-06
mvm_actual__3utr1092	c8826bb1e689f92f8d4074c1041813c8	3426	donante	1.5617e-07
mvm_actual__3utr1092	c8826bb1e689f92f8d4074c1041813c8	3427	aceptor	1.85039e-06
mvm_actual__3utr1092	c8826bb1e689f92f8d4074c1041813c8	3427	donante	1.93238e-07
mvm_actual__3utr1092	c8826bb1e689f92f8d4074c1041813c8	3428	aceptor	2.84811e-07
mvm_actual__3utr1092	c8826bb1e689f92f8d4074c1041813c8	3428	donante	4.85234e-08
mvm_actual__3utr1092	c8826bb1e689f92f8d4074c1041813c8	3429	aceptor	1.06907e-05
mvm_actual__3utr1092	c8826bb1e689f92f8d4074c1041813c8	3429	donante	0.000161172
mvm_actual__3utr1092	c8826bb1e689f92f8d4074c1041813c8	3430	aceptor	0.840253
mvm_actual__3utr1092	c8826bb1e689f92f8d4074c1041813c8	3430	donante	1.20056e-05
mvm_actual__3utr1092	c8826bb1e689f92f8d4074c1041813c8	3431	aceptor	1.96859e-06
mvm_actual__3utr1092	c8826bb1e689f92f8d4074c1041813c8	3431	donante	1.59023e-07
mvm_actual__3utr1092	c8826bb1e689f92f8d4074c1041813c8	3432	aceptor	1.92656e-06
mvm_actual__3utr1092	c8826bb1e689f92f8d4074c1041813c8	3432	donante	6.71213e-08
mvm_actual__3utr1092	c8826bb1e689f92f8d4074c1041813c8	3433	aceptor	3.60575e-06
mvm_actual__3utr1092	c8826bb1e689f92f8d4074c1041813c8	3433	donante	1.5578e-07
mvm_actual__3utr1092	c8826bb1e689f92f8d4074c1041813c8	3434	aceptor	0.000128891
mvm_actual__3utr1092	c8826bb1e689f92f8d4074c1041813c8	3434	donante	4.10323e-07
mvm_actual__3utr1092	c8826bb1e689f92f8d4074c1041813c8	3435	aceptor	6.21108e-06
mvm_actual__3utr1092	c8826bb1e689f92f8d4074c1041813c8	3435	donante	3.15672e-07
mvm_actual__3utr1092	c8826bb1e689f92f8d4074c1041813c8	3436	aceptor	4.93844e-07
mvm_actual__3utr1092	c8826bb1e689f92f8d4074c1041813c8	3436	donante	5.67384e-08
mvm_actual__3utr1092	c8826bb1e689f92f8d4074c1041813c8	3437	aceptor	5.54722e-06
mvm_actual__3utr1092	c8826bb1e689f92f8d4074c1041813c8	3437	donante	1.31492e-07
mvm_actual__3utr1092	c8826bb1e689f92f8d4074c1041813c8	3438	aceptor	2.21949e-05
mvm_actual__3utr1092	c8826bb1e689f92f8d4074c1041813c8	3438	donante	2.39662e-05
mvm_actual__3utr1092	c8826bb1e689f92f8d4074c1041813c8	3439	aceptor	4.5919e-05
mvm_actual__3utr1092	c8826bb1e689f92f8d4074c1041813c8	3439	donante	1.78848e-06
mvm_actual__3utr1092	c8826bb1e689f92f8d4074c1041813c8	3440	aceptor	5.40096e-06
mvm_actual__3utr1092	c8826bb1e689f92f8d4074c1041813c8	3440	donante	5.63784e-07
mvm_actual__3utr1149	8e458c120c0be066c28f14a5af816909	429	aceptor	7.33552e-05
mvm_actual__3utr1149	8e458c120c0be066c28f14a5af816909	429	donante	0.109549
mvm_actual__3utr1149	8e458c120c0be066c28f14a5af816909	1131	aceptor	1.72505e-05
mvm_actual__3utr1149	8e458c120c0be066c28f14a5af816909	1131	donante	0.0593565
mvm_actual__3utr1149	8e458c120c0be066c28f14a5af816909	1156	aceptor	4.75106e-06
mvm_actual__3utr1149	8e458c120c0be066c28f14a5af816909	1156	donante	0.0519623
mvm_actual__3utr1149	8e458c120c0be066c28f14a5af816909	1516	aceptor	6.95864e-05
mvm_actual__3utr1149	8e458c120c0be066c28f14a5af816909	1516	donante	0.758095
mvm_actual__3utr1149	8e458c120c0be066c28f14a5af816909	3120	aceptor	9.62918e-07
mvm_actual__3utr1149	8e458c120c0be066c28f14a5af816909	3120	donante	8.40594e-07
mvm_actual__3utr1149	8e458c120c0be066c28f14a5af816909	3121	aceptor	1.54096e-07
mvm_actual__3utr1149	8e458c120c0be066c28f14a5af816909	3121	donante	1.6214e-06
mvm_actual__3utr1149	8e458c120c0be066c28f14a5af816909	3122	aceptor	9.08747e-06
mvm_actual__3utr1149	8e458c120c0be066c28f14a5af816909	3122	donante	2.79391e-06
mvm_actual__3utr1149	8e458c120c0be066c28f14a5af816909	3123	aceptor	1.96683e-07
mvm_actual__3utr1149	8e458c120c0be066c28f14a5af816909	3123	donante	9.67318e-07
mvm_actual__3utr1149	8e458c120c0be066c28f14a5af816909	3124	aceptor	5.10668e-07
mvm_actual__3utr1149	8e458c120c0be066c28f14a5af816909	3124	donante	2.28822e-05
mvm_actual__3utr1149	8e458c120c0be066c28f14a5af816909	3125	aceptor	9.83659e-07
mvm_actual__3utr1149	8e458c120c0be066c28f14a5af816909	3125	donante	7.14558e-07
mvm_actual__3utr1149	8e458c120c0be066c28f14a5af816909	3126	aceptor	1.50623e-05
mvm_actual__3utr1149	8e458c120c0be066c28f14a5af816909	3126	donante	0.0131151
mvm_actual__3utr1149	8e458c120c0be066c28f14a5af816909	3127	aceptor	2.34447e-07
mvm_actual__3utr1149	8e458c120c0be066c28f14a5af816909	3127	donante	5.80784e-07
mvm_actual__3utr1149	8e458c120c0be066c28f14a5af816909	3128	aceptor	2.74248e-07
mvm_actual__3utr1149	8e458c120c0be066c28f14a5af816909	3128	donante	2.26657e-07
mvm_actual__3utr1149	8e458c120c0be066c28f14a5af816909	3129	aceptor	1.68614e-07
mvm_actual__3utr1149	8e458c120c0be066c28f14a5af816909	3129	donante	4.41561e-07
mvm_actual__3utr1149	8e458c120c0be066c28f14a5af816909	3130	aceptor	5.0743e-07
mvm_actual__3utr1149	8e458c120c0be066c28f14a5af816909	3130	donante	3.28984e-06
mvm_actual__3utr1149	8e458c120c0be066c28f14a5af816909	3131	aceptor	1.39741e-07
mvm_actual__3utr1149	8e458c120c0be066c28f14a5af816909	3131	donante	4.92781e-07
mvm_actual__3utr1149	8e458c120c0be066c28f14a5af816909	3132	aceptor	2.78493e-06
mvm_actual__3utr1149	8e458c120c0be066c28f14a5af816909	3132	donante	6.19777e-07
mvm_actual__3utr1149	8e458c120c0be066c28f14a5af816909	3133	aceptor	5.81948e-05
mvm_actual__3utr1149	8e458c120c0be066c28f14a5af816909	3133	donante	0.779757
mvm_actual__3utr1149	8e458c120c0be066c28f14a5af816909	3134	aceptor	5.28093e-07
mvm_actual__3utr1149	8e458c120c0be066c28f14a5af816909	3134	donante	2.4056e-07
mvm_actual__3utr1149	8e458c120c0be066c28f14a5af816909	3135	aceptor	5.02613e-08
mvm_actual__3utr1149	8e458c120c0be066c28f14a5af816909	3135	donante	1.48457e-06
mvm_actual__3utr1149	8e458c120c0be066c28f14a5af816909	3136	aceptor	3.67051e-08
mvm_actual__3utr1149	8e458c120c0be066c28f14a5af816909	3136	donante	1.41518e-06
mvm_actual__3utr1149	8e458c120c0be066c28f14a5af816909	3137	aceptor	6.74846e-08
mvm_actual__3utr1149	8e458c120c0be066c28f14a5af816909	3137	donante	1.52633e-06
mvm_actual__3utr1149	8e458c120c0be066c28f14a5af816909	3138	aceptor	1.08684e-07
mvm_actual__3utr1149	8e458c120c0be066c28f14a5af816909	3138	donante	8.28573e-07
mvm_actual__3utr1149	8e458c120c0be066c28f14a5af816909	3139	aceptor	1.71745e-06
mvm_actual__3utr1149	8e458c120c0be066c28f14a5af816909	3139	donante	4.093e-05
mvm_actual__3utr1149	8e458c120c0be066c28f14a5af816909	3140	aceptor	1.1684e-07
mvm_actual__3utr1149	8e458c120c0be066c28f14a5af816909	3140	donante	3.20481e-07
mvm_actual__3utr1149	8e458c120c0be066c28f14a5af816909	3141	aceptor	1.00272e-07
mvm_actual__3utr1149	8e458c120c0be066c28f14a5af816909	3141	donante	2.99682e-07
mvm_actual__3utr1149	8e458c120c0be066c28f14a5af816909	3142	aceptor	1.93867e-08
mvm_actual__3utr1149	8e458c120c0be066c28f14a5af816909	3142	donante	9.67587e-08
mvm_actual__3utr1149	8e458c120c0be066c28f14a5af816909	3143	aceptor	3.4271e-08
mvm_actual__3utr1149	8e458c120c0be066c28f14a5af816909	3143	donante	1.30903e-07
mvm_actual__3utr1149	8e458c120c0be066c28f14a5af816909	3144	aceptor	3.79587e-09
mvm_actual__3utr1149	8e458c120c0be066c28f14a5af816909	3144	donante	8.33586e-08
mvm_actual__3utr1149	8e458c120c0be066c28f14a5af816909	3145	aceptor	1.79788e-08
mvm_actual__3utr1149	8e458c120c0be066c28f14a5af816909	3145	donante	1.04177e-07
mvm_actual__3utr1149	8e458c120c0be066c28f14a5af816909	3146	aceptor	5.02828e-08
mvm_actual__3utr1149	8e458c120c0be066c28f14a5af816909	3146	donante	8.53811e-07
mvm_actual__3utr1149	8e458c120c0be066c28f14a5af816909	3147	aceptor	2.23842e-06
mvm_actual__3utr1149	8e458c120c0be066c28f14a5af816909	3147	donante	2.45992e-07
mvm_actual__3utr1149	8e458c120c0be066c28f14a5af816909	3148	aceptor	1.35209e-07
mvm_actual__3utr1149	8e458c120c0be066c28f14a5af816909	3148	donante	1.91294e-07
mvm_actual__3utr1149	8e458c120c0be066c28f14a5af816909	3149	aceptor	1.70283e-08
mvm_actual__3utr1149	8e458c120c0be066c28f14a5af816909	3149	donante	3.45729e-08
mvm_actual__3utr1149	8e458c120c0be066c28f14a5af816909	3150	aceptor	5.4422e-08
mvm_actual__3utr1149	8e458c120c0be066c28f14a5af816909	3150	donante	1.99432e-08
mvm_actual__3utr1149	8e458c120c0be066c28f14a5af816909	3151	aceptor	6.48315e-08
mvm_actual__3utr1149	8e458c120c0be066c28f14a5af816909	3151	donante	7.10144e-07
mvm_actual__3utr1149	8e458c120c0be066c28f14a5af816909	3152	aceptor	6.62036e-08
mvm_actual__3utr1149	8e458c120c0be066c28f14a5af816909	3152	donante	2.61648e-08
mvm_actual__3utr1149	8e458c120c0be066c28f14a5af816909	3153	aceptor	5.80369e-08
mvm_actual__3utr1149	8e458c120c0be066c28f14a5af816909	3153	donante	2.21225e-08
mvm_actual__3utr1149	8e458c120c0be066c28f14a5af816909	3154	aceptor	1.41034e-08
mvm_actual__3utr1149	8e458c120c0be066c28f14a5af816909	3154	donante	5.7264e-09
mvm_actual__3utr1149	8e458c120c0be066c28f14a5af816909	3155	aceptor	1.53848e-07
mvm_actual__3utr1149	8e458c120c0be066c28f14a5af816909	3155	donante	5.57281e-07
mvm_actual__3utr1149	8e458c120c0be066c28f14a5af816909	3156	aceptor	1.78323e-07
mvm_actual__3utr1149	8e458c120c0be066c28f14a5af816909	3156	donante	1.4118e-08
mvm_actual__3utr1149	8e458c120c0be066c28f14a5af816909	3157	aceptor	2.99929e-08
mvm_actual__3utr1149	8e458c120c0be066c28f14a5af816909	3157	donante	1.04282e-08
mvm_actual__3utr1149	8e458c120c0be066c28f14a5af816909	3158	aceptor	2.09254e-08
mvm_actual__3utr1149	8e458c120c0be066c28f14a5af816909	3158	donante	1.74859e-09
mvm_actual__3utr1149	8e458c120c0be066c28f14a5af816909	3159	aceptor	2.56913e-08
mvm_actual__3utr1149	8e458c120c0be066c28f14a5af816909	3159	donante	1.45308e-06
mvm_actual__3utr1149	8e458c120c0be066c28f14a5af816909	3160	aceptor	9.8035e-08
mvm_actual__3utr1149	8e458c120c0be066c28f14a5af816909	3160	donante	5.68993e-08
mvm_actual__3utr1149	8e458c120c0be066c28f14a5af816909	3161	aceptor	4.20997e-08
mvm_actual__3utr1149	8e458c120c0be066c28f14a5af816909	3161	donante	3.92133e-08
mvm_actual__3utr1149	8e458c120c0be066c28f14a5af816909	3162	aceptor	1.95767e-08
mvm_actual__3utr1149	8e458c120c0be066c28f14a5af816909	3162	donante	9.60505e-09
mvm_actual__3utr1149	8e458c120c0be066c28f14a5af816909	3163	aceptor	2.2355e-08
mvm_actual__3utr1149	8e458c120c0be066c28f14a5af816909	3163	donante	2.13256e-08
mvm_actual__3utr1149	8e458c120c0be066c28f14a5af816909	3164	aceptor	5.45818e-08
mvm_actual__3utr1149	8e458c120c0be066c28f14a5af816909	3164	donante	4.023e-07
mvm_actual__3utr1149	8e458c120c0be066c28f14a5af816909	3165	aceptor	1.00631e-07
mvm_actual__3utr1149	8e458c120c0be066c28f14a5af816909	3165	donante	2.16843e-08
mvm_actual__3utr1149	8e458c120c0be066c28f14a5af816909	3166	aceptor	1.87128e-08
mvm_actual__3utr1149	8e458c120c0be066c28f14a5af816909	3166	donante	1.08544e-08
mvm_actual__3utr1149	8e458c120c0be066c28f14a5af816909	3167	aceptor	1.08512e-08
mvm_actual__3utr1149	8e458c120c0be066c28f14a5af816909	3167	donante	2.38188e-08
mvm_actual__3utr1149	8e458c120c0be066c28f14a5af816909	3168	aceptor	2.15014e-08
mvm_actual__3utr1149	8e458c120c0be066c28f14a5af816909	3168	donante	7.96621e-09
mvm_actual__3utr1149	8e458c120c0be066c28f14a5af816909	3169	aceptor	3.94989e-08
mvm_actual__3utr1149	8e458c120c0be066c28f14a5af816909	3169	donante	1.16051e-07
mvm_actual__3utr1149	8e458c120c0be066c28f14a5af816909	3170	aceptor	2.84335e-08
mvm_actual__3utr1149	8e458c120c0be066c28f14a5af816909	3170	donante	4.09242e-08
mvm_actual__3utr1149	8e458c120c0be066c28f14a5af816909	3171	aceptor	2.3561e-08
mvm_actual__3utr1149	8e458c120c0be066c28f14a5af816909	3171	donante	9.04206e-09
mvm_actual__3utr1149	8e458c120c0be066c28f14a5af816909	3172	aceptor	8.21149e-08
mvm_actual__3utr1149	8e458c120c0be066c28f14a5af816909	3172	donante	1.26294e-06
mvm_actual__3utr1149	8e458c120c0be066c28f14a5af816909	3173	aceptor	4.8464e-08
mvm_actual__3utr1149	8e458c120c0be066c28f14a5af816909	3173	donante	9.64357e-09
mvm_actual__3utr1149	8e458c120c0be066c28f14a5af816909	3174	aceptor	1.61029e-08
mvm_actual__3utr1149	8e458c120c0be066c28f14a5af816909	3174	donante	1.13498e-08
mvm_actual__3utr1149	8e458c120c0be066c28f14a5af816909	3175	aceptor	1.27616e-08
mvm_actual__3utr1149	8e458c120c0be066c28f14a5af816909	3175	donante	1.74484e-08
mvm_actual__3utr1149	8e458c120c0be066c28f14a5af816909	3176	aceptor	4.03292e-08
mvm_actual__3utr1149	8e458c120c0be066c28f14a5af816909	3176	donante	6.86442e-09
mvm_actual__3utr1149	8e458c120c0be066c28f14a5af816909	3177	aceptor	3.77812e-07
mvm_actual__3utr1149	8e458c120c0be066c28f14a5af816909	3177	donante	1.41692e-08
mvm_actual__3utr1149	8e458c120c0be066c28f14a5af816909	3178	aceptor	1.6317e-08
mvm_actual__3utr1149	8e458c120c0be066c28f14a5af816909	3178	donante	1.93139e-08
mvm_actual__3utr1149	8e458c120c0be066c28f14a5af816909	3179	aceptor	1.61804e-07
mvm_actual__3utr1149	8e458c120c0be066c28f14a5af816909	3179	donante	9.09741e-09
mvm_actual__3utr1149	8e458c120c0be066c28f14a5af816909	3180	aceptor	6.43102e-07
mvm_actual__3utr1149	8e458c120c0be066c28f14a5af816909	3180	donante	4.46862e-08
mvm_actual__3utr1149	8e458c120c0be066c28f14a5af816909	3181	aceptor	3.16586e-07
mvm_actual__3utr1149	8e458c120c0be066c28f14a5af816909	3181	donante	2.98673e-08
mvm_actual__3utr1149	8e458c120c0be066c28f14a5af816909	3182	aceptor	1.43238e-07
mvm_actual__3utr1149	8e458c120c0be066c28f14a5af816909	3182	donante	9.54155e-09
mvm_actual__3utr1149	8e458c120c0be066c28f14a5af816909	3183	aceptor	1.85207e-07
mvm_actual__3utr1149	8e458c120c0be066c28f14a5af816909	3183	donante	5.87559e-09
mvm_actual__3utr1149	8e458c120c0be066c28f14a5af816909	3184	aceptor	1.05646e-06
mvm_actual__3utr1149	8e458c120c0be066c28f14a5af816909	3184	donante	4.67552e-08
mvm_actual__3utr1149	8e458c120c0be066c28f14a5af816909	3185	aceptor	3.43801e-07
mvm_actual__3utr1149	8e458c120c0be066c28f14a5af816909	3185	donante	1.13846e-08
mvm_actual__3utr1149	8e458c120c0be066c28f14a5af816909	3186	aceptor	2.21872e-07
mvm_actual__3utr1149	8e458c120c0be066c28f14a5af816909	3186	donante	2.76888e-08
mvm_actual__3utr1149	8e458c120c0be066c28f14a5af816909	3187	aceptor	7.3283e-07
mvm_actual__3utr1149	8e458c120c0be066c28f14a5af816909	3187	donante	7.33078e-08
mvm_actual__3utr1149	8e458c120c0be066c28f14a5af816909	3188	aceptor	3.22323e-07
mvm_actual__3utr1149	8e458c120c0be066c28f14a5af816909	3188	donante	8.47162e-09
mvm_actual__3utr1149	8e458c120c0be066c28f14a5af816909	3189	aceptor	5.17623e-07
mvm_actual__3utr1149	8e458c120c0be066c28f14a5af816909	3189	donante	3.98299e-08
mvm_actual__3utr1149	8e458c120c0be066c28f14a5af816909	3190	aceptor	8.24916e-08
mvm_actual__3utr1149	8e458c120c0be066c28f14a5af816909	3190	donante	7.90287e-08
mvm_actual__3utr1149	8e458c120c0be066c28f14a5af816909	3191	aceptor	1.02799e-07
mvm_actual__3utr1149	8e458c120c0be066c28f14a5af816909	3191	donante	4.50724e-08
mvm_actual__3utr1149	8e458c120c0be066c28f14a5af816909	3192	aceptor	4.73425e-07
mvm_actual__3utr1149	8e458c120c0be066c28f14a5af816909	3192	donante	1.32869e-07
mvm_actual__3utr1149	8e458c120c0be066c28f14a5af816909	3193	aceptor	9.5115e-05
mvm_actual__3utr1149	8e458c120c0be066c28f14a5af816909	3193	donante	5.23623e-06
mvm_actual__3utr1149	8e458c120c0be066c28f14a5af816909	3194	aceptor	2.68341e-08
mvm_actual__3utr1149	8e458c120c0be066c28f14a5af816909	3194	donante	2.62117e-07
mvm_actual__3utr1149	8e458c120c0be066c28f14a5af816909	3195	aceptor	4.6723e-06
mvm_actual__3utr1149	8e458c120c0be066c28f14a5af816909	3195	donante	5.23257e-07
mvm_actual__3utr1149	8e458c120c0be066c28f14a5af816909	3196	aceptor	4.20234e-08
mvm_actual__3utr1149	8e458c120c0be066c28f14a5af816909	3196	donante	8.02698e-07
mvm_actual__3utr1149	8e458c120c0be066c28f14a5af816909	3197	aceptor	1.53129e-08
mvm_actual__3utr1149	8e458c120c0be066c28f14a5af816909	3197	donante	6.66597e-07
mvm_actual__3utr1149	8e458c120c0be066c28f14a5af816909	3198	aceptor	3.76795e-08
mvm_actual__3utr1149	8e458c120c0be066c28f14a5af816909	3198	donante	4.43073e-08
mvm_actual__3utr1149	8e458c120c0be066c28f14a5af816909	3199	aceptor	5.37818e-06
mvm_actual__3utr1149	8e458c120c0be066c28f14a5af816909	3199	donante	9.7732e-07
mvm_actual__3utr1149	8e458c120c0be066c28f14a5af816909	3200	aceptor	6.09653e-08
mvm_actual__3utr1149	8e458c120c0be066c28f14a5af816909	3200	donante	3.83233e-07
mvm_actual__3utr1149	8e458c120c0be066c28f14a5af816909	3201	aceptor	7.57963e-08
mvm_actual__3utr1149	8e458c120c0be066c28f14a5af816909	3201	donante	5.07008e-07
mvm_actual__3utr1149	8e458c120c0be066c28f14a5af816909	3202	aceptor	3.22406e-08
mvm_actual__3utr1149	8e458c120c0be066c28f14a5af816909	3202	donante	4.8202e-07
mvm_actual__3utr1149	8e458c120c0be066c28f14a5af816909	3203	aceptor	6.24117e-07
mvm_actual__3utr1149	8e458c120c0be066c28f14a5af816909	3203	donante	1.10586e-06
mvm_actual__3utr1149	8e458c120c0be066c28f14a5af816909	3204	aceptor	7.08321e-06
mvm_actual__3utr1149	8e458c120c0be066c28f14a5af816909	3204	donante	8.36397e-07
mvm_actual__3utr1149	8e458c120c0be066c28f14a5af816909	3205	aceptor	1.74223e-07
mvm_actual__3utr1149	8e458c120c0be066c28f14a5af816909	3205	donante	3.02322e-07
mvm_actual__3utr1149	8e458c120c0be066c28f14a5af816909	3206	aceptor	1.85736e-07
mvm_actual__3utr1149	8e458c120c0be066c28f14a5af816909	3206	donante	3.93534e-08
mvm_actual__3utr1149	8e458c120c0be066c28f14a5af816909	3207	aceptor	5.50364e-08
mvm_actual__3utr1149	8e458c120c0be066c28f14a5af816909	3207	donante	1.68396e-07
mvm_actual__3utr1149	8e458c120c0be066c28f14a5af816909	3208	aceptor	1.62371e-07
mvm_actual__3utr1149	8e458c120c0be066c28f14a5af816909	3208	donante	4.5561e-08
mvm_actual__3utr1149	8e458c120c0be066c28f14a5af816909	3209	aceptor	4.08445e-07
mvm_actual__3utr1149	8e458c120c0be066c28f14a5af816909	3209	donante	1.53383e-07
mvm_actual__3utr1149	8e458c120c0be066c28f14a5af816909	3210	aceptor	9.94424e-08
mvm_actual__3utr1149	8e458c120c0be066c28f14a5af816909	3210	donante	1.44599e-07
mvm_actual__3utr1149	8e458c120c0be066c28f14a5af816909	3211	aceptor	2.65356e-06
mvm_actual__3utr1149	8e458c120c0be066c28f14a5af816909	3211	donante	1.19393e-07
mvm_actual__3utr1149	8e458c120c0be066c28f14a5af816909	3212	aceptor	2.68065e-06
mvm_actual__3utr1149	8e458c120c0be066c28f14a5af816909	3212	donante	9.32558e-07
mvm_actual__3utr1149	8e458c120c0be066c28f14a5af816909	3213	aceptor	1.37878e-05
mvm_actual__3utr1149	8e458c120c0be066c28f14a5af816909	3213	donante	0.00203992
mvm_actual__3utr1149	8e458c120c0be066c28f14a5af816909	3214	aceptor	1.82426e-05
mvm_actual__3utr1149	8e458c120c0be066c28f14a5af816909	3214	donante	6.83336e-07
mvm_actual__3utr1149	8e458c120c0be066c28f14a5af816909	3215	aceptor	2.88945e-06
mvm_actual__3utr1149	8e458c120c0be066c28f14a5af816909	3215	donante	1.53398e-06
mvm_actual__3utr1149	8e458c120c0be066c28f14a5af816909	3216	aceptor	9.53141e-07
mvm_actual__3utr1149	8e458c120c0be066c28f14a5af816909	3216	donante	2.7216e-07
mvm_actual__3utr1149	8e458c120c0be066c28f14a5af816909	3217	aceptor	3.10541e-07
mvm_actual__3utr1149	8e458c120c0be066c28f14a5af816909	3217	donante	4.88242e-07
mvm_actual__3utr1149	8e458c120c0be066c28f14a5af816909	3218	aceptor	1.29299e-06
mvm_actual__3utr1149	8e458c120c0be066c28f14a5af816909	3218	donante	1.022e-07
mvm_actual__3utr1149	8e458c120c0be066c28f14a5af816909	3219	aceptor	3.85539e-07
mvm_actual__3utr1149	8e458c120c0be066c28f14a5af816909	3219	donante	8.29268e-08
mvm_actual__3utr1149	8e458c120c0be066c28f14a5af816909	3220	aceptor	4.71588e-07
mvm_actual__3utr1149	8e458c120c0be066c28f14a5af816909	3220	donante	1.08679e-07
mvm_actual__3utr1149	8e458c120c0be066c28f14a5af816909	3221	aceptor	6.6826e-07
mvm_actual__3utr1149	8e458c120c0be066c28f14a5af816909	3221	donante	2.77638e-07
mvm_actual__3utr1149	8e458c120c0be066c28f14a5af816909	3222	aceptor	4.07047e-06
mvm_actual__3utr1149	8e458c120c0be066c28f14a5af816909	3222	donante	1.59268e-07
mvm_actual__3utr1149	8e458c120c0be066c28f14a5af816909	3223	aceptor	1.41552e-06
mvm_actual__3utr1149	8e458c120c0be066c28f14a5af816909	3223	donante	6.38384e-07
mvm_actual__3utr1149	8e458c120c0be066c28f14a5af816909	3224	aceptor	1.29624e-07
mvm_actual__3utr1149	8e458c120c0be066c28f14a5af816909	3224	donante	1.78594e-07
mvm_actual__3utr1149	8e458c120c0be066c28f14a5af816909	3225	aceptor	2.46501e-06
mvm_actual__3utr1149	8e458c120c0be066c28f14a5af816909	3225	donante	1.53736e-07
mvm_actual__3utr1149	8e458c120c0be066c28f14a5af816909	3226	aceptor	4.42814e-07
mvm_actual__3utr1149	8e458c120c0be066c28f14a5af816909	3226	donante	8.29575e-08
mvm_actual__3utr1149	8e458c120c0be066c28f14a5af816909	3227	aceptor	2.39581e-07
mvm_actual__3utr1149	8e458c120c0be066c28f14a5af816909	3227	donante	1.12012e-07
mvm_actual__3utr1149	8e458c120c0be066c28f14a5af816909	3228	aceptor	8.88082e-07
mvm_actual__3utr1149	8e458c120c0be066c28f14a5af816909	3228	donante	3.73412e-08
mvm_actual__3utr1149	8e458c120c0be066c28f14a5af816909	3229	aceptor	2.26792e-07
mvm_actual__3utr1149	8e458c120c0be066c28f14a5af816909	3229	donante	1.18119e-07
mvm_actual__3utr1149	8e458c120c0be066c28f14a5af816909	3230	aceptor	4.55857e-06
mvm_actual__3utr1149	8e458c120c0be066c28f14a5af816909	3230	donante	3.50521e-05
mvm_actual__3utr1149	8e458c120c0be066c28f14a5af816909	3231	aceptor	9.17844e-07
mvm_actual__3utr1149	8e458c120c0be066c28f14a5af816909	3231	donante	8.41357e-08
mvm_actual__3utr1149	8e458c120c0be066c28f14a5af816909	3232	aceptor	0.000564531
mvm_actual__3utr1149	8e458c120c0be066c28f14a5af816909	3232	donante	2.56361e-06
mvm_actual__3utr1149	8e458c120c0be066c28f14a5af816909	3233	aceptor	5.08919e-07
mvm_actual__3utr1149	8e458c120c0be066c28f14a5af816909	3233	donante	2.76125e-08
mvm_actual__3utr1149	8e458c120c0be066c28f14a5af816909	3234	aceptor	2.97171e-07
mvm_actual__3utr1149	8e458c120c0be066c28f14a5af816909	3234	donante	7.36979e-07
mvm_actual__3utr1149	8e458c120c0be066c28f14a5af816909	3235	aceptor	3.54865e-07
mvm_actual__3utr1149	8e458c120c0be066c28f14a5af816909	3235	donante	2.67434e-08
mvm_actual__3utr1149	8e458c120c0be066c28f14a5af816909	3236	aceptor	4.90126e-06
mvm_actual__3utr1149	8e458c120c0be066c28f14a5af816909	3236	donante	2.02325e-07
mvm_actual__3utr1149	8e458c120c0be066c28f14a5af816909	3237	aceptor	5.52303e-07
mvm_actual__3utr1149	8e458c120c0be066c28f14a5af816909	3237	donante	2.98255e-07
mvm_actual__3utr1149	8e458c120c0be066c28f14a5af816909	3238	aceptor	5.83262e-07
mvm_actual__3utr1149	8e458c120c0be066c28f14a5af816909	3238	donante	7.21611e-08
mvm_actual__3utr1149	8e458c120c0be066c28f14a5af816909	3239	aceptor	5.85032e-07
mvm_actual__3utr1149	8e458c120c0be066c28f14a5af816909	3239	donante	5.83168e-08
mvm_actual__3utr1149	8e458c120c0be066c28f14a5af816909	3240	aceptor	2.27694e-07
mvm_actual__3utr1149	8e458c120c0be066c28f14a5af816909	3240	donante	4.80722e-07
mvm_actual__3utr1149	8e458c120c0be066c28f14a5af816909	3241	aceptor	1.99421e-07
mvm_actual__3utr1149	8e458c120c0be066c28f14a5af816909	3241	donante	1.1731e-07
mvm_actual__3utr1149	8e458c120c0be066c28f14a5af816909	3242	aceptor	1.15069e-06
mvm_actual__3utr1149	8e458c120c0be066c28f14a5af816909	3242	donante	5.76235e-08
mvm_actual__3utr1149	8e458c120c0be066c28f14a5af816909	3243	aceptor	1.05009e-06
mvm_actual__3utr1149	8e458c120c0be066c28f14a5af816909	3243	donante	8.25722e-07
mvm_actual__3utr1149	8e458c120c0be066c28f14a5af816909	3244	aceptor	2.89288e-07
mvm_actual__3utr1149	8e458c120c0be066c28f14a5af816909	3244	donante	5.15514e-08
mvm_actual__3utr1149	8e458c120c0be066c28f14a5af816909	3245	aceptor	3.99131e-07
mvm_actual__3utr1149	8e458c120c0be066c28f14a5af816909	3245	donante	4.27051e-08
mvm_actual__3utr1149	8e458c120c0be066c28f14a5af816909	3246	aceptor	1.99706e-06
mvm_actual__3utr1149	8e458c120c0be066c28f14a5af816909	3246	donante	1.79692e-07
mvm_actual__3utr1149	8e458c120c0be066c28f14a5af816909	3247	aceptor	2.16189e-07
mvm_actual__3utr1149	8e458c120c0be066c28f14a5af816909	3247	donante	2.31634e-07
mvm_actual__3utr1149	8e458c120c0be066c28f14a5af816909	3248	aceptor	3.77239e-07
mvm_actual__3utr1149	8e458c120c0be066c28f14a5af816909	3248	donante	4.40676e-08
mvm_actual__3utr1149	8e458c120c0be066c28f14a5af816909	3249	aceptor	0.000209916
mvm_actual__3utr1149	8e458c120c0be066c28f14a5af816909	3249	donante	2.81324e-07
mvm_actual__3utr1149	8e458c120c0be066c28f14a5af816909	3250	aceptor	1.02307e-07
mvm_actual__3utr1149	8e458c120c0be066c28f14a5af816909	3250	donante	7.95819e-08
mvm_actual__3utr1149	8e458c120c0be066c28f14a5af816909	3251	aceptor	6.19741e-07
mvm_actual__3utr1149	8e458c120c0be066c28f14a5af816909	3251	donante	8.59765e-07
mvm_actual__3utr1149	8e458c120c0be066c28f14a5af816909	3252	aceptor	3.41187e-06
mvm_actual__3utr1149	8e458c120c0be066c28f14a5af816909	3252	donante	2.14701e-07
mvm_actual__3utr1149	8e458c120c0be066c28f14a5af816909	3253	aceptor	3.45304e-05
mvm_actual__3utr1149	8e458c120c0be066c28f14a5af816909	3253	donante	7.49601e-07
mvm_actual__3utr1149	8e458c120c0be066c28f14a5af816909	3254	aceptor	1.51293e-07
mvm_actual__3utr1149	8e458c120c0be066c28f14a5af816909	3254	donante	2.48879e-07
mvm_actual__3utr1149	8e458c120c0be066c28f14a5af816909	3255	aceptor	6.43592e-07
mvm_actual__3utr1149	8e458c120c0be066c28f14a5af816909	3255	donante	3.20705e-07
mvm_actual__3utr1149	8e458c120c0be066c28f14a5af816909	3256	aceptor	7.84909e-08
mvm_actual__3utr1149	8e458c120c0be066c28f14a5af816909	3256	donante	4.60395e-07
mvm_actual__3utr1149	8e458c120c0be066c28f14a5af816909	3257	aceptor	1.69797e-07
mvm_actual__3utr1149	8e458c120c0be066c28f14a5af816909	3257	donante	1.96229e-07
mvm_actual__3utr1149	8e458c120c0be066c28f14a5af816909	3258	aceptor	8.1697e-08
mvm_actual__3utr1149	8e458c120c0be066c28f14a5af816909	3258	donante	6.9499e-07
mvm_actual__3utr1149	8e458c120c0be066c28f14a5af816909	3259	aceptor	7.29751e-07
mvm_actual__3utr1149	8e458c120c0be066c28f14a5af816909	3259	donante	8.56648e-08
mvm_actual__3utr1149	8e458c120c0be066c28f14a5af816909	3260	aceptor	1.13632e-07
mvm_actual__3utr1149	8e458c120c0be066c28f14a5af816909	3260	donante	1.9091e-07
mvm_actual__3utr1149	8e458c120c0be066c28f14a5af816909	3261	aceptor	2.54291e-07
mvm_actual__3utr1149	8e458c120c0be066c28f14a5af816909	3261	donante	1.31478e-05
mvm_actual__3utr1149	8e458c120c0be066c28f14a5af816909	3262	aceptor	1.56116e-07
mvm_actual__3utr1149	8e458c120c0be066c28f14a5af816909	3262	donante	4.89347e-08
mvm_actual__3utr1149	8e458c120c0be066c28f14a5af816909	3263	aceptor	6.89914e-06
mvm_actual__3utr1149	8e458c120c0be066c28f14a5af816909	3263	donante	1.21357e-07
mvm_actual__3utr1149	8e458c120c0be066c28f14a5af816909	3264	aceptor	9.33566e-08
mvm_actual__3utr1149	8e458c120c0be066c28f14a5af816909	3264	donante	2.38376e-07
mvm_actual__3utr1149	8e458c120c0be066c28f14a5af816909	3265	aceptor	5.31933e-07
mvm_actual__3utr1149	8e458c120c0be066c28f14a5af816909	3265	donante	1.28465e-07
mvm_actual__3utr1149	8e458c120c0be066c28f14a5af816909	3266	aceptor	1.82281e-08
mvm_actual__3utr1149	8e458c120c0be066c28f14a5af816909	3266	donante	1.37801e-07
mvm_actual__3utr1149	8e458c120c0be066c28f14a5af816909	3267	aceptor	1.20542e-06
mvm_actual__3utr1149	8e458c120c0be066c28f14a5af816909	3267	donante	6.3499e-07
mvm_actual__3utr1149	8e458c120c0be066c28f14a5af816909	3268	aceptor	3.96521e-06
mvm_actual__3utr1149	8e458c120c0be066c28f14a5af816909	3268	donante	1.31465e-06
mvm_actual__3utr1149	8e458c120c0be066c28f14a5af816909	3269	aceptor	2.43087e-08
mvm_actual__3utr1149	8e458c120c0be066c28f14a5af816909	3269	donante	8.77646e-08
mvm_actual__3utr1149	8e458c120c0be066c28f14a5af816909	3270	aceptor	7.39367e-08
mvm_actual__3utr1149	8e458c120c0be066c28f14a5af816909	3270	donante	1.61708e-07
mvm_actual__3utr1149	8e458c120c0be066c28f14a5af816909	3271	aceptor	1.94483e-07
mvm_actual__3utr1149	8e458c120c0be066c28f14a5af816909	3271	donante	8.30243e-08
mvm_actual__3utr1149	8e458c120c0be066c28f14a5af816909	3272	aceptor	3.03718e-07
mvm_actual__3utr1149	8e458c120c0be066c28f14a5af816909	3272	donante	4.39055e-07
mvm_actual__3utr1149	8e458c120c0be066c28f14a5af816909	3273	aceptor	6.85028e-08
mvm_actual__3utr1149	8e458c120c0be066c28f14a5af816909	3273	donante	1.20708e-07
mvm_actual__3utr1149	8e458c120c0be066c28f14a5af816909	3274	aceptor	1.13992e-05
mvm_actual__3utr1149	8e458c120c0be066c28f14a5af816909	3274	donante	2.25541e-07
mvm_actual__3utr1149	8e458c120c0be066c28f14a5af816909	3275	aceptor	5.26916e-07
mvm_actual__3utr1149	8e458c120c0be066c28f14a5af816909	3275	donante	3.73984e-05
mvm_actual__3utr1149	8e458c120c0be066c28f14a5af816909	3276	aceptor	1.26398e-07
mvm_actual__3utr1149	8e458c120c0be066c28f14a5af816909	3276	donante	1.77993e-07
mvm_actual__3utr1149	8e458c120c0be066c28f14a5af816909	3277	aceptor	8.17043e-08
mvm_actual__3utr1149	8e458c120c0be066c28f14a5af816909	3277	donante	4.87811e-07
mvm_actual__3utr1149	8e458c120c0be066c28f14a5af816909	3278	aceptor	1.93592e-08
mvm_actual__3utr1149	8e458c120c0be066c28f14a5af816909	3278	donante	4.31266e-07
mvm_actual__3utr1149	8e458c120c0be066c28f14a5af816909	3279	aceptor	5.67989e-08
mvm_actual__3utr1149	8e458c120c0be066c28f14a5af816909	3279	donante	3.71979e-06
mvm_actual__3utr1149	8e458c120c0be066c28f14a5af816909	3280	aceptor	1.08172e-07
mvm_actual__3utr1149	8e458c120c0be066c28f14a5af816909	3280	donante	8.01632e-08
mvm_actual__3utr1149	8e458c120c0be066c28f14a5af816909	3281	aceptor	1.99531e-08
mvm_actual__3utr1149	8e458c120c0be066c28f14a5af816909	3281	donante	1.62614e-07
mvm_actual__3utr1149	8e458c120c0be066c28f14a5af816909	3282	aceptor	3.31799e-08
mvm_actual__3utr1149	8e458c120c0be066c28f14a5af816909	3282	donante	2.8118e-07
mvm_actual__3utr1149	8e458c120c0be066c28f14a5af816909	3283	aceptor	1.04884e-07
mvm_actual__3utr1149	8e458c120c0be066c28f14a5af816909	3283	donante	6.65568e-08
mvm_actual__3utr1149	8e458c120c0be066c28f14a5af816909	3284	aceptor	7.46398e-06
mvm_actual__3utr1149	8e458c120c0be066c28f14a5af816909	3284	donante	3.12524e-06
mvm_actual__3utr1149	8e458c120c0be066c28f14a5af816909	3285	aceptor	8.0006e-08
mvm_actual__3utr1149	8e458c120c0be066c28f14a5af816909	3285	donante	1.05386e-06
mvm_actual__3utr1149	8e458c120c0be066c28f14a5af816909	3286	aceptor	8.26322e-08
mvm_actual__3utr1149	8e458c120c0be066c28f14a5af816909	3286	donante	2.58542e-07
mvm_actual__3utr1149	8e458c120c0be066c28f14a5af816909	3287	aceptor	1.06207e-07
mvm_actual__3utr1149	8e458c120c0be066c28f14a5af816909	3287	donante	1.37993e-06
mvm_actual__3utr1149	8e458c120c0be066c28f14a5af816909	3288	aceptor	2.40775e-08
mvm_actual__3utr1149	8e458c120c0be066c28f14a5af816909	3288	donante	1.5461e-06
mvm_actual__3utr1149	8e458c120c0be066c28f14a5af816909	3289	aceptor	3.68591e-07
mvm_actual__3utr1149	8e458c120c0be066c28f14a5af816909	3289	donante	3.72596e-07
mvm_actual__3utr1149	8e458c120c0be066c28f14a5af816909	3290	aceptor	1.03882e-07
mvm_actual__3utr1149	8e458c120c0be066c28f14a5af816909	3290	donante	2.47697e-07
mvm_actual__3utr1149	8e458c120c0be066c28f14a5af816909	3291	aceptor	5.54369e-08
mvm_actual__3utr1149	8e458c120c0be066c28f14a5af816909	3291	donante	4.32424e-07
mvm_actual__3utr1149	8e458c120c0be066c28f14a5af816909	3292	aceptor	4.06767e-08
mvm_actual__3utr1149	8e458c120c0be066c28f14a5af816909	3292	donante	1.42186e-06
mvm_actual__3utr1149	8e458c120c0be066c28f14a5af816909	3293	aceptor	1.28871e-07
mvm_actual__3utr1149	8e458c120c0be066c28f14a5af816909	3293	donante	1.17301e-07
mvm_actual__3utr1149	8e458c120c0be066c28f14a5af816909	3294	aceptor	1.76553e-08
mvm_actual__3utr1149	8e458c120c0be066c28f14a5af816909	3294	donante	1.29181e-07
mvm_actual__3utr1149	8e458c120c0be066c28f14a5af816909	3295	aceptor	5.85351e-08
mvm_actual__3utr1149	8e458c120c0be066c28f14a5af816909	3295	donante	2.37803e-07
mvm_actual__3utr1149	8e458c120c0be066c28f14a5af816909	3296	aceptor	1.77533e-07
mvm_actual__3utr1149	8e458c120c0be066c28f14a5af816909	3296	donante	1.74211e-07
mvm_actual__3utr1149	8e458c120c0be066c28f14a5af816909	3297	aceptor	5.37855e-08
mvm_actual__3utr1149	8e458c120c0be066c28f14a5af816909	3297	donante	5.21901e-07
mvm_actual__3utr1149	8e458c120c0be066c28f14a5af816909	3298	aceptor	5.66572e-08
mvm_actual__3utr1149	8e458c120c0be066c28f14a5af816909	3298	donante	1.75609e-07
mvm_actual__3utr1149	8e458c120c0be066c28f14a5af816909	3299	aceptor	3.96823e-08
mvm_actual__3utr1149	8e458c120c0be066c28f14a5af816909	3299	donante	2.54844e-06
mvm_actual__3utr1149	8e458c120c0be066c28f14a5af816909	3300	aceptor	0.000110253
mvm_actual__3utr1149	8e458c120c0be066c28f14a5af816909	3300	donante	3.54048e-06
mvm_actual__3utr1149	8e458c120c0be066c28f14a5af816909	3301	aceptor	7.67399e-08
mvm_actual__3utr1149	8e458c120c0be066c28f14a5af816909	3301	donante	1.47011e-07
mvm_actual__3utr1149	8e458c120c0be066c28f14a5af816909	3302	aceptor	1.24366e-07
mvm_actual__3utr1149	8e458c120c0be066c28f14a5af816909	3302	donante	2.8561e-07
mvm_actual__3utr1149	8e458c120c0be066c28f14a5af816909	3303	aceptor	2.02298e-07
mvm_actual__3utr1149	8e458c120c0be066c28f14a5af816909	3303	donante	1.40721e-06
mvm_actual__3utr1149	8e458c120c0be066c28f14a5af816909	3304	aceptor	4.52273e-08
mvm_actual__3utr1149	8e458c120c0be066c28f14a5af816909	3304	donante	1.61033e-07
mvm_actual__3utr1149	8e458c120c0be066c28f14a5af816909	3305	aceptor	1.46033e-07
mvm_actual__3utr1149	8e458c120c0be066c28f14a5af816909	3305	donante	2.25754e-07
mvm_actual__3utr1149	8e458c120c0be066c28f14a5af816909	3306	aceptor	3.76558e-07
mvm_actual__3utr1149	8e458c120c0be066c28f14a5af816909	3306	donante	1.0082e-06
mvm_actual__3utr1149	8e458c120c0be066c28f14a5af816909	3307	aceptor	2.69274e-08
mvm_actual__3utr1149	8e458c120c0be066c28f14a5af816909	3307	donante	7.30278e-07
mvm_actual__3utr1149	8e458c120c0be066c28f14a5af816909	3308	aceptor	2.85108e-07
mvm_actual__3utr1149	8e458c120c0be066c28f14a5af816909	3308	donante	3.67513e-07
mvm_actual__3utr1149	8e458c120c0be066c28f14a5af816909	3309	aceptor	3.4116e-08
mvm_actual__3utr1149	8e458c120c0be066c28f14a5af816909	3309	donante	1.59247e-07
mvm_actual__3utr1149	8e458c120c0be066c28f14a5af816909	3310	aceptor	2.01125e-07
mvm_actual__3utr1149	8e458c120c0be066c28f14a5af816909	3310	donante	4.21877e-07
mvm_actual__3utr1149	8e458c120c0be066c28f14a5af816909	3311	aceptor	2.30246e-08
mvm_actual__3utr1149	8e458c120c0be066c28f14a5af816909	3311	donante	1.25419e-07
mvm_actual__3utr1149	8e458c120c0be066c28f14a5af816909	3312	aceptor	2.92201e-08
mvm_actual__3utr1149	8e458c120c0be066c28f14a5af816909	3312	donante	1.69547e-07
mvm_actual__3utr1149	8e458c120c0be066c28f14a5af816909	3313	aceptor	6.27669e-08
mvm_actual__3utr1149	8e458c120c0be066c28f14a5af816909	3313	donante	5.99964e-07
mvm_actual__3utr1149	8e458c120c0be066c28f14a5af816909	3314	aceptor	2.00029e-07
mvm_actual__3utr1149	8e458c120c0be066c28f14a5af816909	3314	donante	2.7264e-07
mvm_actual__3utr1149	8e458c120c0be066c28f14a5af816909	3315	aceptor	6.94663e-07
mvm_actual__3utr1149	8e458c120c0be066c28f14a5af816909	3315	donante	3.0808e-07
mvm_actual__3utr1149	8e458c120c0be066c28f14a5af816909	3316	aceptor	5.93672e-07
mvm_actual__3utr1149	8e458c120c0be066c28f14a5af816909	3316	donante	1.2817e-06
mvm_actual__3utr1149	8e458c120c0be066c28f14a5af816909	3317	aceptor	7.88306e-08
mvm_actual__3utr1149	8e458c120c0be066c28f14a5af816909	3317	donante	5.03849e-07
mvm_actual__3utr1149	8e458c120c0be066c28f14a5af816909	3318	aceptor	1.47226e-07
mvm_actual__3utr1149	8e458c120c0be066c28f14a5af816909	3318	donante	3.35809e-07
mvm_actual__3utr1149	8e458c120c0be066c28f14a5af816909	3319	aceptor	1.34599e-07
mvm_actual__3utr1149	8e458c120c0be066c28f14a5af816909	3319	donante	4.69558e-07
mvm_actual__3utr1149	8e458c120c0be066c28f14a5af816909	3320	aceptor	1.72559e-07
mvm_actual__3utr1149	8e458c120c0be066c28f14a5af816909	3320	donante	1.31063e-06
mvm_actual__3utr1149	8e458c120c0be066c28f14a5af816909	3321	aceptor	1.02378e-07
mvm_actual__3utr1149	8e458c120c0be066c28f14a5af816909	3321	donante	1.58564e-06
mvm_actual__3utr1149	8e458c120c0be066c28f14a5af816909	3322	aceptor	7.09042e-08
mvm_actual__3utr1149	8e458c120c0be066c28f14a5af816909	3322	donante	9.3917e-07
mvm_actual__3utr1149	8e458c120c0be066c28f14a5af816909	3323	aceptor	1.44331e-07
mvm_actual__3utr1149	8e458c120c0be066c28f14a5af816909	3323	donante	3.85037e-06
mvm_actual__3utr1149	8e458c120c0be066c28f14a5af816909	3324	aceptor	0.000136064
mvm_actual__3utr1149	8e458c120c0be066c28f14a5af816909	3324	donante	1.41252e-05
mvm_actual__3utr1149	8e458c120c0be066c28f14a5af816909	3325	aceptor	1.82009e-07
mvm_actual__3utr1149	8e458c120c0be066c28f14a5af816909	3325	donante	1.1852e-05
mvm_actual__3utr1149	8e458c120c0be066c28f14a5af816909	3326	aceptor	2.62237e-07
mvm_actual__3utr1149	8e458c120c0be066c28f14a5af816909	3326	donante	4.78872e-06
mvm_actual__3utr1149	8e458c120c0be066c28f14a5af816909	3327	aceptor	1.15271e-07
mvm_actual__3utr1149	8e458c120c0be066c28f14a5af816909	3327	donante	6.74444e-07
mvm_actual__3utr1149	8e458c120c0be066c28f14a5af816909	3328	aceptor	3.19949e-08
mvm_actual__3utr1149	8e458c120c0be066c28f14a5af816909	3328	donante	7.03867e-06
mvm_actual__3utr1149	8e458c120c0be066c28f14a5af816909	3329	aceptor	3.87058e-08
mvm_actual__3utr1149	8e458c120c0be066c28f14a5af816909	3329	donante	5.99552e-07
mvm_actual__3utr1149	8e458c120c0be066c28f14a5af816909	3330	aceptor	5.30684e-08
mvm_actual__3utr1149	8e458c120c0be066c28f14a5af816909	3330	donante	1.76548e-06
mvm_actual__3utr1149	8e458c120c0be066c28f14a5af816909	3331	aceptor	5.85965e-06
mvm_actual__3utr1149	8e458c120c0be066c28f14a5af816909	3331	donante	5.8028e-05
mvm_actual__3utr1149	8e458c120c0be066c28f14a5af816909	3332	aceptor	3.00958e-08
mvm_actual__3utr1149	8e458c120c0be066c28f14a5af816909	3332	donante	7.92869e-06
mvm_actual__3utr1149	8e458c120c0be066c28f14a5af816909	3333	aceptor	4.14562e-08
mvm_actual__3utr1149	8e458c120c0be066c28f14a5af816909	3333	donante	4.92376e-07
mvm_actual__3utr1149	8e458c120c0be066c28f14a5af816909	3334	aceptor	6.67204e-08
mvm_actual__3utr1149	8e458c120c0be066c28f14a5af816909	3334	donante	1.47957e-06
mvm_actual__3utr1149	8e458c120c0be066c28f14a5af816909	3335	aceptor	1.03339e-07
mvm_actual__3utr1149	8e458c120c0be066c28f14a5af816909	3335	donante	5.57692e-06
mvm_actual__3utr1149	8e458c120c0be066c28f14a5af816909	3336	aceptor	3.66683e-07
mvm_actual__3utr1149	8e458c120c0be066c28f14a5af816909	3336	donante	1.96378e-05
mvm_actual__3utr1149	8e458c120c0be066c28f14a5af816909	3337	aceptor	3.6346e-07
mvm_actual__3utr1149	8e458c120c0be066c28f14a5af816909	3337	donante	1.65548e-06
mvm_actual__3utr1149	8e458c120c0be066c28f14a5af816909	3338	aceptor	1.9682e-07
mvm_actual__3utr1149	8e458c120c0be066c28f14a5af816909	3338	donante	7.85792e-06
mvm_actual__3utr1149	8e458c120c0be066c28f14a5af816909	3339	aceptor	9.71347e-08
mvm_actual__3utr1149	8e458c120c0be066c28f14a5af816909	3339	donante	2.4847e-06
mvm_actual__3utr1149	8e458c120c0be066c28f14a5af816909	3340	aceptor	8.11968e-07
mvm_actual__3utr1149	8e458c120c0be066c28f14a5af816909	3340	donante	1.62641e-06
mvm_actual__3utr1149	8e458c120c0be066c28f14a5af816909	3341	aceptor	2.97874e-08
mvm_actual__3utr1149	8e458c120c0be066c28f14a5af816909	3341	donante	9.07502e-07
mvm_actual__3utr1149	8e458c120c0be066c28f14a5af816909	3342	aceptor	1.37671e-07
mvm_actual__3utr1149	8e458c120c0be066c28f14a5af816909	3342	donante	1.86759e-05
mvm_actual__3utr1149	8e458c120c0be066c28f14a5af816909	3343	aceptor	1.43455e-07
mvm_actual__3utr1149	8e458c120c0be066c28f14a5af816909	3343	donante	1.72124e-06
mvm_actual__3utr1149	8e458c120c0be066c28f14a5af816909	3344	aceptor	5.04444e-08
mvm_actual__3utr1149	8e458c120c0be066c28f14a5af816909	3344	donante	1.44399e-06
mvm_actual__3utr1149	8e458c120c0be066c28f14a5af816909	3345	aceptor	1.32861e-06
mvm_actual__3utr1149	8e458c120c0be066c28f14a5af816909	3345	donante	2.07791e-06
mvm_actual__3utr1149	8e458c120c0be066c28f14a5af816909	3346	aceptor	3.54942e-07
mvm_actual__3utr1149	8e458c120c0be066c28f14a5af816909	3346	donante	1.33344e-05
mvm_actual__3utr1149	8e458c120c0be066c28f14a5af816909	3347	aceptor	9.33903e-07
mvm_actual__3utr1149	8e458c120c0be066c28f14a5af816909	3347	donante	2.78177e-05
mvm_actual__3utr1149	8e458c120c0be066c28f14a5af816909	3348	aceptor	1.85047e-08
mvm_actual__3utr1149	8e458c120c0be066c28f14a5af816909	3348	donante	2.52928e-05
mvm_actual__3utr1149	8e458c120c0be066c28f14a5af816909	3349	aceptor	5.49371e-08
mvm_actual__3utr1149	8e458c120c0be066c28f14a5af816909	3349	donante	1.05337e-06
mvm_actual__3utr1149	8e458c120c0be066c28f14a5af816909	3350	aceptor	4.84603e-07
mvm_actual__3utr1149	8e458c120c0be066c28f14a5af816909	3350	donante	0.000133567
mvm_actual__3utr1149	8e458c120c0be066c28f14a5af816909	3351	aceptor	1.07202e-07
mvm_actual__3utr1149	8e458c120c0be066c28f14a5af816909	3351	donante	1.96309e-06
mvm_actual__3utr1149	8e458c120c0be066c28f14a5af816909	3352	aceptor	2.65419e-06
mvm_actual__3utr1149	8e458c120c0be066c28f14a5af816909	3352	donante	0.00884221
mvm_actual__3utr1149	8e458c120c0be066c28f14a5af816909	3353	aceptor	1.60005e-07
mvm_actual__3utr1149	8e458c120c0be066c28f14a5af816909	3353	donante	3.19481e-06
mvm_actual__3utr1149	8e458c120c0be066c28f14a5af816909	3354	aceptor	7.03589e-07
mvm_actual__3utr1149	8e458c120c0be066c28f14a5af816909	3354	donante	4.52917e-07
mvm_actual__3utr1149	8e458c120c0be066c28f14a5af816909	3355	aceptor	4.65936e-08
mvm_actual__3utr1149	8e458c120c0be066c28f14a5af816909	3355	donante	3.03883e-07
mvm_actual__3utr1149	8e458c120c0be066c28f14a5af816909	3356	aceptor	9.6837e-08
mvm_actual__3utr1149	8e458c120c0be066c28f14a5af816909	3356	donante	1.51598e-06
mvm_actual__3utr1149	8e458c120c0be066c28f14a5af816909	3357	aceptor	1.1523e-07
mvm_actual__3utr1149	8e458c120c0be066c28f14a5af816909	3357	donante	1.33323e-07
mvm_actual__3utr1149	8e458c120c0be066c28f14a5af816909	3358	aceptor	4.17738e-08
mvm_actual__3utr1149	8e458c120c0be066c28f14a5af816909	3358	donante	6.16293e-07
mvm_actual__3utr1149	8e458c120c0be066c28f14a5af816909	3359	aceptor	3.0724e-05
mvm_actual__3utr1149	8e458c120c0be066c28f14a5af816909	3359	donante	7.1718e-07
mvm_actual__3utr1149	8e458c120c0be066c28f14a5af816909	3360	aceptor	3.34462e-08
mvm_actual__3utr1149	8e458c120c0be066c28f14a5af816909	3360	donante	5.93437e-08
mvm_actual__3utr1149	8e458c120c0be066c28f14a5af816909	3361	aceptor	7.53762e-08
mvm_actual__3utr1149	8e458c120c0be066c28f14a5af816909	3361	donante	1.7811e-08
mvm_actual__3utr1149	8e458c120c0be066c28f14a5af816909	3362	aceptor	1.20534e-07
mvm_actual__3utr1149	8e458c120c0be066c28f14a5af816909	3362	donante	1.13553e-07
mvm_actual__3utr1149	8e458c120c0be066c28f14a5af816909	3363	aceptor	4.30728e-08
mvm_actual__3utr1149	8e458c120c0be066c28f14a5af816909	3363	donante	2.6966e-06
mvm_actual__3utr1149	8e458c120c0be066c28f14a5af816909	3364	aceptor	5.83848e-08
mvm_actual__3utr1149	8e458c120c0be066c28f14a5af816909	3364	donante	3.74476e-08
mvm_actual__3utr1149	8e458c120c0be066c28f14a5af816909	3365	aceptor	1.07332e-06
mvm_actual__3utr1149	8e458c120c0be066c28f14a5af816909	3365	donante	1.78749e-07
mvm_actual__3utr1149	8e458c120c0be066c28f14a5af816909	3366	aceptor	3.33118e-08
mvm_actual__3utr1149	8e458c120c0be066c28f14a5af816909	3366	donante	4.44089e-08
mvm_actual__3utr1149	8e458c120c0be066c28f14a5af816909	3367	aceptor	9.14707e-08
mvm_actual__3utr1149	8e458c120c0be066c28f14a5af816909	3367	donante	3.44481e-07
mvm_actual__3utr1149	8e458c120c0be066c28f14a5af816909	3368	aceptor	2.43376e-08
mvm_actual__3utr1149	8e458c120c0be066c28f14a5af816909	3368	donante	4.6535e-08
mvm_actual__3utr1149	8e458c120c0be066c28f14a5af816909	3369	aceptor	5.33503e-08
mvm_actual__3utr1149	8e458c120c0be066c28f14a5af816909	3369	donante	5.28522e-08
mvm_actual__3utr1149	8e458c120c0be066c28f14a5af816909	3370	aceptor	9.62272e-08
mvm_actual__3utr1149	8e458c120c0be066c28f14a5af816909	3370	donante	8.65234e-09
mvm_actual__3utr1149	8e458c120c0be066c28f14a5af816909	3371	aceptor	5.2964e-07
mvm_actual__3utr1149	8e458c120c0be066c28f14a5af816909	3371	donante	6.45592e-06
mvm_actual__3utr1149	8e458c120c0be066c28f14a5af816909	3372	aceptor	3.13068e-07
mvm_actual__3utr1149	8e458c120c0be066c28f14a5af816909	3372	donante	1.75645e-08
mvm_actual__3utr1149	8e458c120c0be066c28f14a5af816909	3373	aceptor	2.25197e-08
mvm_actual__3utr1149	8e458c120c0be066c28f14a5af816909	3373	donante	2.28211e-08
mvm_actual__3utr1149	8e458c120c0be066c28f14a5af816909	3374	aceptor	9.25769e-08
mvm_actual__3utr1149	8e458c120c0be066c28f14a5af816909	3374	donante	2.97421e-08
mvm_actual__3utr1149	8e458c120c0be066c28f14a5af816909	3375	aceptor	5.22296e-08
mvm_actual__3utr1149	8e458c120c0be066c28f14a5af816909	3375	donante	1.29857e-08
mvm_actual__3utr1149	8e458c120c0be066c28f14a5af816909	3376	aceptor	4.05505e-07
mvm_actual__3utr1149	8e458c120c0be066c28f14a5af816909	3376	donante	2.37883e-06
mvm_actual__3utr1149	8e458c120c0be066c28f14a5af816909	3377	aceptor	1.36769e-07
mvm_actual__3utr1149	8e458c120c0be066c28f14a5af816909	3377	donante	4.00126e-08
mvm_actual__3utr1149	8e458c120c0be066c28f14a5af816909	3378	aceptor	2.51921e-07
mvm_actual__3utr1149	8e458c120c0be066c28f14a5af816909	3378	donante	1.80999e-08
mvm_actual__3utr1149	8e458c120c0be066c28f14a5af816909	3379	aceptor	9.00946e-08
mvm_actual__3utr1149	8e458c120c0be066c28f14a5af816909	3379	donante	2.04145e-07
mvm_actual__3utr1149	8e458c120c0be066c28f14a5af816909	3380	aceptor	3.22994e-07
mvm_actual__3utr1149	8e458c120c0be066c28f14a5af816909	3380	donante	1.095e-06
mvm_actual__3utr1149	8e458c120c0be066c28f14a5af816909	3381	aceptor	2.20977e-07
mvm_actual__3utr1149	8e458c120c0be066c28f14a5af816909	3381	donante	2.03356e-08
mvm_actual__3utr1149	8e458c120c0be066c28f14a5af816909	3382	aceptor	9.39005e-07
mvm_actual__3utr1149	8e458c120c0be066c28f14a5af816909	3382	donante	5.76056e-09
mvm_actual__3utr1149	8e458c120c0be066c28f14a5af816909	3383	aceptor	6.38868e-08
mvm_actual__3utr1149	8e458c120c0be066c28f14a5af816909	3383	donante	2.35307e-08
mvm_actual__3utr1149	8e458c120c0be066c28f14a5af816909	3384	aceptor	6.78555e-07
mvm_actual__3utr1149	8e458c120c0be066c28f14a5af816909	3384	donante	1.14587e-06
mvm_actual__3utr1149	8e458c120c0be066c28f14a5af816909	3385	aceptor	2.85537e-07
mvm_actual__3utr1149	8e458c120c0be066c28f14a5af816909	3385	donante	4.11208e-08
mvm_actual__3utr1149	8e458c120c0be066c28f14a5af816909	3386	aceptor	2.73496e-05
mvm_actual__3utr1149	8e458c120c0be066c28f14a5af816909	3386	donante	9.7087e-08
mvm_actual__3utr1149	8e458c120c0be066c28f14a5af816909	3387	aceptor	9.16801e-07
mvm_actual__3utr1149	8e458c120c0be066c28f14a5af816909	3387	donante	3.33201e-08
mvm_actual__3utr1149	8e458c120c0be066c28f14a5af816909	3388	aceptor	4.5981e-07
mvm_actual__3utr1149	8e458c120c0be066c28f14a5af816909	3388	donante	9.24867e-08
mvm_actual__3utr1149	8e458c120c0be066c28f14a5af816909	3389	aceptor	1.57136e-06
mvm_actual__3utr1149	8e458c120c0be066c28f14a5af816909	3389	donante	4.64852e-08
mvm_actual__3utr1149	8e458c120c0be066c28f14a5af816909	3390	aceptor	5.16414e-08
mvm_actual__3utr1149	8e458c120c0be066c28f14a5af816909	3390	donante	7.68109e-09
mvm_actual__3utr1149	8e458c120c0be066c28f14a5af816909	3391	aceptor	1.23303e-07
mvm_actual__3utr1149	8e458c120c0be066c28f14a5af816909	3391	donante	2.58688e-08
mvm_actual__3utr1149	8e458c120c0be066c28f14a5af816909	3392	aceptor	3.16183e-07
mvm_actual__3utr1149	8e458c120c0be066c28f14a5af816909	3392	donante	1.55042e-07
mvm_actual__3utr1149	8e458c120c0be066c28f14a5af816909	3393	aceptor	6.8244e-07
mvm_actual__3utr1149	8e458c120c0be066c28f14a5af816909	3393	donante	1.49162e-08
mvm_actual__3utr1149	8e458c120c0be066c28f14a5af816909	3394	aceptor	1.24931e-07
mvm_actual__3utr1149	8e458c120c0be066c28f14a5af816909	3394	donante	9.36693e-09
mvm_actual__3utr1149	8e458c120c0be066c28f14a5af816909	3395	aceptor	2.67153e-07
mvm_actual__3utr1149	8e458c120c0be066c28f14a5af816909	3395	donante	2.59742e-08
mvm_actual__3utr1149	8e458c120c0be066c28f14a5af816909	3396	aceptor	3.36111e-07
mvm_actual__3utr1149	8e458c120c0be066c28f14a5af816909	3396	donante	4.63959e-08
mvm_actual__3utr1149	8e458c120c0be066c28f14a5af816909	3397	aceptor	3.33802e-06
mvm_actual__3utr1149	8e458c120c0be066c28f14a5af816909	3397	donante	1.20755e-08
mvm_actual__3utr1149	8e458c120c0be066c28f14a5af816909	3398	aceptor	4.73611e-07
mvm_actual__3utr1149	8e458c120c0be066c28f14a5af816909	3398	donante	2.98063e-08
mvm_actual__3utr1149	8e458c120c0be066c28f14a5af816909	3399	aceptor	9.09013e-07
mvm_actual__3utr1149	8e458c120c0be066c28f14a5af816909	3399	donante	5.24181e-08
mvm_actual__3utr1149	8e458c120c0be066c28f14a5af816909	3400	aceptor	2.19072e-06
mvm_actual__3utr1149	8e458c120c0be066c28f14a5af816909	3400	donante	8.70939e-09
mvm_actual__3utr1149	8e458c120c0be066c28f14a5af816909	3401	aceptor	7.94453e-07
mvm_actual__3utr1149	8e458c120c0be066c28f14a5af816909	3401	donante	1.31248e-08
mvm_actual__3utr1149	8e458c120c0be066c28f14a5af816909	3402	aceptor	1.48266e-07
mvm_actual__3utr1149	8e458c120c0be066c28f14a5af816909	3402	donante	3.21308e-08
mvm_actual__3utr1149	8e458c120c0be066c28f14a5af816909	3403	aceptor	0.000402749
mvm_actual__3utr1149	8e458c120c0be066c28f14a5af816909	3403	donante	1.00115e-06
mvm_actual__3utr1149	8e458c120c0be066c28f14a5af816909	3404	aceptor	1.67e-06
mvm_actual__3utr1149	8e458c120c0be066c28f14a5af816909	3404	donante	8.40255e-09
mvm_actual__3utr1149	8e458c120c0be066c28f14a5af816909	3405	aceptor	1.29633e-06
mvm_actual__3utr1149	8e458c120c0be066c28f14a5af816909	3405	donante	5.63141e-08
mvm_actual__3utr1149	8e458c120c0be066c28f14a5af816909	3406	aceptor	0.00017943
mvm_actual__3utr1149	8e458c120c0be066c28f14a5af816909	3406	donante	3.96875e-07
mvm_actual__3utr1149	8e458c120c0be066c28f14a5af816909	3407	aceptor	8.83678e-06
mvm_actual__3utr1149	8e458c120c0be066c28f14a5af816909	3407	donante	1.59996e-07
mvm_actual__3utr1149	8e458c120c0be066c28f14a5af816909	3408	aceptor	8.84708e-06
mvm_actual__3utr1149	8e458c120c0be066c28f14a5af816909	3408	donante	1.68272e-07
mvm_actual__3utr1149	8e458c120c0be066c28f14a5af816909	3409	aceptor	1.85568e-05
mvm_actual__3utr1149	8e458c120c0be066c28f14a5af816909	3409	donante	9.44645e-08
mvm_actual__3utr1149	8e458c120c0be066c28f14a5af816909	3410	aceptor	3.4109e-06
mvm_actual__3utr1149	8e458c120c0be066c28f14a5af816909	3410	donante	5.65406e-08
mvm_actual__3utr1149	8e458c120c0be066c28f14a5af816909	3411	aceptor	4.56089e-07
mvm_actual__3utr1149	8e458c120c0be066c28f14a5af816909	3411	donante	3.5114e-08
mvm_actual__3utr1149	8e458c120c0be066c28f14a5af816909	3412	aceptor	1.03891e-06
mvm_actual__3utr1149	8e458c120c0be066c28f14a5af816909	3412	donante	9.04395e-08
mvm_actual__3utr1149	8e458c120c0be066c28f14a5af816909	3413	aceptor	2.26693e-06
mvm_actual__3utr1149	8e458c120c0be066c28f14a5af816909	3413	donante	8.02645e-08
mvm_actual__3utr1149	8e458c120c0be066c28f14a5af816909	3414	aceptor	2.0774e-07
mvm_actual__3utr1149	8e458c120c0be066c28f14a5af816909	3414	donante	9.83545e-08
mvm_actual__3utr1149	8e458c120c0be066c28f14a5af816909	3415	aceptor	1.38541e-06
mvm_actual__3utr1149	8e458c120c0be066c28f14a5af816909	3415	donante	2.32254e-08
mvm_actual__3utr1149	8e458c120c0be066c28f14a5af816909	3416	aceptor	6.10248e-06
mvm_actual__3utr1149	8e458c120c0be066c28f14a5af816909	3416	donante	1.1204e-07
mvm_actual__3utr1149	8e458c120c0be066c28f14a5af816909	3417	aceptor	1.38219e-06
mvm_actual__3utr1149	8e458c120c0be066c28f14a5af816909	3417	donante	1.34993e-07
mvm_actual__3utr1149	8e458c120c0be066c28f14a5af816909	3418	aceptor	1.97985e-06
mvm_actual__3utr1149	8e458c120c0be066c28f14a5af816909	3418	donante	4.98111e-08
mvm_actual__3utr1149	8e458c120c0be066c28f14a5af816909	3419	aceptor	5.6741e-07
mvm_actual__3utr1149	8e458c120c0be066c28f14a5af816909	3419	donante	4.59988e-08
mvm_actual__3utr1149	8e458c120c0be066c28f14a5af816909	3420	aceptor	6.51517e-06
mvm_actual__3utr1149	8e458c120c0be066c28f14a5af816909	3420	donante	4.891e-08
mvm_actual__3utr1149	8e458c120c0be066c28f14a5af816909	3421	aceptor	8.13975e-07
mvm_actual__3utr1149	8e458c120c0be066c28f14a5af816909	3421	donante	2.47605e-08
mvm_actual__3utr1149	8e458c120c0be066c28f14a5af816909	3422	aceptor	1.79139e-06
mvm_actual__3utr1149	8e458c120c0be066c28f14a5af816909	3422	donante	1.13274e-07
mvm_actual__3utr1149	8e458c120c0be066c28f14a5af816909	3423	aceptor	4.88723e-07
mvm_actual__3utr1149	8e458c120c0be066c28f14a5af816909	3423	donante	2.9449e-08
mvm_actual__3utr1149	8e458c120c0be066c28f14a5af816909	3424	aceptor	4.94826e-07
mvm_actual__3utr1149	8e458c120c0be066c28f14a5af816909	3424	donante	1.67444e-08
mvm_actual__3utr1149	8e458c120c0be066c28f14a5af816909	3425	aceptor	5.33619e-07
mvm_actual__3utr1149	8e458c120c0be066c28f14a5af816909	3425	donante	5.48538e-08
mvm_actual__3utr1149	8e458c120c0be066c28f14a5af816909	3426	aceptor	1.55856e-06
mvm_actual__3utr1149	8e458c120c0be066c28f14a5af816909	3426	donante	1.09037e-07
mvm_actual__3utr1149	8e458c120c0be066c28f14a5af816909	3427	aceptor	1.50046e-06
mvm_actual__3utr1149	8e458c120c0be066c28f14a5af816909	3427	donante	1.09346e-07
mvm_actual__3utr1149	8e458c120c0be066c28f14a5af816909	3428	aceptor	2.45631e-07
mvm_actual__3utr1149	8e458c120c0be066c28f14a5af816909	3428	donante	5.3958e-08
mvm_actual__3utr1149	8e458c120c0be066c28f14a5af816909	3429	aceptor	5.60992e-06
mvm_actual__3utr1149	8e458c120c0be066c28f14a5af816909	3429	donante	9.66384e-05
mvm_actual__3utr1149	8e458c120c0be066c28f14a5af816909	3430	aceptor	0.879337
mvm_actual__3utr1149	8e458c120c0be066c28f14a5af816909	3430	donante	1.13485e-05
mvm_actual__3utr1149	8e458c120c0be066c28f14a5af816909	3431	aceptor	1.85058e-06
mvm_actual__3utr1149	8e458c120c0be066c28f14a5af816909	3431	donante	1.2619e-07
mvm_actual__3utr1149	8e458c120c0be066c28f14a5af816909	3432	aceptor	1.43453e-06
mvm_actual__3utr1149	8e458c120c0be066c28f14a5af816909	3432	donante	7.8055e-08
mvm_actual__3utr1149	8e458c120c0be066c28f14a5af816909	3433	aceptor	3.3158e-06
mvm_actual__3utr1149	8e458c120c0be066c28f14a5af816909	3433	donante	1.63074e-07
mvm_actual__3utr1149	8e458c120c0be066c28f14a5af816909	3434	aceptor	9.77161e-05
mvm_actual__3utr1149	8e458c120c0be066c28f14a5af816909	3434	donante	2.93485e-07
mvm_actual__3utr1149	8e458c120c0be066c28f14a5af816909	3435	aceptor	4.05885e-06
mvm_actual__3utr1149	8e458c120c0be066c28f14a5af816909	3435	donante	3.59417e-07
mvm_actual__3utr1149	8e458c120c0be066c28f14a5af816909	3436	aceptor	5.39935e-07
mvm_actual__3utr1149	8e458c120c0be066c28f14a5af816909	3436	donante	5.19442e-08
mvm_actual__3utr1149	8e458c120c0be066c28f14a5af816909	3437	aceptor	4.15321e-06
mvm_actual__3utr1149	8e458c120c0be066c28f14a5af816909	3437	donante	1.50247e-07
mvm_actual__3utr1149	8e458c120c0be066c28f14a5af816909	3438	aceptor	1.21818e-05
mvm_actual__3utr1149	8e458c120c0be066c28f14a5af816909	3438	donante	3.89472e-05
mvm_actual__3utr1149	8e458c120c0be066c28f14a5af816909	3439	aceptor	4.4404e-05
mvm_actual__3utr1149	8e458c120c0be066c28f14a5af816909	3439	donante	2.03858e-06
mvm_actual__3utr1149	8e458c120c0be066c28f14a5af816909	3440	aceptor	5.46245e-06
mvm_actual__3utr1149	8e458c120c0be066c28f14a5af816909	3440	donante	9.09922e-07
mvm_actual__3utr1398	048145629eb2a56cc74d026dc9d9aea4	429	aceptor	7.25023e-05
mvm_actual__3utr1398	048145629eb2a56cc74d026dc9d9aea4	429	donante	0.108898
mvm_actual__3utr1398	048145629eb2a56cc74d026dc9d9aea4	1131	aceptor	1.76775e-05
mvm_actual__3utr1398	048145629eb2a56cc74d026dc9d9aea4	1131	donante	0.060389
mvm_actual__3utr1398	048145629eb2a56cc74d026dc9d9aea4	1156	aceptor	4.98698e-06
mvm_actual__3utr1398	048145629eb2a56cc74d026dc9d9aea4	1156	donante	0.0543014
mvm_actual__3utr1398	048145629eb2a56cc74d026dc9d9aea4	1516	aceptor	6.4605e-05
mvm_actual__3utr1398	048145629eb2a56cc74d026dc9d9aea4	1516	donante	0.74777
mvm_actual__3utr1398	048145629eb2a56cc74d026dc9d9aea4	3120	aceptor	8.17624e-07
mvm_actual__3utr1398	048145629eb2a56cc74d026dc9d9aea4	3120	donante	9.16988e-07
mvm_actual__3utr1398	048145629eb2a56cc74d026dc9d9aea4	3121	aceptor	1.26898e-07
mvm_actual__3utr1398	048145629eb2a56cc74d026dc9d9aea4	3121	donante	1.91058e-06
mvm_actual__3utr1398	048145629eb2a56cc74d026dc9d9aea4	3122	aceptor	7.70861e-06
mvm_actual__3utr1398	048145629eb2a56cc74d026dc9d9aea4	3122	donante	3.25813e-06
mvm_actual__3utr1398	048145629eb2a56cc74d026dc9d9aea4	3123	aceptor	1.49036e-07
mvm_actual__3utr1398	048145629eb2a56cc74d026dc9d9aea4	3123	donante	1.11022e-06
mvm_actual__3utr1398	048145629eb2a56cc74d026dc9d9aea4	3124	aceptor	4.42524e-07
mvm_actual__3utr1398	048145629eb2a56cc74d026dc9d9aea4	3124	donante	2.27337e-05
mvm_actual__3utr1398	048145629eb2a56cc74d026dc9d9aea4	3125	aceptor	7.58329e-07
mvm_actual__3utr1398	048145629eb2a56cc74d026dc9d9aea4	3125	donante	8.08908e-07
mvm_actual__3utr1398	048145629eb2a56cc74d026dc9d9aea4	3126	aceptor	1.32922e-05
mvm_actual__3utr1398	048145629eb2a56cc74d026dc9d9aea4	3126	donante	0.0132088
mvm_actual__3utr1398	048145629eb2a56cc74d026dc9d9aea4	3127	aceptor	2.38103e-07
mvm_actual__3utr1398	048145629eb2a56cc74d026dc9d9aea4	3127	donante	5.32432e-07
mvm_actual__3utr1398	048145629eb2a56cc74d026dc9d9aea4	3128	aceptor	1.70294e-07
mvm_actual__3utr1398	048145629eb2a56cc74d026dc9d9aea4	3128	donante	2.35891e-07
mvm_actual__3utr1398	048145629eb2a56cc74d026dc9d9aea4	3129	aceptor	1.66394e-07
mvm_actual__3utr1398	048145629eb2a56cc74d026dc9d9aea4	3129	donante	4.57183e-07
mvm_actual__3utr1398	048145629eb2a56cc74d026dc9d9aea4	3130	aceptor	4.68655e-07
mvm_actual__3utr1398	048145629eb2a56cc74d026dc9d9aea4	3130	donante	3.44888e-06
mvm_actual__3utr1398	048145629eb2a56cc74d026dc9d9aea4	3131	aceptor	1.44025e-07
mvm_actual__3utr1398	048145629eb2a56cc74d026dc9d9aea4	3131	donante	6.19773e-07
mvm_actual__3utr1398	048145629eb2a56cc74d026dc9d9aea4	3132	aceptor	1.58774e-06
mvm_actual__3utr1398	048145629eb2a56cc74d026dc9d9aea4	3132	donante	9.73808e-07
mvm_actual__3utr1398	048145629eb2a56cc74d026dc9d9aea4	3133	aceptor	4.06352e-05
mvm_actual__3utr1398	048145629eb2a56cc74d026dc9d9aea4	3133	donante	0.789138
mvm_actual__3utr1398	048145629eb2a56cc74d026dc9d9aea4	3134	aceptor	3.79428e-07
mvm_actual__3utr1398	048145629eb2a56cc74d026dc9d9aea4	3134	donante	2.55522e-07
mvm_actual__3utr1398	048145629eb2a56cc74d026dc9d9aea4	3135	aceptor	3.98971e-08
mvm_actual__3utr1398	048145629eb2a56cc74d026dc9d9aea4	3135	donante	1.37022e-06
mvm_actual__3utr1398	048145629eb2a56cc74d026dc9d9aea4	3136	aceptor	2.51027e-08
mvm_actual__3utr1398	048145629eb2a56cc74d026dc9d9aea4	3136	donante	1.30932e-06
mvm_actual__3utr1398	048145629eb2a56cc74d026dc9d9aea4	3137	aceptor	4.93752e-08
mvm_actual__3utr1398	048145629eb2a56cc74d026dc9d9aea4	3137	donante	1.38842e-06
mvm_actual__3utr1398	048145629eb2a56cc74d026dc9d9aea4	3138	aceptor	1.29347e-07
mvm_actual__3utr1398	048145629eb2a56cc74d026dc9d9aea4	3138	donante	9.63531e-07
mvm_actual__3utr1398	048145629eb2a56cc74d026dc9d9aea4	3139	aceptor	1.45229e-06
mvm_actual__3utr1398	048145629eb2a56cc74d026dc9d9aea4	3139	donante	4.44518e-05
mvm_actual__3utr1398	048145629eb2a56cc74d026dc9d9aea4	3140	aceptor	1.04332e-07
mvm_actual__3utr1398	048145629eb2a56cc74d026dc9d9aea4	3140	donante	2.74175e-07
mvm_actual__3utr1398	048145629eb2a56cc74d026dc9d9aea4	3141	aceptor	7.00075e-08
mvm_actual__3utr1398	048145629eb2a56cc74d026dc9d9aea4	3141	donante	5.06538e-07
mvm_actual__3utr1398	048145629eb2a56cc74d026dc9d9aea4	3142	aceptor	9.95676e-09
mvm_actual__3utr1398	048145629eb2a56cc74d026dc9d9aea4	3142	donante	9.53632e-08
mvm_actual__3utr1398	048145629eb2a56cc74d026dc9d9aea4	3143	aceptor	3.15933e-08
mvm_actual__3utr1398	048145629eb2a56cc74d026dc9d9aea4	3143	donante	1.17206e-07
mvm_actual__3utr1398	048145629eb2a56cc74d026dc9d9aea4	3144	aceptor	2.88242e-09
mvm_actual__3utr1398	048145629eb2a56cc74d026dc9d9aea4	3144	donante	5.219e-08
mvm_actual__3utr1398	048145629eb2a56cc74d026dc9d9aea4	3145	aceptor	1.18143e-08
mvm_actual__3utr1398	048145629eb2a56cc74d026dc9d9aea4	3145	donante	7.55477e-08
mvm_actual__3utr1398	048145629eb2a56cc74d026dc9d9aea4	3146	aceptor	2.17809e-08
mvm_actual__3utr1398	048145629eb2a56cc74d026dc9d9aea4	3146	donante	1.24007e-06
mvm_actual__3utr1398	048145629eb2a56cc74d026dc9d9aea4	3147	aceptor	2.49704e-06
mvm_actual__3utr1398	048145629eb2a56cc74d026dc9d9aea4	3147	donante	2.36617e-07
mvm_actual__3utr1398	048145629eb2a56cc74d026dc9d9aea4	3148	aceptor	6.97673e-08
mvm_actual__3utr1398	048145629eb2a56cc74d026dc9d9aea4	3148	donante	2.22462e-07
mvm_actual__3utr1398	048145629eb2a56cc74d026dc9d9aea4	3149	aceptor	1.41877e-08
mvm_actual__3utr1398	048145629eb2a56cc74d026dc9d9aea4	3149	donante	2.93753e-08
mvm_actual__3utr1398	048145629eb2a56cc74d026dc9d9aea4	3150	aceptor	3.09597e-08
mvm_actual__3utr1398	048145629eb2a56cc74d026dc9d9aea4	3150	donante	2.37602e-08
mvm_actual__3utr1398	048145629eb2a56cc74d026dc9d9aea4	3151	aceptor	5.37484e-08
mvm_actual__3utr1398	048145629eb2a56cc74d026dc9d9aea4	3151	donante	5.88824e-07
mvm_actual__3utr1398	048145629eb2a56cc74d026dc9d9aea4	3152	aceptor	3.73108e-08
mvm_actual__3utr1398	048145629eb2a56cc74d026dc9d9aea4	3152	donante	2.86587e-08
mvm_actual__3utr1398	048145629eb2a56cc74d026dc9d9aea4	3153	aceptor	6.22979e-08
mvm_actual__3utr1398	048145629eb2a56cc74d026dc9d9aea4	3153	donante	8.96099e-09
mvm_actual__3utr1398	048145629eb2a56cc74d026dc9d9aea4	3154	aceptor	1.14578e-08
mvm_actual__3utr1398	048145629eb2a56cc74d026dc9d9aea4	3154	donante	4.20947e-09
mvm_actual__3utr1398	048145629eb2a56cc74d026dc9d9aea4	3155	aceptor	9.8384e-08
mvm_actual__3utr1398	048145629eb2a56cc74d026dc9d9aea4	3155	donante	4.49176e-07
mvm_actual__3utr1398	048145629eb2a56cc74d026dc9d9aea4	3156	aceptor	1.1578e-07
mvm_actual__3utr1398	048145629eb2a56cc74d026dc9d9aea4	3156	donante	1.55719e-08
mvm_actual__3utr1398	048145629eb2a56cc74d026dc9d9aea4	3157	aceptor	1.71173e-08
mvm_actual__3utr1398	048145629eb2a56cc74d026dc9d9aea4	3157	donante	8.79424e-09
mvm_actual__3utr1398	048145629eb2a56cc74d026dc9d9aea4	3158	aceptor	1.51785e-08
mvm_actual__3utr1398	048145629eb2a56cc74d026dc9d9aea4	3158	donante	1.77897e-09
mvm_actual__3utr1398	048145629eb2a56cc74d026dc9d9aea4	3159	aceptor	1.83505e-08
mvm_actual__3utr1398	048145629eb2a56cc74d026dc9d9aea4	3159	donante	1.25022e-06
mvm_actual__3utr1398	048145629eb2a56cc74d026dc9d9aea4	3160	aceptor	9.57575e-08
mvm_actual__3utr1398	048145629eb2a56cc74d026dc9d9aea4	3160	donante	6.62422e-08
mvm_actual__3utr1398	048145629eb2a56cc74d026dc9d9aea4	3161	aceptor	3.64835e-08
mvm_actual__3utr1398	048145629eb2a56cc74d026dc9d9aea4	3161	donante	6.96012e-08
mvm_actual__3utr1398	048145629eb2a56cc74d026dc9d9aea4	3162	aceptor	1.30181e-08
mvm_actual__3utr1398	048145629eb2a56cc74d026dc9d9aea4	3162	donante	6.68214e-09
mvm_actual__3utr1398	048145629eb2a56cc74d026dc9d9aea4	3163	aceptor	4.15824e-08
mvm_actual__3utr1398	048145629eb2a56cc74d026dc9d9aea4	3163	donante	1.68e-08
mvm_actual__3utr1398	048145629eb2a56cc74d026dc9d9aea4	3164	aceptor	5.66044e-08
mvm_actual__3utr1398	048145629eb2a56cc74d026dc9d9aea4	3164	donante	3.03356e-07
mvm_actual__3utr1398	048145629eb2a56cc74d026dc9d9aea4	3165	aceptor	5.82897e-08
mvm_actual__3utr1398	048145629eb2a56cc74d026dc9d9aea4	3165	donante	2.11992e-08
mvm_actual__3utr1398	048145629eb2a56cc74d026dc9d9aea4	3166	aceptor	1.67485e-08
mvm_actual__3utr1398	048145629eb2a56cc74d026dc9d9aea4	3166	donante	9.00216e-09
mvm_actual__3utr1398	048145629eb2a56cc74d026dc9d9aea4	3167	aceptor	7.61193e-09
mvm_actual__3utr1398	048145629eb2a56cc74d026dc9d9aea4	3167	donante	1.68328e-08
mvm_actual__3utr1398	048145629eb2a56cc74d026dc9d9aea4	3168	aceptor	2.55899e-08
mvm_actual__3utr1398	048145629eb2a56cc74d026dc9d9aea4	3168	donante	1.3311e-08
mvm_actual__3utr1398	048145629eb2a56cc74d026dc9d9aea4	3169	aceptor	3.77473e-08
mvm_actual__3utr1398	048145629eb2a56cc74d026dc9d9aea4	3169	donante	1.77519e-07
mvm_actual__3utr1398	048145629eb2a56cc74d026dc9d9aea4	3170	aceptor	1.2381e-08
mvm_actual__3utr1398	048145629eb2a56cc74d026dc9d9aea4	3170	donante	3.7054e-08
mvm_actual__3utr1398	048145629eb2a56cc74d026dc9d9aea4	3171	aceptor	2.10201e-08
mvm_actual__3utr1398	048145629eb2a56cc74d026dc9d9aea4	3171	donante	1.4427e-08
mvm_actual__3utr1398	048145629eb2a56cc74d026dc9d9aea4	3172	aceptor	4.59431e-08
mvm_actual__3utr1398	048145629eb2a56cc74d026dc9d9aea4	3172	donante	1.77904e-06
mvm_actual__3utr1398	048145629eb2a56cc74d026dc9d9aea4	3173	aceptor	3.10593e-08
mvm_actual__3utr1398	048145629eb2a56cc74d026dc9d9aea4	3173	donante	1.02912e-08
mvm_actual__3utr1398	048145629eb2a56cc74d026dc9d9aea4	3174	aceptor	6.42328e-08
mvm_actual__3utr1398	048145629eb2a56cc74d026dc9d9aea4	3174	donante	1.22542e-08
mvm_actual__3utr1398	048145629eb2a56cc74d026dc9d9aea4	3175	aceptor	1.06285e-08
mvm_actual__3utr1398	048145629eb2a56cc74d026dc9d9aea4	3175	donante	1.84018e-08
mvm_actual__3utr1398	048145629eb2a56cc74d026dc9d9aea4	3176	aceptor	4.53727e-08
mvm_actual__3utr1398	048145629eb2a56cc74d026dc9d9aea4	3176	donante	9.37947e-09
mvm_actual__3utr1398	048145629eb2a56cc74d026dc9d9aea4	3177	aceptor	3.39408e-07
mvm_actual__3utr1398	048145629eb2a56cc74d026dc9d9aea4	3177	donante	1.05912e-08
mvm_actual__3utr1398	048145629eb2a56cc74d026dc9d9aea4	3178	aceptor	1.43867e-08
mvm_actual__3utr1398	048145629eb2a56cc74d026dc9d9aea4	3178	donante	2.4731e-08
mvm_actual__3utr1398	048145629eb2a56cc74d026dc9d9aea4	3179	aceptor	1.16114e-07
mvm_actual__3utr1398	048145629eb2a56cc74d026dc9d9aea4	3179	donante	9.79193e-09
mvm_actual__3utr1398	048145629eb2a56cc74d026dc9d9aea4	3180	aceptor	2.84923e-07
mvm_actual__3utr1398	048145629eb2a56cc74d026dc9d9aea4	3180	donante	2.64815e-08
mvm_actual__3utr1398	048145629eb2a56cc74d026dc9d9aea4	3181	aceptor	2.69239e-07
mvm_actual__3utr1398	048145629eb2a56cc74d026dc9d9aea4	3181	donante	1.6558e-08
mvm_actual__3utr1398	048145629eb2a56cc74d026dc9d9aea4	3182	aceptor	7.4712e-08
mvm_actual__3utr1398	048145629eb2a56cc74d026dc9d9aea4	3182	donante	4.66663e-09
mvm_actual__3utr1398	048145629eb2a56cc74d026dc9d9aea4	3183	aceptor	1.51874e-07
mvm_actual__3utr1398	048145629eb2a56cc74d026dc9d9aea4	3183	donante	4.44185e-09
mvm_actual__3utr1398	048145629eb2a56cc74d026dc9d9aea4	3184	aceptor	5.54712e-07
mvm_actual__3utr1398	048145629eb2a56cc74d026dc9d9aea4	3184	donante	2.57481e-08
mvm_actual__3utr1398	048145629eb2a56cc74d026dc9d9aea4	3185	aceptor	1.56871e-07
mvm_actual__3utr1398	048145629eb2a56cc74d026dc9d9aea4	3185	donante	6.16782e-09
mvm_actual__3utr1398	048145629eb2a56cc74d026dc9d9aea4	3186	aceptor	6.30335e-08
mvm_actual__3utr1398	048145629eb2a56cc74d026dc9d9aea4	3186	donante	2.04262e-08
mvm_actual__3utr1398	048145629eb2a56cc74d026dc9d9aea4	3187	aceptor	3.69757e-07
mvm_actual__3utr1398	048145629eb2a56cc74d026dc9d9aea4	3187	donante	2.29792e-08
mvm_actual__3utr1398	048145629eb2a56cc74d026dc9d9aea4	3188	aceptor	1.3506e-07
mvm_actual__3utr1398	048145629eb2a56cc74d026dc9d9aea4	3188	donante	5.59009e-09
mvm_actual__3utr1398	048145629eb2a56cc74d026dc9d9aea4	3189	aceptor	2.5327e-07
mvm_actual__3utr1398	048145629eb2a56cc74d026dc9d9aea4	3189	donante	2.53031e-08
mvm_actual__3utr1398	048145629eb2a56cc74d026dc9d9aea4	3190	aceptor	5.03844e-08
mvm_actual__3utr1398	048145629eb2a56cc74d026dc9d9aea4	3190	donante	3.88314e-08
mvm_actual__3utr1398	048145629eb2a56cc74d026dc9d9aea4	3191	aceptor	5.8775e-08
mvm_actual__3utr1398	048145629eb2a56cc74d026dc9d9aea4	3191	donante	2.43905e-08
mvm_actual__3utr1398	048145629eb2a56cc74d026dc9d9aea4	3192	aceptor	1.1002e-07
mvm_actual__3utr1398	048145629eb2a56cc74d026dc9d9aea4	3192	donante	8.69705e-08
mvm_actual__3utr1398	048145629eb2a56cc74d026dc9d9aea4	3193	aceptor	2.83866e-05
mvm_actual__3utr1398	048145629eb2a56cc74d026dc9d9aea4	3193	donante	4.12336e-06
mvm_actual__3utr1398	048145629eb2a56cc74d026dc9d9aea4	3194	aceptor	3.90099e-08
mvm_actual__3utr1398	048145629eb2a56cc74d026dc9d9aea4	3194	donante	1.97744e-07
mvm_actual__3utr1398	048145629eb2a56cc74d026dc9d9aea4	3195	aceptor	3.07406e-06
mvm_actual__3utr1398	048145629eb2a56cc74d026dc9d9aea4	3195	donante	1.29029e-07
mvm_actual__3utr1398	048145629eb2a56cc74d026dc9d9aea4	3196	aceptor	1.73686e-08
mvm_actual__3utr1398	048145629eb2a56cc74d026dc9d9aea4	3196	donante	3.71671e-07
mvm_actual__3utr1398	048145629eb2a56cc74d026dc9d9aea4	3197	aceptor	1.4884e-08
mvm_actual__3utr1398	048145629eb2a56cc74d026dc9d9aea4	3197	donante	5.77073e-07
mvm_actual__3utr1398	048145629eb2a56cc74d026dc9d9aea4	3198	aceptor	3.4313e-08
mvm_actual__3utr1398	048145629eb2a56cc74d026dc9d9aea4	3198	donante	4.40054e-08
mvm_actual__3utr1398	048145629eb2a56cc74d026dc9d9aea4	3199	aceptor	2.93483e-06
mvm_actual__3utr1398	048145629eb2a56cc74d026dc9d9aea4	3199	donante	1.04567e-06
mvm_actual__3utr1398	048145629eb2a56cc74d026dc9d9aea4	3200	aceptor	7.86026e-08
mvm_actual__3utr1398	048145629eb2a56cc74d026dc9d9aea4	3200	donante	2.32669e-07
mvm_actual__3utr1398	048145629eb2a56cc74d026dc9d9aea4	3201	aceptor	3.71827e-08
mvm_actual__3utr1398	048145629eb2a56cc74d026dc9d9aea4	3201	donante	5.71372e-07
mvm_actual__3utr1398	048145629eb2a56cc74d026dc9d9aea4	3202	aceptor	1.4064e-08
mvm_actual__3utr1398	048145629eb2a56cc74d026dc9d9aea4	3202	donante	3.04415e-07
mvm_actual__3utr1398	048145629eb2a56cc74d026dc9d9aea4	3203	aceptor	2.72743e-07
mvm_actual__3utr1398	048145629eb2a56cc74d026dc9d9aea4	3203	donante	1.11822e-06
mvm_actual__3utr1398	048145629eb2a56cc74d026dc9d9aea4	3204	aceptor	5.51177e-06
mvm_actual__3utr1398	048145629eb2a56cc74d026dc9d9aea4	3204	donante	3.74088e-07
mvm_actual__3utr1398	048145629eb2a56cc74d026dc9d9aea4	3205	aceptor	9.68163e-08
mvm_actual__3utr1398	048145629eb2a56cc74d026dc9d9aea4	3205	donante	2.86214e-07
mvm_actual__3utr1398	048145629eb2a56cc74d026dc9d9aea4	3206	aceptor	2.32374e-07
mvm_actual__3utr1398	048145629eb2a56cc74d026dc9d9aea4	3206	donante	6.73918e-08
mvm_actual__3utr1398	048145629eb2a56cc74d026dc9d9aea4	3207	aceptor	8.64659e-08
mvm_actual__3utr1398	048145629eb2a56cc74d026dc9d9aea4	3207	donante	2.75574e-07
mvm_actual__3utr1398	048145629eb2a56cc74d026dc9d9aea4	3208	aceptor	7.54699e-08
mvm_actual__3utr1398	048145629eb2a56cc74d026dc9d9aea4	3208	donante	7.41864e-08
mvm_actual__3utr1398	048145629eb2a56cc74d026dc9d9aea4	3209	aceptor	4.44297e-07
mvm_actual__3utr1398	048145629eb2a56cc74d026dc9d9aea4	3209	donante	7.05187e-07
mvm_actual__3utr1398	048145629eb2a56cc74d026dc9d9aea4	3210	aceptor	2.15332e-07
mvm_actual__3utr1398	048145629eb2a56cc74d026dc9d9aea4	3210	donante	4.37981e-07
mvm_actual__3utr1398	048145629eb2a56cc74d026dc9d9aea4	3211	aceptor	1.4077e-06
mvm_actual__3utr1398	048145629eb2a56cc74d026dc9d9aea4	3211	donante	2.07215e-07
mvm_actual__3utr1398	048145629eb2a56cc74d026dc9d9aea4	3212	aceptor	2.11319e-06
mvm_actual__3utr1398	048145629eb2a56cc74d026dc9d9aea4	3212	donante	1.28221e-06
mvm_actual__3utr1398	048145629eb2a56cc74d026dc9d9aea4	3213	aceptor	2.64548e-05
mvm_actual__3utr1398	048145629eb2a56cc74d026dc9d9aea4	3213	donante	0.00590984
mvm_actual__3utr1398	048145629eb2a56cc74d026dc9d9aea4	3214	aceptor	1.06809e-05
mvm_actual__3utr1398	048145629eb2a56cc74d026dc9d9aea4	3214	donante	7.21412e-07
mvm_actual__3utr1398	048145629eb2a56cc74d026dc9d9aea4	3215	aceptor	1.29843e-06
mvm_actual__3utr1398	048145629eb2a56cc74d026dc9d9aea4	3215	donante	3.95223e-06
mvm_actual__3utr1398	048145629eb2a56cc74d026dc9d9aea4	3216	aceptor	3.75334e-07
mvm_actual__3utr1398	048145629eb2a56cc74d026dc9d9aea4	3216	donante	4.9964e-07
mvm_actual__3utr1398	048145629eb2a56cc74d026dc9d9aea4	3217	aceptor	1.6679e-07
mvm_actual__3utr1398	048145629eb2a56cc74d026dc9d9aea4	3217	donante	9.0492e-07
mvm_actual__3utr1398	048145629eb2a56cc74d026dc9d9aea4	3218	aceptor	7.85016e-07
mvm_actual__3utr1398	048145629eb2a56cc74d026dc9d9aea4	3218	donante	2.2105e-07
mvm_actual__3utr1398	048145629eb2a56cc74d026dc9d9aea4	3219	aceptor	3.15762e-07
mvm_actual__3utr1398	048145629eb2a56cc74d026dc9d9aea4	3219	donante	1.74344e-07
mvm_actual__3utr1398	048145629eb2a56cc74d026dc9d9aea4	3220	aceptor	4.41277e-07
mvm_actual__3utr1398	048145629eb2a56cc74d026dc9d9aea4	3220	donante	2.93373e-07
mvm_actual__3utr1398	048145629eb2a56cc74d026dc9d9aea4	3221	aceptor	6.5278e-07
mvm_actual__3utr1398	048145629eb2a56cc74d026dc9d9aea4	3221	donante	4.67391e-07
mvm_actual__3utr1398	048145629eb2a56cc74d026dc9d9aea4	3222	aceptor	9.15213e-07
mvm_actual__3utr1398	048145629eb2a56cc74d026dc9d9aea4	3222	donante	7.23916e-07
mvm_actual__3utr1398	048145629eb2a56cc74d026dc9d9aea4	3223	aceptor	9.98655e-07
mvm_actual__3utr1398	048145629eb2a56cc74d026dc9d9aea4	3223	donante	3.42809e-06
mvm_actual__3utr1398	048145629eb2a56cc74d026dc9d9aea4	3224	aceptor	1.47644e-07
mvm_actual__3utr1398	048145629eb2a56cc74d026dc9d9aea4	3224	donante	6.06504e-07
mvm_actual__3utr1398	048145629eb2a56cc74d026dc9d9aea4	3225	aceptor	8.77719e-07
mvm_actual__3utr1398	048145629eb2a56cc74d026dc9d9aea4	3225	donante	6.86271e-07
mvm_actual__3utr1398	048145629eb2a56cc74d026dc9d9aea4	3226	aceptor	8.1275e-08
mvm_actual__3utr1398	048145629eb2a56cc74d026dc9d9aea4	3226	donante	3.71004e-07
mvm_actual__3utr1398	048145629eb2a56cc74d026dc9d9aea4	3227	aceptor	2.22572e-07
mvm_actual__3utr1398	048145629eb2a56cc74d026dc9d9aea4	3227	donante	2.95121e-07
mvm_actual__3utr1398	048145629eb2a56cc74d026dc9d9aea4	3228	aceptor	1.65121e-07
mvm_actual__3utr1398	048145629eb2a56cc74d026dc9d9aea4	3228	donante	6.7974e-08
mvm_actual__3utr1398	048145629eb2a56cc74d026dc9d9aea4	3229	aceptor	2.32781e-07
mvm_actual__3utr1398	048145629eb2a56cc74d026dc9d9aea4	3229	donante	8.82456e-07
mvm_actual__3utr1398	048145629eb2a56cc74d026dc9d9aea4	3230	aceptor	8.05285e-06
mvm_actual__3utr1398	048145629eb2a56cc74d026dc9d9aea4	3230	donante	0.000797531
mvm_actual__3utr1398	048145629eb2a56cc74d026dc9d9aea4	3231	aceptor	6.72124e-08
mvm_actual__3utr1398	048145629eb2a56cc74d026dc9d9aea4	3231	donante	2.9024e-07
mvm_actual__3utr1398	048145629eb2a56cc74d026dc9d9aea4	3232	aceptor	3.73297e-05
mvm_actual__3utr1398	048145629eb2a56cc74d026dc9d9aea4	3232	donante	6.24091e-06
mvm_actual__3utr1398	048145629eb2a56cc74d026dc9d9aea4	3233	aceptor	5.90177e-07
mvm_actual__3utr1398	048145629eb2a56cc74d026dc9d9aea4	3233	donante	1.61687e-07
mvm_actual__3utr1398	048145629eb2a56cc74d026dc9d9aea4	3234	aceptor	2.48495e-07
mvm_actual__3utr1398	048145629eb2a56cc74d026dc9d9aea4	3234	donante	3.3178e-06
mvm_actual__3utr1398	048145629eb2a56cc74d026dc9d9aea4	3235	aceptor	9.6606e-08
mvm_actual__3utr1398	048145629eb2a56cc74d026dc9d9aea4	3235	donante	2.81636e-07
mvm_actual__3utr1398	048145629eb2a56cc74d026dc9d9aea4	3236	aceptor	5.14445e-06
mvm_actual__3utr1398	048145629eb2a56cc74d026dc9d9aea4	3236	donante	2.56269e-06
mvm_actual__3utr1398	048145629eb2a56cc74d026dc9d9aea4	3237	aceptor	5.20318e-07
mvm_actual__3utr1398	048145629eb2a56cc74d026dc9d9aea4	3237	donante	9.4385e-07
mvm_actual__3utr1398	048145629eb2a56cc74d026dc9d9aea4	3238	aceptor	2.77413e-07
mvm_actual__3utr1398	048145629eb2a56cc74d026dc9d9aea4	3238	donante	1.78969e-07
mvm_actual__3utr1398	048145629eb2a56cc74d026dc9d9aea4	3239	aceptor	2.79095e-07
mvm_actual__3utr1398	048145629eb2a56cc74d026dc9d9aea4	3239	donante	3.4446e-07
mvm_actual__3utr1398	048145629eb2a56cc74d026dc9d9aea4	3240	aceptor	3.76511e-07
mvm_actual__3utr1398	048145629eb2a56cc74d026dc9d9aea4	3240	donante	5.2791e-07
mvm_actual__3utr1398	048145629eb2a56cc74d026dc9d9aea4	3241	aceptor	2.21877e-07
mvm_actual__3utr1398	048145629eb2a56cc74d026dc9d9aea4	3241	donante	2.11788e-07
mvm_actual__3utr1398	048145629eb2a56cc74d026dc9d9aea4	3242	aceptor	3.17367e-07
mvm_actual__3utr1398	048145629eb2a56cc74d026dc9d9aea4	3242	donante	7.13415e-07
mvm_actual__3utr1398	048145629eb2a56cc74d026dc9d9aea4	3243	aceptor	9.88731e-08
mvm_actual__3utr1398	048145629eb2a56cc74d026dc9d9aea4	3243	donante	4.02506e-07
mvm_actual__3utr1398	048145629eb2a56cc74d026dc9d9aea4	3244	aceptor	2.95749e-07
mvm_actual__3utr1398	048145629eb2a56cc74d026dc9d9aea4	3244	donante	6.33869e-07
mvm_actual__3utr1398	048145629eb2a56cc74d026dc9d9aea4	3245	aceptor	9.12445e-07
mvm_actual__3utr1398	048145629eb2a56cc74d026dc9d9aea4	3245	donante	7.24598e-07
mvm_actual__3utr1398	048145629eb2a56cc74d026dc9d9aea4	3246	aceptor	4.32809e-07
mvm_actual__3utr1398	048145629eb2a56cc74d026dc9d9aea4	3246	donante	2.00311e-06
mvm_actual__3utr1398	048145629eb2a56cc74d026dc9d9aea4	3247	aceptor	5.07159e-07
mvm_actual__3utr1398	048145629eb2a56cc74d026dc9d9aea4	3247	donante	9.96891e-07
mvm_actual__3utr1398	048145629eb2a56cc74d026dc9d9aea4	3248	aceptor	4.78524e-07
mvm_actual__3utr1398	048145629eb2a56cc74d026dc9d9aea4	3248	donante	1.70332e-07
mvm_actual__3utr1398	048145629eb2a56cc74d026dc9d9aea4	3249	aceptor	7.46256e-07
mvm_actual__3utr1398	048145629eb2a56cc74d026dc9d9aea4	3249	donante	6.59097e-07
mvm_actual__3utr1398	048145629eb2a56cc74d026dc9d9aea4	3250	aceptor	1.66321e-06
mvm_actual__3utr1398	048145629eb2a56cc74d026dc9d9aea4	3250	donante	2.62881e-06
mvm_actual__3utr1398	048145629eb2a56cc74d026dc9d9aea4	3251	aceptor	1.05126e-06
mvm_actual__3utr1398	048145629eb2a56cc74d026dc9d9aea4	3251	donante	3.22259e-06
mvm_actual__3utr1398	048145629eb2a56cc74d026dc9d9aea4	3252	aceptor	9.57207e-07
mvm_actual__3utr1398	048145629eb2a56cc74d026dc9d9aea4	3252	donante	1.21158e-06
mvm_actual__3utr1398	048145629eb2a56cc74d026dc9d9aea4	3253	aceptor	8.67556e-07
mvm_actual__3utr1398	048145629eb2a56cc74d026dc9d9aea4	3253	donante	3.52104e-06
mvm_actual__3utr1398	048145629eb2a56cc74d026dc9d9aea4	3254	aceptor	1.44431e-06
mvm_actual__3utr1398	048145629eb2a56cc74d026dc9d9aea4	3254	donante	7.3706e-06
mvm_actual__3utr1398	048145629eb2a56cc74d026dc9d9aea4	3255	aceptor	8.73209e-07
mvm_actual__3utr1398	048145629eb2a56cc74d026dc9d9aea4	3255	donante	1.34841e-06
mvm_actual__3utr1398	048145629eb2a56cc74d026dc9d9aea4	3256	aceptor	3.42125e-06
mvm_actual__3utr1398	048145629eb2a56cc74d026dc9d9aea4	3256	donante	6.43456e-06
mvm_actual__3utr1398	048145629eb2a56cc74d026dc9d9aea4	3257	aceptor	2.19255e-06
mvm_actual__3utr1398	048145629eb2a56cc74d026dc9d9aea4	3257	donante	3.54423e-06
mvm_actual__3utr1398	048145629eb2a56cc74d026dc9d9aea4	3258	aceptor	6.09062e-07
mvm_actual__3utr1398	048145629eb2a56cc74d026dc9d9aea4	3258	donante	3.63056e-06
mvm_actual__3utr1398	048145629eb2a56cc74d026dc9d9aea4	3259	aceptor	4.66272e-06
mvm_actual__3utr1398	048145629eb2a56cc74d026dc9d9aea4	3259	donante	7.12052e-07
mvm_actual__3utr1398	048145629eb2a56cc74d026dc9d9aea4	3260	aceptor	1.20453e-06
mvm_actual__3utr1398	048145629eb2a56cc74d026dc9d9aea4	3260	donante	1.19001e-06
mvm_actual__3utr1398	048145629eb2a56cc74d026dc9d9aea4	3261	aceptor	1.16944e-05
mvm_actual__3utr1398	048145629eb2a56cc74d026dc9d9aea4	3261	donante	5.3004e-05
mvm_actual__3utr1398	048145629eb2a56cc74d026dc9d9aea4	3262	aceptor	1.34818e-06
mvm_actual__3utr1398	048145629eb2a56cc74d026dc9d9aea4	3262	donante	7.28568e-07
mvm_actual__3utr1398	048145629eb2a56cc74d026dc9d9aea4	3263	aceptor	0.00602027
mvm_actual__3utr1398	048145629eb2a56cc74d026dc9d9aea4	3263	donante	7.8931e-06
mvm_actual__3utr1398	048145629eb2a56cc74d026dc9d9aea4	3264	aceptor	5.47802e-07
mvm_actual__3utr1398	048145629eb2a56cc74d026dc9d9aea4	3264	donante	7.98184e-07
mvm_actual__3utr1398	048145629eb2a56cc74d026dc9d9aea4	3265	aceptor	2.11932e-06
mvm_actual__3utr1398	048145629eb2a56cc74d026dc9d9aea4	3265	donante	1.09897e-06
mvm_actual__3utr1398	048145629eb2a56cc74d026dc9d9aea4	3266	aceptor	9.21938e-08
mvm_actual__3utr1398	048145629eb2a56cc74d026dc9d9aea4	3266	donante	8.91746e-07
mvm_actual__3utr1398	048145629eb2a56cc74d026dc9d9aea4	3267	aceptor	1.41133e-06
mvm_actual__3utr1398	048145629eb2a56cc74d026dc9d9aea4	3267	donante	6.86182e-07
mvm_actual__3utr1398	048145629eb2a56cc74d026dc9d9aea4	3268	aceptor	0.000114555
mvm_actual__3utr1398	048145629eb2a56cc74d026dc9d9aea4	3268	donante	4.80106e-06
mvm_actual__3utr1398	048145629eb2a56cc74d026dc9d9aea4	3269	aceptor	9.6273e-08
mvm_actual__3utr1398	048145629eb2a56cc74d026dc9d9aea4	3269	donante	6.82552e-07
mvm_actual__3utr1398	048145629eb2a56cc74d026dc9d9aea4	3270	aceptor	1.07656e-07
mvm_actual__3utr1398	048145629eb2a56cc74d026dc9d9aea4	3270	donante	2.9273e-07
mvm_actual__3utr1398	048145629eb2a56cc74d026dc9d9aea4	3271	aceptor	3.37034e-07
mvm_actual__3utr1398	048145629eb2a56cc74d026dc9d9aea4	3271	donante	1.0487e-06
mvm_actual__3utr1398	048145629eb2a56cc74d026dc9d9aea4	3272	aceptor	4.39036e-07
mvm_actual__3utr1398	048145629eb2a56cc74d026dc9d9aea4	3272	donante	2.6506e-06
mvm_actual__3utr1398	048145629eb2a56cc74d026dc9d9aea4	3273	aceptor	7.50692e-08
mvm_actual__3utr1398	048145629eb2a56cc74d026dc9d9aea4	3273	donante	5.74683e-07
mvm_actual__3utr1398	048145629eb2a56cc74d026dc9d9aea4	3274	aceptor	1.80142e-05
mvm_actual__3utr1398	048145629eb2a56cc74d026dc9d9aea4	3274	donante	1.31161e-06
mvm_actual__3utr1398	048145629eb2a56cc74d026dc9d9aea4	3275	aceptor	5.05516e-07
mvm_actual__3utr1398	048145629eb2a56cc74d026dc9d9aea4	3275	donante	0.000215621
mvm_actual__3utr1398	048145629eb2a56cc74d026dc9d9aea4	3276	aceptor	1.61319e-07
mvm_actual__3utr1398	048145629eb2a56cc74d026dc9d9aea4	3276	donante	6.70126e-07
mvm_actual__3utr1398	048145629eb2a56cc74d026dc9d9aea4	3277	aceptor	1.16688e-07
mvm_actual__3utr1398	048145629eb2a56cc74d026dc9d9aea4	3277	donante	1.38917e-06
mvm_actual__3utr1398	048145629eb2a56cc74d026dc9d9aea4	3278	aceptor	3.81764e-08
mvm_actual__3utr1398	048145629eb2a56cc74d026dc9d9aea4	3278	donante	2.97278e-06
mvm_actual__3utr1398	048145629eb2a56cc74d026dc9d9aea4	3279	aceptor	4.33055e-08
mvm_actual__3utr1398	048145629eb2a56cc74d026dc9d9aea4	3279	donante	8.09851e-06
mvm_actual__3utr1398	048145629eb2a56cc74d026dc9d9aea4	3280	aceptor	4.56984e-07
mvm_actual__3utr1398	048145629eb2a56cc74d026dc9d9aea4	3280	donante	3.62716e-07
mvm_actual__3utr1398	048145629eb2a56cc74d026dc9d9aea4	3281	aceptor	9.52195e-08
mvm_actual__3utr1398	048145629eb2a56cc74d026dc9d9aea4	3281	donante	4.99433e-07
mvm_actual__3utr1398	048145629eb2a56cc74d026dc9d9aea4	3282	aceptor	1.20307e-07
mvm_actual__3utr1398	048145629eb2a56cc74d026dc9d9aea4	3282	donante	0.000238852
mvm_actual__3utr1398	048145629eb2a56cc74d026dc9d9aea4	3283	aceptor	1.40454e-07
mvm_actual__3utr1398	048145629eb2a56cc74d026dc9d9aea4	3283	donante	3.28408e-07
mvm_actual__3utr1398	048145629eb2a56cc74d026dc9d9aea4	3284	aceptor	1.05312e-05
mvm_actual__3utr1398	048145629eb2a56cc74d026dc9d9aea4	3284	donante	5.4719e-06
mvm_actual__3utr1398	048145629eb2a56cc74d026dc9d9aea4	3285	aceptor	9.26267e-08
mvm_actual__3utr1398	048145629eb2a56cc74d026dc9d9aea4	3285	donante	3.93578e-07
mvm_actual__3utr1398	048145629eb2a56cc74d026dc9d9aea4	3286	aceptor	4.46756e-08
mvm_actual__3utr1398	048145629eb2a56cc74d026dc9d9aea4	3286	donante	8.2934e-07
mvm_actual__3utr1398	048145629eb2a56cc74d026dc9d9aea4	3287	aceptor	2.77711e-07
mvm_actual__3utr1398	048145629eb2a56cc74d026dc9d9aea4	3287	donante	8.56593e-06
mvm_actual__3utr1398	048145629eb2a56cc74d026dc9d9aea4	3288	aceptor	1.31905e-07
mvm_actual__3utr1398	048145629eb2a56cc74d026dc9d9aea4	3288	donante	8.73023e-07
mvm_actual__3utr1398	048145629eb2a56cc74d026dc9d9aea4	3289	aceptor	4.19278e-06
mvm_actual__3utr1398	048145629eb2a56cc74d026dc9d9aea4	3289	donante	5.5151e-06
mvm_actual__3utr1398	048145629eb2a56cc74d026dc9d9aea4	3290	aceptor	9.70502e-08
mvm_actual__3utr1398	048145629eb2a56cc74d026dc9d9aea4	3290	donante	6.15377e-07
mvm_actual__3utr1398	048145629eb2a56cc74d026dc9d9aea4	3291	aceptor	2.97185e-08
mvm_actual__3utr1398	048145629eb2a56cc74d026dc9d9aea4	3291	donante	7.89541e-07
mvm_actual__3utr1398	048145629eb2a56cc74d026dc9d9aea4	3292	aceptor	1.11093e-07
mvm_actual__3utr1398	048145629eb2a56cc74d026dc9d9aea4	3292	donante	6.45468e-07
mvm_actual__3utr1398	048145629eb2a56cc74d026dc9d9aea4	3293	aceptor	2.89075e-06
mvm_actual__3utr1398	048145629eb2a56cc74d026dc9d9aea4	3293	donante	2.40465e-06
mvm_actual__3utr1398	048145629eb2a56cc74d026dc9d9aea4	3294	aceptor	2.87487e-08
mvm_actual__3utr1398	048145629eb2a56cc74d026dc9d9aea4	3294	donante	2.29352e-07
mvm_actual__3utr1398	048145629eb2a56cc74d026dc9d9aea4	3295	aceptor	7.35638e-08
mvm_actual__3utr1398	048145629eb2a56cc74d026dc9d9aea4	3295	donante	1.2194e-07
mvm_actual__3utr1398	048145629eb2a56cc74d026dc9d9aea4	3296	aceptor	1.99396e-07
mvm_actual__3utr1398	048145629eb2a56cc74d026dc9d9aea4	3296	donante	1.43947e-07
mvm_actual__3utr1398	048145629eb2a56cc74d026dc9d9aea4	3297	aceptor	1.90488e-07
mvm_actual__3utr1398	048145629eb2a56cc74d026dc9d9aea4	3297	donante	2.18248e-07
mvm_actual__3utr1398	048145629eb2a56cc74d026dc9d9aea4	3298	aceptor	2.28024e-07
mvm_actual__3utr1398	048145629eb2a56cc74d026dc9d9aea4	3298	donante	2.82961e-07
mvm_actual__3utr1398	048145629eb2a56cc74d026dc9d9aea4	3299	aceptor	7.05304e-08
mvm_actual__3utr1398	048145629eb2a56cc74d026dc9d9aea4	3299	donante	3.03327e-07
mvm_actual__3utr1398	048145629eb2a56cc74d026dc9d9aea4	3300	aceptor	1.75172e-07
mvm_actual__3utr1398	048145629eb2a56cc74d026dc9d9aea4	3300	donante	2.63321e-07
mvm_actual__3utr1398	048145629eb2a56cc74d026dc9d9aea4	3301	aceptor	4.93264e-07
mvm_actual__3utr1398	048145629eb2a56cc74d026dc9d9aea4	3301	donante	1.50932e-07
mvm_actual__3utr1398	048145629eb2a56cc74d026dc9d9aea4	3302	aceptor	9.42698e-08
mvm_actual__3utr1398	048145629eb2a56cc74d026dc9d9aea4	3302	donante	1.10409e-07
mvm_actual__3utr1398	048145629eb2a56cc74d026dc9d9aea4	3303	aceptor	1.45353e-07
mvm_actual__3utr1398	048145629eb2a56cc74d026dc9d9aea4	3303	donante	3.9653e-07
mvm_actual__3utr1398	048145629eb2a56cc74d026dc9d9aea4	3304	aceptor	1.54561e-07
mvm_actual__3utr1398	048145629eb2a56cc74d026dc9d9aea4	3304	donante	8.31217e-08
mvm_actual__3utr1398	048145629eb2a56cc74d026dc9d9aea4	3305	aceptor	1.89273e-07
mvm_actual__3utr1398	048145629eb2a56cc74d026dc9d9aea4	3305	donante	1.06604e-07
mvm_actual__3utr1398	048145629eb2a56cc74d026dc9d9aea4	3306	aceptor	1.72817e-07
mvm_actual__3utr1398	048145629eb2a56cc74d026dc9d9aea4	3306	donante	4.10088e-07
mvm_actual__3utr1398	048145629eb2a56cc74d026dc9d9aea4	3307	aceptor	1.04771e-07
mvm_actual__3utr1398	048145629eb2a56cc74d026dc9d9aea4	3307	donante	4.76872e-07
mvm_actual__3utr1398	048145629eb2a56cc74d026dc9d9aea4	3308	aceptor	5.62823e-07
mvm_actual__3utr1398	048145629eb2a56cc74d026dc9d9aea4	3308	donante	3.43821e-07
mvm_actual__3utr1398	048145629eb2a56cc74d026dc9d9aea4	3309	aceptor	2.84163e-07
mvm_actual__3utr1398	048145629eb2a56cc74d026dc9d9aea4	3309	donante	1.57492e-07
mvm_actual__3utr1398	048145629eb2a56cc74d026dc9d9aea4	3310	aceptor	1.27642e-06
mvm_actual__3utr1398	048145629eb2a56cc74d026dc9d9aea4	3310	donante	1.73751e-06
mvm_actual__3utr1398	048145629eb2a56cc74d026dc9d9aea4	3311	aceptor	6.42375e-08
mvm_actual__3utr1398	048145629eb2a56cc74d026dc9d9aea4	3311	donante	2.01643e-07
mvm_actual__3utr1398	048145629eb2a56cc74d026dc9d9aea4	3312	aceptor	5.13728e-08
mvm_actual__3utr1398	048145629eb2a56cc74d026dc9d9aea4	3312	donante	1.42516e-07
mvm_actual__3utr1398	048145629eb2a56cc74d026dc9d9aea4	3313	aceptor	1.20205e-07
mvm_actual__3utr1398	048145629eb2a56cc74d026dc9d9aea4	3313	donante	1.8748e-07
mvm_actual__3utr1398	048145629eb2a56cc74d026dc9d9aea4	3314	aceptor	1.46332e-07
mvm_actual__3utr1398	048145629eb2a56cc74d026dc9d9aea4	3314	donante	1.7123e-07
mvm_actual__3utr1398	048145629eb2a56cc74d026dc9d9aea4	3315	aceptor	2.10855e-06
mvm_actual__3utr1398	048145629eb2a56cc74d026dc9d9aea4	3315	donante	2.9557e-07
mvm_actual__3utr1398	048145629eb2a56cc74d026dc9d9aea4	3316	aceptor	7.9855e-07
mvm_actual__3utr1398	048145629eb2a56cc74d026dc9d9aea4	3316	donante	4.94046e-07
mvm_actual__3utr1398	048145629eb2a56cc74d026dc9d9aea4	3317	aceptor	1.25766e-07
mvm_actual__3utr1398	048145629eb2a56cc74d026dc9d9aea4	3317	donante	2.15459e-07
mvm_actual__3utr1398	048145629eb2a56cc74d026dc9d9aea4	3318	aceptor	3.38024e-07
mvm_actual__3utr1398	048145629eb2a56cc74d026dc9d9aea4	3318	donante	1.53429e-07
mvm_actual__3utr1398	048145629eb2a56cc74d026dc9d9aea4	3319	aceptor	6.04604e-07
mvm_actual__3utr1398	048145629eb2a56cc74d026dc9d9aea4	3319	donante	2.48163e-07
mvm_actual__3utr1398	048145629eb2a56cc74d026dc9d9aea4	3320	aceptor	3.83906e-07
mvm_actual__3utr1398	048145629eb2a56cc74d026dc9d9aea4	3320	donante	2.65003e-07
mvm_actual__3utr1398	048145629eb2a56cc74d026dc9d9aea4	3321	aceptor	1.74369e-07
mvm_actual__3utr1398	048145629eb2a56cc74d026dc9d9aea4	3321	donante	3.68306e-07
mvm_actual__3utr1398	048145629eb2a56cc74d026dc9d9aea4	3322	aceptor	2.06104e-07
mvm_actual__3utr1398	048145629eb2a56cc74d026dc9d9aea4	3322	donante	3.71544e-07
mvm_actual__3utr1398	048145629eb2a56cc74d026dc9d9aea4	3323	aceptor	1.63918e-07
mvm_actual__3utr1398	048145629eb2a56cc74d026dc9d9aea4	3323	donante	8.82455e-07
mvm_actual__3utr1398	048145629eb2a56cc74d026dc9d9aea4	3324	aceptor	9.49377e-05
mvm_actual__3utr1398	048145629eb2a56cc74d026dc9d9aea4	3324	donante	2.41375e-06
mvm_actual__3utr1398	048145629eb2a56cc74d026dc9d9aea4	3325	aceptor	2.65666e-07
mvm_actual__3utr1398	048145629eb2a56cc74d026dc9d9aea4	3325	donante	3.322e-06
mvm_actual__3utr1398	048145629eb2a56cc74d026dc9d9aea4	3326	aceptor	4.60841e-07
mvm_actual__3utr1398	048145629eb2a56cc74d026dc9d9aea4	3326	donante	1.47537e-06
mvm_actual__3utr1398	048145629eb2a56cc74d026dc9d9aea4	3327	aceptor	9.07287e-08
mvm_actual__3utr1398	048145629eb2a56cc74d026dc9d9aea4	3327	donante	2.86701e-07
mvm_actual__3utr1398	048145629eb2a56cc74d026dc9d9aea4	3328	aceptor	6.53082e-08
mvm_actual__3utr1398	048145629eb2a56cc74d026dc9d9aea4	3328	donante	1.76033e-06
mvm_actual__3utr1398	048145629eb2a56cc74d026dc9d9aea4	3329	aceptor	6.69948e-08
mvm_actual__3utr1398	048145629eb2a56cc74d026dc9d9aea4	3329	donante	3.40549e-07
mvm_actual__3utr1398	048145629eb2a56cc74d026dc9d9aea4	3330	aceptor	1.01051e-07
mvm_actual__3utr1398	048145629eb2a56cc74d026dc9d9aea4	3330	donante	7.27975e-07
mvm_actual__3utr1398	048145629eb2a56cc74d026dc9d9aea4	3331	aceptor	5.98585e-06
mvm_actual__3utr1398	048145629eb2a56cc74d026dc9d9aea4	3331	donante	4.58257e-05
mvm_actual__3utr1398	048145629eb2a56cc74d026dc9d9aea4	3332	aceptor	2.59873e-08
mvm_actual__3utr1398	048145629eb2a56cc74d026dc9d9aea4	3332	donante	3.99682e-06
mvm_actual__3utr1398	048145629eb2a56cc74d026dc9d9aea4	3333	aceptor	5.73618e-08
mvm_actual__3utr1398	048145629eb2a56cc74d026dc9d9aea4	3333	donante	2.57938e-07
mvm_actual__3utr1398	048145629eb2a56cc74d026dc9d9aea4	3334	aceptor	1.26253e-07
mvm_actual__3utr1398	048145629eb2a56cc74d026dc9d9aea4	3334	donante	4.76746e-07
mvm_actual__3utr1398	048145629eb2a56cc74d026dc9d9aea4	3335	aceptor	1.5015e-07
mvm_actual__3utr1398	048145629eb2a56cc74d026dc9d9aea4	3335	donante	3.02386e-06
mvm_actual__3utr1398	048145629eb2a56cc74d026dc9d9aea4	3336	aceptor	4.01195e-07
mvm_actual__3utr1398	048145629eb2a56cc74d026dc9d9aea4	3336	donante	4.82519e-06
mvm_actual__3utr1398	048145629eb2a56cc74d026dc9d9aea4	3337	aceptor	2.72555e-07
mvm_actual__3utr1398	048145629eb2a56cc74d026dc9d9aea4	3337	donante	8.37299e-07
mvm_actual__3utr1398	048145629eb2a56cc74d026dc9d9aea4	3338	aceptor	2.10024e-07
mvm_actual__3utr1398	048145629eb2a56cc74d026dc9d9aea4	3338	donante	4.25418e-06
mvm_actual__3utr1398	048145629eb2a56cc74d026dc9d9aea4	3339	aceptor	1.27731e-07
mvm_actual__3utr1398	048145629eb2a56cc74d026dc9d9aea4	3339	donante	1.20835e-06
mvm_actual__3utr1398	048145629eb2a56cc74d026dc9d9aea4	3340	aceptor	8.71975e-07
mvm_actual__3utr1398	048145629eb2a56cc74d026dc9d9aea4	3340	donante	6.28487e-07
mvm_actual__3utr1398	048145629eb2a56cc74d026dc9d9aea4	3341	aceptor	2.82158e-08
mvm_actual__3utr1398	048145629eb2a56cc74d026dc9d9aea4	3341	donante	2.81716e-07
mvm_actual__3utr1398	048145629eb2a56cc74d026dc9d9aea4	3342	aceptor	8.42372e-08
mvm_actual__3utr1398	048145629eb2a56cc74d026dc9d9aea4	3342	donante	1.66881e-05
mvm_actual__3utr1398	048145629eb2a56cc74d026dc9d9aea4	3343	aceptor	1.19057e-07
mvm_actual__3utr1398	048145629eb2a56cc74d026dc9d9aea4	3343	donante	3.75665e-07
mvm_actual__3utr1398	048145629eb2a56cc74d026dc9d9aea4	3344	aceptor	5.22961e-08
mvm_actual__3utr1398	048145629eb2a56cc74d026dc9d9aea4	3344	donante	7.0184e-07
mvm_actual__3utr1398	048145629eb2a56cc74d026dc9d9aea4	3345	aceptor	1.1406e-06
mvm_actual__3utr1398	048145629eb2a56cc74d026dc9d9aea4	3345	donante	7.59803e-07
mvm_actual__3utr1398	048145629eb2a56cc74d026dc9d9aea4	3346	aceptor	2.91881e-07
mvm_actual__3utr1398	048145629eb2a56cc74d026dc9d9aea4	3346	donante	4.19784e-06
mvm_actual__3utr1398	048145629eb2a56cc74d026dc9d9aea4	3347	aceptor	8.85185e-07
mvm_actual__3utr1398	048145629eb2a56cc74d026dc9d9aea4	3347	donante	1.58112e-05
mvm_actual__3utr1398	048145629eb2a56cc74d026dc9d9aea4	3348	aceptor	2.6597e-08
mvm_actual__3utr1398	048145629eb2a56cc74d026dc9d9aea4	3348	donante	1.65389e-05
mvm_actual__3utr1398	048145629eb2a56cc74d026dc9d9aea4	3349	aceptor	6.49756e-08
mvm_actual__3utr1398	048145629eb2a56cc74d026dc9d9aea4	3349	donante	8.2695e-07
mvm_actual__3utr1398	048145629eb2a56cc74d026dc9d9aea4	3350	aceptor	4.1086e-07
mvm_actual__3utr1398	048145629eb2a56cc74d026dc9d9aea4	3350	donante	0.00015084
mvm_actual__3utr1398	048145629eb2a56cc74d026dc9d9aea4	3351	aceptor	1.05281e-07
mvm_actual__3utr1398	048145629eb2a56cc74d026dc9d9aea4	3351	donante	3.04508e-06
mvm_actual__3utr1398	048145629eb2a56cc74d026dc9d9aea4	3352	aceptor	2.89339e-06
mvm_actual__3utr1398	048145629eb2a56cc74d026dc9d9aea4	3352	donante	0.0138702
mvm_actual__3utr1398	048145629eb2a56cc74d026dc9d9aea4	3353	aceptor	1.64455e-07
mvm_actual__3utr1398	048145629eb2a56cc74d026dc9d9aea4	3353	donante	3.1175e-06
mvm_actual__3utr1398	048145629eb2a56cc74d026dc9d9aea4	3354	aceptor	5.05322e-07
mvm_actual__3utr1398	048145629eb2a56cc74d026dc9d9aea4	3354	donante	3.83076e-07
mvm_actual__3utr1398	048145629eb2a56cc74d026dc9d9aea4	3355	aceptor	5.84479e-08
mvm_actual__3utr1398	048145629eb2a56cc74d026dc9d9aea4	3355	donante	1.86811e-07
mvm_actual__3utr1398	048145629eb2a56cc74d026dc9d9aea4	3356	aceptor	6.69436e-08
mvm_actual__3utr1398	048145629eb2a56cc74d026dc9d9aea4	3356	donante	9.56976e-07
mvm_actual__3utr1398	048145629eb2a56cc74d026dc9d9aea4	3357	aceptor	1.04148e-07
mvm_actual__3utr1398	048145629eb2a56cc74d026dc9d9aea4	3357	donante	7.50191e-08
mvm_actual__3utr1398	048145629eb2a56cc74d026dc9d9aea4	3358	aceptor	3.40828e-08
mvm_actual__3utr1398	048145629eb2a56cc74d026dc9d9aea4	3358	donante	1.94805e-07
mvm_actual__3utr1398	048145629eb2a56cc74d026dc9d9aea4	3359	aceptor	1.43149e-05
mvm_actual__3utr1398	048145629eb2a56cc74d026dc9d9aea4	3359	donante	2.95716e-07
mvm_actual__3utr1398	048145629eb2a56cc74d026dc9d9aea4	3360	aceptor	4.75528e-08
mvm_actual__3utr1398	048145629eb2a56cc74d026dc9d9aea4	3360	donante	3.82741e-08
mvm_actual__3utr1398	048145629eb2a56cc74d026dc9d9aea4	3361	aceptor	5.68111e-08
mvm_actual__3utr1398	048145629eb2a56cc74d026dc9d9aea4	3361	donante	7.21179e-09
mvm_actual__3utr1398	048145629eb2a56cc74d026dc9d9aea4	3362	aceptor	6.60704e-08
mvm_actual__3utr1398	048145629eb2a56cc74d026dc9d9aea4	3362	donante	4.61557e-08
mvm_actual__3utr1398	048145629eb2a56cc74d026dc9d9aea4	3363	aceptor	3.30213e-08
mvm_actual__3utr1398	048145629eb2a56cc74d026dc9d9aea4	3363	donante	1.04723e-06
mvm_actual__3utr1398	048145629eb2a56cc74d026dc9d9aea4	3364	aceptor	6.00204e-08
mvm_actual__3utr1398	048145629eb2a56cc74d026dc9d9aea4	3364	donante	2.23117e-08
mvm_actual__3utr1398	048145629eb2a56cc74d026dc9d9aea4	3365	aceptor	9.13102e-07
mvm_actual__3utr1398	048145629eb2a56cc74d026dc9d9aea4	3365	donante	5.95276e-08
mvm_actual__3utr1398	048145629eb2a56cc74d026dc9d9aea4	3366	aceptor	2.71698e-08
mvm_actual__3utr1398	048145629eb2a56cc74d026dc9d9aea4	3366	donante	1.63836e-08
mvm_actual__3utr1398	048145629eb2a56cc74d026dc9d9aea4	3367	aceptor	1.10229e-07
mvm_actual__3utr1398	048145629eb2a56cc74d026dc9d9aea4	3367	donante	1.82283e-07
mvm_actual__3utr1398	048145629eb2a56cc74d026dc9d9aea4	3368	aceptor	1.99273e-08
mvm_actual__3utr1398	048145629eb2a56cc74d026dc9d9aea4	3368	donante	2.0454e-08
mvm_actual__3utr1398	048145629eb2a56cc74d026dc9d9aea4	3369	aceptor	4.41652e-08
mvm_actual__3utr1398	048145629eb2a56cc74d026dc9d9aea4	3369	donante	4.98684e-08
mvm_actual__3utr1398	048145629eb2a56cc74d026dc9d9aea4	3370	aceptor	1.54414e-07
mvm_actual__3utr1398	048145629eb2a56cc74d026dc9d9aea4	3370	donante	5.05273e-09
mvm_actual__3utr1398	048145629eb2a56cc74d026dc9d9aea4	3371	aceptor	5.78882e-07
mvm_actual__3utr1398	048145629eb2a56cc74d026dc9d9aea4	3371	donante	3.49601e-06
mvm_actual__3utr1398	048145629eb2a56cc74d026dc9d9aea4	3372	aceptor	3.56214e-07
mvm_actual__3utr1398	048145629eb2a56cc74d026dc9d9aea4	3372	donante	9.0673e-09
mvm_actual__3utr1398	048145629eb2a56cc74d026dc9d9aea4	3373	aceptor	2.52824e-08
mvm_actual__3utr1398	048145629eb2a56cc74d026dc9d9aea4	3373	donante	1.03404e-08
mvm_actual__3utr1398	048145629eb2a56cc74d026dc9d9aea4	3374	aceptor	8.58657e-08
mvm_actual__3utr1398	048145629eb2a56cc74d026dc9d9aea4	3374	donante	1.09088e-08
mvm_actual__3utr1398	048145629eb2a56cc74d026dc9d9aea4	3375	aceptor	6.79556e-08
mvm_actual__3utr1398	048145629eb2a56cc74d026dc9d9aea4	3375	donante	7.34552e-09
mvm_actual__3utr1398	048145629eb2a56cc74d026dc9d9aea4	3376	aceptor	2.99698e-07
mvm_actual__3utr1398	048145629eb2a56cc74d026dc9d9aea4	3376	donante	7.92409e-07
mvm_actual__3utr1398	048145629eb2a56cc74d026dc9d9aea4	3377	aceptor	1.79453e-07
mvm_actual__3utr1398	048145629eb2a56cc74d026dc9d9aea4	3377	donante	1.69011e-08
mvm_actual__3utr1398	048145629eb2a56cc74d026dc9d9aea4	3378	aceptor	1.60648e-07
mvm_actual__3utr1398	048145629eb2a56cc74d026dc9d9aea4	3378	donante	9.1138e-09
mvm_actual__3utr1398	048145629eb2a56cc74d026dc9d9aea4	3379	aceptor	8.03503e-08
mvm_actual__3utr1398	048145629eb2a56cc74d026dc9d9aea4	3379	donante	1.81658e-07
mvm_actual__3utr1398	048145629eb2a56cc74d026dc9d9aea4	3380	aceptor	2.22331e-07
mvm_actual__3utr1398	048145629eb2a56cc74d026dc9d9aea4	3380	donante	6.5041e-07
mvm_actual__3utr1398	048145629eb2a56cc74d026dc9d9aea4	3381	aceptor	2.12947e-07
mvm_actual__3utr1398	048145629eb2a56cc74d026dc9d9aea4	3381	donante	1.41506e-08
mvm_actual__3utr1398	048145629eb2a56cc74d026dc9d9aea4	3382	aceptor	6.85282e-07
mvm_actual__3utr1398	048145629eb2a56cc74d026dc9d9aea4	3382	donante	3.45109e-09
mvm_actual__3utr1398	048145629eb2a56cc74d026dc9d9aea4	3383	aceptor	4.72043e-08
mvm_actual__3utr1398	048145629eb2a56cc74d026dc9d9aea4	3383	donante	1.04446e-08
mvm_actual__3utr1398	048145629eb2a56cc74d026dc9d9aea4	3384	aceptor	6.94953e-07
mvm_actual__3utr1398	048145629eb2a56cc74d026dc9d9aea4	3384	donante	9.5788e-07
mvm_actual__3utr1398	048145629eb2a56cc74d026dc9d9aea4	3385	aceptor	1.94878e-07
mvm_actual__3utr1398	048145629eb2a56cc74d026dc9d9aea4	3385	donante	2.11807e-08
mvm_actual__3utr1398	048145629eb2a56cc74d026dc9d9aea4	3386	aceptor	2.34379e-05
mvm_actual__3utr1398	048145629eb2a56cc74d026dc9d9aea4	3386	donante	5.37536e-08
mvm_actual__3utr1398	048145629eb2a56cc74d026dc9d9aea4	3387	aceptor	7.30849e-07
mvm_actual__3utr1398	048145629eb2a56cc74d026dc9d9aea4	3387	donante	1.68794e-08
mvm_actual__3utr1398	048145629eb2a56cc74d026dc9d9aea4	3388	aceptor	2.86283e-07
mvm_actual__3utr1398	048145629eb2a56cc74d026dc9d9aea4	3388	donante	4.41948e-08
mvm_actual__3utr1398	048145629eb2a56cc74d026dc9d9aea4	3389	aceptor	1.27169e-06
mvm_actual__3utr1398	048145629eb2a56cc74d026dc9d9aea4	3389	donante	2.71695e-08
mvm_actual__3utr1398	048145629eb2a56cc74d026dc9d9aea4	3390	aceptor	8.03668e-08
mvm_actual__3utr1398	048145629eb2a56cc74d026dc9d9aea4	3390	donante	7.05249e-09
mvm_actual__3utr1398	048145629eb2a56cc74d026dc9d9aea4	3391	aceptor	9.38433e-08
mvm_actual__3utr1398	048145629eb2a56cc74d026dc9d9aea4	3391	donante	1.60577e-08
mvm_actual__3utr1398	048145629eb2a56cc74d026dc9d9aea4	3392	aceptor	2.01705e-07
mvm_actual__3utr1398	048145629eb2a56cc74d026dc9d9aea4	3392	donante	9.47508e-08
mvm_actual__3utr1398	048145629eb2a56cc74d026dc9d9aea4	3393	aceptor	5.60747e-07
mvm_actual__3utr1398	048145629eb2a56cc74d026dc9d9aea4	3393	donante	7.64013e-09
mvm_actual__3utr1398	048145629eb2a56cc74d026dc9d9aea4	3394	aceptor	1.70583e-07
mvm_actual__3utr1398	048145629eb2a56cc74d026dc9d9aea4	3394	donante	6.59468e-09
mvm_actual__3utr1398	048145629eb2a56cc74d026dc9d9aea4	3395	aceptor	2.32368e-07
mvm_actual__3utr1398	048145629eb2a56cc74d026dc9d9aea4	3395	donante	2.40771e-08
mvm_actual__3utr1398	048145629eb2a56cc74d026dc9d9aea4	3396	aceptor	3.67171e-07
mvm_actual__3utr1398	048145629eb2a56cc74d026dc9d9aea4	3396	donante	2.32606e-08
mvm_actual__3utr1398	048145629eb2a56cc74d026dc9d9aea4	3397	aceptor	4.84384e-06
mvm_actual__3utr1398	048145629eb2a56cc74d026dc9d9aea4	3397	donante	1.38623e-08
mvm_actual__3utr1398	048145629eb2a56cc74d026dc9d9aea4	3398	aceptor	3.36119e-07
mvm_actual__3utr1398	048145629eb2a56cc74d026dc9d9aea4	3398	donante	1.70909e-08
mvm_actual__3utr1398	048145629eb2a56cc74d026dc9d9aea4	3399	aceptor	9.55861e-07
mvm_actual__3utr1398	048145629eb2a56cc74d026dc9d9aea4	3399	donante	5.82288e-08
mvm_actual__3utr1398	048145629eb2a56cc74d026dc9d9aea4	3400	aceptor	2.82326e-06
mvm_actual__3utr1398	048145629eb2a56cc74d026dc9d9aea4	3400	donante	1.21931e-08
mvm_actual__3utr1398	048145629eb2a56cc74d026dc9d9aea4	3401	aceptor	9.74252e-07
mvm_actual__3utr1398	048145629eb2a56cc74d026dc9d9aea4	3401	donante	1.26104e-08
mvm_actual__3utr1398	048145629eb2a56cc74d026dc9d9aea4	3402	aceptor	1.7594e-07
mvm_actual__3utr1398	048145629eb2a56cc74d026dc9d9aea4	3402	donante	2.4023e-08
mvm_actual__3utr1398	048145629eb2a56cc74d026dc9d9aea4	3403	aceptor	0.000322624
mvm_actual__3utr1398	048145629eb2a56cc74d026dc9d9aea4	3403	donante	6.93103e-07
mvm_actual__3utr1398	048145629eb2a56cc74d026dc9d9aea4	3404	aceptor	2.16132e-06
mvm_actual__3utr1398	048145629eb2a56cc74d026dc9d9aea4	3404	donante	9.90455e-09
mvm_actual__3utr1398	048145629eb2a56cc74d026dc9d9aea4	3405	aceptor	1.40788e-06
mvm_actual__3utr1398	048145629eb2a56cc74d026dc9d9aea4	3405	donante	4.65074e-08
mvm_actual__3utr1398	048145629eb2a56cc74d026dc9d9aea4	3406	aceptor	0.000125771
mvm_actual__3utr1398	048145629eb2a56cc74d026dc9d9aea4	3406	donante	3.25896e-07
mvm_actual__3utr1398	048145629eb2a56cc74d026dc9d9aea4	3407	aceptor	7.59414e-06
mvm_actual__3utr1398	048145629eb2a56cc74d026dc9d9aea4	3407	donante	1.88975e-07
mvm_actual__3utr1398	048145629eb2a56cc74d026dc9d9aea4	3408	aceptor	9.18671e-06
mvm_actual__3utr1398	048145629eb2a56cc74d026dc9d9aea4	3408	donante	7.29665e-08
mvm_actual__3utr1398	048145629eb2a56cc74d026dc9d9aea4	3409	aceptor	2.06708e-05
mvm_actual__3utr1398	048145629eb2a56cc74d026dc9d9aea4	3409	donante	9.72272e-08
mvm_actual__3utr1398	048145629eb2a56cc74d026dc9d9aea4	3410	aceptor	3.77753e-06
mvm_actual__3utr1398	048145629eb2a56cc74d026dc9d9aea4	3410	donante	5.5793e-08
mvm_actual__3utr1398	048145629eb2a56cc74d026dc9d9aea4	3411	aceptor	5.24115e-07
mvm_actual__3utr1398	048145629eb2a56cc74d026dc9d9aea4	3411	donante	2.68906e-08
mvm_actual__3utr1398	048145629eb2a56cc74d026dc9d9aea4	3412	aceptor	1.49008e-06
mvm_actual__3utr1398	048145629eb2a56cc74d026dc9d9aea4	3412	donante	5.96205e-08
mvm_actual__3utr1398	048145629eb2a56cc74d026dc9d9aea4	3413	aceptor	2.32191e-06
mvm_actual__3utr1398	048145629eb2a56cc74d026dc9d9aea4	3413	donante	4.40519e-08
mvm_actual__3utr1398	048145629eb2a56cc74d026dc9d9aea4	3414	aceptor	2.88575e-07
mvm_actual__3utr1398	048145629eb2a56cc74d026dc9d9aea4	3414	donante	9.17266e-08
mvm_actual__3utr1398	048145629eb2a56cc74d026dc9d9aea4	3415	aceptor	1.14245e-06
mvm_actual__3utr1398	048145629eb2a56cc74d026dc9d9aea4	3415	donante	1.6858e-08
mvm_actual__3utr1398	048145629eb2a56cc74d026dc9d9aea4	3416	aceptor	6.11999e-06
mvm_actual__3utr1398	048145629eb2a56cc74d026dc9d9aea4	3416	donante	8.53359e-08
mvm_actual__3utr1398	048145629eb2a56cc74d026dc9d9aea4	3417	aceptor	1.9388e-06
mvm_actual__3utr1398	048145629eb2a56cc74d026dc9d9aea4	3417	donante	1.60863e-07
mvm_actual__3utr1398	048145629eb2a56cc74d026dc9d9aea4	3418	aceptor	1.86452e-06
mvm_actual__3utr1398	048145629eb2a56cc74d026dc9d9aea4	3418	donante	3.8019e-08
mvm_actual__3utr1398	048145629eb2a56cc74d026dc9d9aea4	3419	aceptor	2.79688e-07
mvm_actual__3utr1398	048145629eb2a56cc74d026dc9d9aea4	3419	donante	4.03213e-08
mvm_actual__3utr1398	048145629eb2a56cc74d026dc9d9aea4	3420	aceptor	4.25567e-06
mvm_actual__3utr1398	048145629eb2a56cc74d026dc9d9aea4	3420	donante	5.97785e-08
mvm_actual__3utr1398	048145629eb2a56cc74d026dc9d9aea4	3421	aceptor	9.601e-07
mvm_actual__3utr1398	048145629eb2a56cc74d026dc9d9aea4	3421	donante	2.85927e-08
mvm_actual__3utr1398	048145629eb2a56cc74d026dc9d9aea4	3422	aceptor	1.61798e-06
mvm_actual__3utr1398	048145629eb2a56cc74d026dc9d9aea4	3422	donante	7.535e-08
mvm_actual__3utr1398	048145629eb2a56cc74d026dc9d9aea4	3423	aceptor	5.94807e-07
mvm_actual__3utr1398	048145629eb2a56cc74d026dc9d9aea4	3423	donante	2.96794e-08
mvm_actual__3utr1398	048145629eb2a56cc74d026dc9d9aea4	3424	aceptor	4.63495e-07
mvm_actual__3utr1398	048145629eb2a56cc74d026dc9d9aea4	3424	donante	1.80484e-08
mvm_actual__3utr1398	048145629eb2a56cc74d026dc9d9aea4	3425	aceptor	5.85413e-07
mvm_actual__3utr1398	048145629eb2a56cc74d026dc9d9aea4	3425	donante	5.73136e-08
mvm_actual__3utr1398	048145629eb2a56cc74d026dc9d9aea4	3426	aceptor	1.7556e-06
mvm_actual__3utr1398	048145629eb2a56cc74d026dc9d9aea4	3426	donante	1.22951e-07
mvm_actual__3utr1398	048145629eb2a56cc74d026dc9d9aea4	3427	aceptor	1.57518e-06
mvm_actual__3utr1398	048145629eb2a56cc74d026dc9d9aea4	3427	donante	1.52183e-07
mvm_actual__3utr1398	048145629eb2a56cc74d026dc9d9aea4	3428	aceptor	2.09947e-07
mvm_actual__3utr1398	048145629eb2a56cc74d026dc9d9aea4	3428	donante	5.40945e-08
mvm_actual__3utr1398	048145629eb2a56cc74d026dc9d9aea4	3429	aceptor	8.17068e-06
mvm_actual__3utr1398	048145629eb2a56cc74d026dc9d9aea4	3429	donante	0.000170936
mvm_actual__3utr1398	048145629eb2a56cc74d026dc9d9aea4	3430	aceptor	0.853921
mvm_actual__3utr1398	048145629eb2a56cc74d026dc9d9aea4	3430	donante	1.06326e-05
mvm_actual__3utr1398	048145629eb2a56cc74d026dc9d9aea4	3431	aceptor	2.00199e-06
mvm_actual__3utr1398	048145629eb2a56cc74d026dc9d9aea4	3431	donante	1.41934e-07
mvm_actual__3utr1398	048145629eb2a56cc74d026dc9d9aea4	3432	aceptor	1.8245e-06
mvm_actual__3utr1398	048145629eb2a56cc74d026dc9d9aea4	3432	donante	7.23622e-08
mvm_actual__3utr1398	048145629eb2a56cc74d026dc9d9aea4	3433	aceptor	3.00229e-06
mvm_actual__3utr1398	048145629eb2a56cc74d026dc9d9aea4	3433	donante	1.64348e-07
mvm_actual__3utr1398	048145629eb2a56cc74d026dc9d9aea4	3434	aceptor	0.000105799
mvm_actual__3utr1398	048145629eb2a56cc74d026dc9d9aea4	3434	donante	2.86016e-07
mvm_actual__3utr1398	048145629eb2a56cc74d026dc9d9aea4	3435	aceptor	5.23403e-06
mvm_actual__3utr1398	048145629eb2a56cc74d026dc9d9aea4	3435	donante	2.54129e-07
mvm_actual__3utr1398	048145629eb2a56cc74d026dc9d9aea4	3436	aceptor	5.70507e-07
mvm_actual__3utr1398	048145629eb2a56cc74d026dc9d9aea4	3436	donante	5.58142e-08
mvm_actual__3utr1398	048145629eb2a56cc74d026dc9d9aea4	3437	aceptor	3.81947e-06
mvm_actual__3utr1398	048145629eb2a56cc74d026dc9d9aea4	3437	donante	1.22545e-07
mvm_actual__3utr1398	048145629eb2a56cc74d026dc9d9aea4	3438	aceptor	1.19015e-05
mvm_actual__3utr1398	048145629eb2a56cc74d026dc9d9aea4	3438	donante	2.73932e-05
mvm_actual__3utr1398	048145629eb2a56cc74d026dc9d9aea4	3439	aceptor	3.38579e-05
mvm_actual__3utr1398	048145629eb2a56cc74d026dc9d9aea4	3439	donante	1.9038e-06
mvm_actual__3utr1398	048145629eb2a56cc74d026dc9d9aea4	3440	aceptor	5.90171e-06
mvm_actual__3utr1398	048145629eb2a56cc74d026dc9d9aea4	3440	donante	9.34455e-07
mvm_actual__3utr1502	b1a5a0601146013de908080e93a7fa22	429	aceptor	7.36719e-05
mvm_actual__3utr1502	b1a5a0601146013de908080e93a7fa22	429	donante	0.108624
mvm_actual__3utr1502	b1a5a0601146013de908080e93a7fa22	1131	aceptor	1.72649e-05
mvm_actual__3utr1502	b1a5a0601146013de908080e93a7fa22	1131	donante	0.06118
mvm_actual__3utr1502	b1a5a0601146013de908080e93a7fa22	1156	aceptor	4.78664e-06
mvm_actual__3utr1502	b1a5a0601146013de908080e93a7fa22	1156	donante	0.0561927
mvm_actual__3utr1502	b1a5a0601146013de908080e93a7fa22	1516	aceptor	6.7576e-05
mvm_actual__3utr1502	b1a5a0601146013de908080e93a7fa22	1516	donante	0.763252
mvm_actual__3utr1502	b1a5a0601146013de908080e93a7fa22	3120	aceptor	9.62511e-07
mvm_actual__3utr1502	b1a5a0601146013de908080e93a7fa22	3120	donante	8.49096e-07
mvm_actual__3utr1502	b1a5a0601146013de908080e93a7fa22	3121	aceptor	1.97031e-07
mvm_actual__3utr1502	b1a5a0601146013de908080e93a7fa22	3121	donante	1.77619e-06
mvm_actual__3utr1502	b1a5a0601146013de908080e93a7fa22	3122	aceptor	9.88364e-06
mvm_actual__3utr1502	b1a5a0601146013de908080e93a7fa22	3122	donante	3.35355e-06
mvm_actual__3utr1502	b1a5a0601146013de908080e93a7fa22	3123	aceptor	2.33611e-07
mvm_actual__3utr1502	b1a5a0601146013de908080e93a7fa22	3123	donante	1.1243e-06
mvm_actual__3utr1502	b1a5a0601146013de908080e93a7fa22	3124	aceptor	6.10041e-07
mvm_actual__3utr1502	b1a5a0601146013de908080e93a7fa22	3124	donante	2.78541e-05
mvm_actual__3utr1502	b1a5a0601146013de908080e93a7fa22	3125	aceptor	1.05837e-06
mvm_actual__3utr1502	b1a5a0601146013de908080e93a7fa22	3125	donante	1.07116e-06
mvm_actual__3utr1502	b1a5a0601146013de908080e93a7fa22	3126	aceptor	1.70005e-05
mvm_actual__3utr1502	b1a5a0601146013de908080e93a7fa22	3126	donante	0.0169987
mvm_actual__3utr1502	b1a5a0601146013de908080e93a7fa22	3127	aceptor	2.52312e-07
mvm_actual__3utr1502	b1a5a0601146013de908080e93a7fa22	3127	donante	6.69011e-07
mvm_actual__3utr1502	b1a5a0601146013de908080e93a7fa22	3128	aceptor	2.23705e-07
mvm_actual__3utr1502	b1a5a0601146013de908080e93a7fa22	3128	donante	3.13797e-07
mvm_actual__3utr1502	b1a5a0601146013de908080e93a7fa22	3129	aceptor	1.86933e-07
mvm_actual__3utr1502	b1a5a0601146013de908080e93a7fa22	3129	donante	5.14892e-07
mvm_actual__3utr1502	b1a5a0601146013de908080e93a7fa22	3130	aceptor	5.21059e-07
mvm_actual__3utr1502	b1a5a0601146013de908080e93a7fa22	3130	donante	3.53991e-06
mvm_actual__3utr1502	b1a5a0601146013de908080e93a7fa22	3131	aceptor	2.01847e-07
mvm_actual__3utr1502	b1a5a0601146013de908080e93a7fa22	3131	donante	6.71974e-07
mvm_actual__3utr1502	b1a5a0601146013de908080e93a7fa22	3132	aceptor	2.002e-06
mvm_actual__3utr1502	b1a5a0601146013de908080e93a7fa22	3132	donante	7.31203e-07
mvm_actual__3utr1502	b1a5a0601146013de908080e93a7fa22	3133	aceptor	4.66119e-05
mvm_actual__3utr1502	b1a5a0601146013de908080e93a7fa22	3133	donante	0.844329
mvm_actual__3utr1502	b1a5a0601146013de908080e93a7fa22	3134	aceptor	3.63751e-07
mvm_actual__3utr1502	b1a5a0601146013de908080e93a7fa22	3134	donante	2.76273e-07
mvm_actual__3utr1502	b1a5a0601146013de908080e93a7fa22	3135	aceptor	3.69942e-08
mvm_actual__3utr1502	b1a5a0601146013de908080e93a7fa22	3135	donante	1.57058e-06
mvm_actual__3utr1502	b1a5a0601146013de908080e93a7fa22	3136	aceptor	2.63777e-08
mvm_actual__3utr1502	b1a5a0601146013de908080e93a7fa22	3136	donante	1.72962e-06
mvm_actual__3utr1502	b1a5a0601146013de908080e93a7fa22	3137	aceptor	4.28136e-08
mvm_actual__3utr1502	b1a5a0601146013de908080e93a7fa22	3137	donante	1.47534e-06
mvm_actual__3utr1502	b1a5a0601146013de908080e93a7fa22	3138	aceptor	9.21599e-08
mvm_actual__3utr1502	b1a5a0601146013de908080e93a7fa22	3138	donante	1.11512e-06
mvm_actual__3utr1502	b1a5a0601146013de908080e93a7fa22	3139	aceptor	1.07303e-06
mvm_actual__3utr1502	b1a5a0601146013de908080e93a7fa22	3139	donante	4.882e-05
mvm_actual__3utr1502	b1a5a0601146013de908080e93a7fa22	3140	aceptor	8.43392e-08
mvm_actual__3utr1502	b1a5a0601146013de908080e93a7fa22	3140	donante	2.89459e-07
mvm_actual__3utr1502	b1a5a0601146013de908080e93a7fa22	3141	aceptor	6.04187e-08
mvm_actual__3utr1502	b1a5a0601146013de908080e93a7fa22	3141	donante	4.19377e-07
mvm_actual__3utr1502	b1a5a0601146013de908080e93a7fa22	3142	aceptor	1.52576e-08
mvm_actual__3utr1502	b1a5a0601146013de908080e93a7fa22	3142	donante	1.49142e-07
mvm_actual__3utr1502	b1a5a0601146013de908080e93a7fa22	3143	aceptor	3.06787e-08
mvm_actual__3utr1502	b1a5a0601146013de908080e93a7fa22	3143	donante	1.33853e-07
mvm_actual__3utr1502	b1a5a0601146013de908080e93a7fa22	3144	aceptor	2.14071e-09
mvm_actual__3utr1502	b1a5a0601146013de908080e93a7fa22	3144	donante	6.6708e-08
mvm_actual__3utr1502	b1a5a0601146013de908080e93a7fa22	3145	aceptor	1.18939e-08
mvm_actual__3utr1502	b1a5a0601146013de908080e93a7fa22	3145	donante	1.12119e-07
mvm_actual__3utr1502	b1a5a0601146013de908080e93a7fa22	3146	aceptor	2.053e-08
mvm_actual__3utr1502	b1a5a0601146013de908080e93a7fa22	3146	donante	1.13178e-06
mvm_actual__3utr1502	b1a5a0601146013de908080e93a7fa22	3147	aceptor	1.21907e-06
mvm_actual__3utr1502	b1a5a0601146013de908080e93a7fa22	3147	donante	2.30667e-07
mvm_actual__3utr1502	b1a5a0601146013de908080e93a7fa22	3148	aceptor	5.29645e-08
mvm_actual__3utr1502	b1a5a0601146013de908080e93a7fa22	3148	donante	2.26879e-07
mvm_actual__3utr1502	b1a5a0601146013de908080e93a7fa22	3149	aceptor	8.53691e-09
mvm_actual__3utr1502	b1a5a0601146013de908080e93a7fa22	3149	donante	2.87867e-08
mvm_actual__3utr1502	b1a5a0601146013de908080e93a7fa22	3150	aceptor	2.95454e-08
mvm_actual__3utr1502	b1a5a0601146013de908080e93a7fa22	3150	donante	2.2581e-08
mvm_actual__3utr1502	b1a5a0601146013de908080e93a7fa22	3151	aceptor	4.81517e-08
mvm_actual__3utr1502	b1a5a0601146013de908080e93a7fa22	3151	donante	5.74347e-07
mvm_actual__3utr1502	b1a5a0601146013de908080e93a7fa22	3152	aceptor	2.36123e-08
mvm_actual__3utr1502	b1a5a0601146013de908080e93a7fa22	3152	donante	3.84361e-08
mvm_actual__3utr1502	b1a5a0601146013de908080e93a7fa22	3153	aceptor	3.50358e-08
mvm_actual__3utr1502	b1a5a0601146013de908080e93a7fa22	3153	donante	1.32074e-08
mvm_actual__3utr1502	b1a5a0601146013de908080e93a7fa22	3154	aceptor	6.42877e-09
mvm_actual__3utr1502	b1a5a0601146013de908080e93a7fa22	3154	donante	4.15774e-09
mvm_actual__3utr1502	b1a5a0601146013de908080e93a7fa22	3155	aceptor	4.91498e-08
mvm_actual__3utr1502	b1a5a0601146013de908080e93a7fa22	3155	donante	5.04002e-07
mvm_actual__3utr1502	b1a5a0601146013de908080e93a7fa22	3156	aceptor	8.6643e-08
mvm_actual__3utr1502	b1a5a0601146013de908080e93a7fa22	3156	donante	1.32239e-08
mvm_actual__3utr1502	b1a5a0601146013de908080e93a7fa22	3157	aceptor	1.21898e-08
mvm_actual__3utr1502	b1a5a0601146013de908080e93a7fa22	3157	donante	8.37216e-09
mvm_actual__3utr1502	b1a5a0601146013de908080e93a7fa22	3158	aceptor	8.35394e-09
mvm_actual__3utr1502	b1a5a0601146013de908080e93a7fa22	3158	donante	2.01016e-09
mvm_actual__3utr1502	b1a5a0601146013de908080e93a7fa22	3159	aceptor	1.93565e-08
mvm_actual__3utr1502	b1a5a0601146013de908080e93a7fa22	3159	donante	7.94172e-07
mvm_actual__3utr1502	b1a5a0601146013de908080e93a7fa22	3160	aceptor	4.03995e-08
mvm_actual__3utr1502	b1a5a0601146013de908080e93a7fa22	3160	donante	5.36568e-08
mvm_actual__3utr1502	b1a5a0601146013de908080e93a7fa22	3161	aceptor	2.14075e-08
mvm_actual__3utr1502	b1a5a0601146013de908080e93a7fa22	3161	donante	4.29449e-08
mvm_actual__3utr1502	b1a5a0601146013de908080e93a7fa22	3162	aceptor	3.69081e-09
mvm_actual__3utr1502	b1a5a0601146013de908080e93a7fa22	3162	donante	6.34713e-09
mvm_actual__3utr1502	b1a5a0601146013de908080e93a7fa22	3163	aceptor	2.68465e-08
mvm_actual__3utr1502	b1a5a0601146013de908080e93a7fa22	3163	donante	1.27936e-08
mvm_actual__3utr1502	b1a5a0601146013de908080e93a7fa22	3164	aceptor	3.26784e-08
mvm_actual__3utr1502	b1a5a0601146013de908080e93a7fa22	3164	donante	2.96831e-07
mvm_actual__3utr1502	b1a5a0601146013de908080e93a7fa22	3165	aceptor	2.8132e-08
mvm_actual__3utr1502	b1a5a0601146013de908080e93a7fa22	3165	donante	2.3741e-08
mvm_actual__3utr1502	b1a5a0601146013de908080e93a7fa22	3166	aceptor	1.03403e-08
mvm_actual__3utr1502	b1a5a0601146013de908080e93a7fa22	3166	donante	8.81694e-09
mvm_actual__3utr1502	b1a5a0601146013de908080e93a7fa22	3167	aceptor	4.84441e-09
mvm_actual__3utr1502	b1a5a0601146013de908080e93a7fa22	3167	donante	1.94636e-08
mvm_actual__3utr1502	b1a5a0601146013de908080e93a7fa22	3168	aceptor	8.10785e-09
mvm_actual__3utr1502	b1a5a0601146013de908080e93a7fa22	3168	donante	1.14903e-08
mvm_actual__3utr1502	b1a5a0601146013de908080e93a7fa22	3169	aceptor	4.01928e-08
mvm_actual__3utr1502	b1a5a0601146013de908080e93a7fa22	3169	donante	1.86532e-07
mvm_actual__3utr1502	b1a5a0601146013de908080e93a7fa22	3170	aceptor	9.0661e-09
mvm_actual__3utr1502	b1a5a0601146013de908080e93a7fa22	3170	donante	4.3284e-08
mvm_actual__3utr1502	b1a5a0601146013de908080e93a7fa22	3171	aceptor	1.15724e-08
mvm_actual__3utr1502	b1a5a0601146013de908080e93a7fa22	3171	donante	1.16095e-08
mvm_actual__3utr1502	b1a5a0601146013de908080e93a7fa22	3172	aceptor	3.26322e-08
mvm_actual__3utr1502	b1a5a0601146013de908080e93a7fa22	3172	donante	1.54185e-06
mvm_actual__3utr1502	b1a5a0601146013de908080e93a7fa22	3173	aceptor	2.12415e-08
mvm_actual__3utr1502	b1a5a0601146013de908080e93a7fa22	3173	donante	9.00125e-09
mvm_actual__3utr1502	b1a5a0601146013de908080e93a7fa22	3174	aceptor	2.6409e-08
mvm_actual__3utr1502	b1a5a0601146013de908080e93a7fa22	3174	donante	9.28429e-09
mvm_actual__3utr1502	b1a5a0601146013de908080e93a7fa22	3175	aceptor	4.52215e-09
mvm_actual__3utr1502	b1a5a0601146013de908080e93a7fa22	3175	donante	2.4749e-08
mvm_actual__3utr1502	b1a5a0601146013de908080e93a7fa22	3176	aceptor	3.34729e-08
mvm_actual__3utr1502	b1a5a0601146013de908080e93a7fa22	3176	donante	1.02579e-08
mvm_actual__3utr1502	b1a5a0601146013de908080e93a7fa22	3177	aceptor	1.9193e-07
mvm_actual__3utr1502	b1a5a0601146013de908080e93a7fa22	3177	donante	1.15119e-08
mvm_actual__3utr1502	b1a5a0601146013de908080e93a7fa22	3178	aceptor	8.42486e-09
mvm_actual__3utr1502	b1a5a0601146013de908080e93a7fa22	3178	donante	2.31683e-08
mvm_actual__3utr1502	b1a5a0601146013de908080e93a7fa22	3179	aceptor	2.31765e-07
mvm_actual__3utr1502	b1a5a0601146013de908080e93a7fa22	3179	donante	1.16412e-08
mvm_actual__3utr1502	b1a5a0601146013de908080e93a7fa22	3180	aceptor	2.67005e-07
mvm_actual__3utr1502	b1a5a0601146013de908080e93a7fa22	3180	donante	4.04718e-08
mvm_actual__3utr1502	b1a5a0601146013de908080e93a7fa22	3181	aceptor	2.44951e-07
mvm_actual__3utr1502	b1a5a0601146013de908080e93a7fa22	3181	donante	2.46527e-08
mvm_actual__3utr1502	b1a5a0601146013de908080e93a7fa22	3182	aceptor	1.08951e-07
mvm_actual__3utr1502	b1a5a0601146013de908080e93a7fa22	3182	donante	5.12128e-09
mvm_actual__3utr1502	b1a5a0601146013de908080e93a7fa22	3183	aceptor	1.08911e-07
mvm_actual__3utr1502	b1a5a0601146013de908080e93a7fa22	3183	donante	5.27617e-09
mvm_actual__3utr1502	b1a5a0601146013de908080e93a7fa22	3184	aceptor	3.42554e-07
mvm_actual__3utr1502	b1a5a0601146013de908080e93a7fa22	3184	donante	3.23192e-08
mvm_actual__3utr1502	b1a5a0601146013de908080e93a7fa22	3185	aceptor	1.68784e-07
mvm_actual__3utr1502	b1a5a0601146013de908080e93a7fa22	3185	donante	9.2787e-09
mvm_actual__3utr1502	b1a5a0601146013de908080e93a7fa22	3186	aceptor	7.99448e-08
mvm_actual__3utr1502	b1a5a0601146013de908080e93a7fa22	3186	donante	2.70269e-08
mvm_actual__3utr1502	b1a5a0601146013de908080e93a7fa22	3187	aceptor	3.52583e-07
mvm_actual__3utr1502	b1a5a0601146013de908080e93a7fa22	3187	donante	3.86983e-08
mvm_actual__3utr1502	b1a5a0601146013de908080e93a7fa22	3188	aceptor	1.50112e-07
mvm_actual__3utr1502	b1a5a0601146013de908080e93a7fa22	3188	donante	7.57249e-09
mvm_actual__3utr1502	b1a5a0601146013de908080e93a7fa22	3189	aceptor	2.82708e-07
mvm_actual__3utr1502	b1a5a0601146013de908080e93a7fa22	3189	donante	2.53923e-08
mvm_actual__3utr1502	b1a5a0601146013de908080e93a7fa22	3190	aceptor	2.68011e-08
mvm_actual__3utr1502	b1a5a0601146013de908080e93a7fa22	3190	donante	5.59927e-08
mvm_actual__3utr1502	b1a5a0601146013de908080e93a7fa22	3191	aceptor	3.97846e-08
mvm_actual__3utr1502	b1a5a0601146013de908080e93a7fa22	3191	donante	3.79381e-08
mvm_actual__3utr1502	b1a5a0601146013de908080e93a7fa22	3192	aceptor	3.27349e-07
mvm_actual__3utr1502	b1a5a0601146013de908080e93a7fa22	3192	donante	1.01664e-07
mvm_actual__3utr1502	b1a5a0601146013de908080e93a7fa22	3193	aceptor	1.83228e-05
mvm_actual__3utr1502	b1a5a0601146013de908080e93a7fa22	3193	donante	4.30738e-06
mvm_actual__3utr1502	b1a5a0601146013de908080e93a7fa22	3194	aceptor	1.15554e-08
mvm_actual__3utr1502	b1a5a0601146013de908080e93a7fa22	3194	donante	2.09622e-07
mvm_actual__3utr1502	b1a5a0601146013de908080e93a7fa22	3195	aceptor	2.18722e-06
mvm_actual__3utr1502	b1a5a0601146013de908080e93a7fa22	3195	donante	2.02185e-07
mvm_actual__3utr1502	b1a5a0601146013de908080e93a7fa22	3196	aceptor	1.75909e-08
mvm_actual__3utr1502	b1a5a0601146013de908080e93a7fa22	3196	donante	3.77337e-07
mvm_actual__3utr1502	b1a5a0601146013de908080e93a7fa22	3197	aceptor	9.34927e-09
mvm_actual__3utr1502	b1a5a0601146013de908080e93a7fa22	3197	donante	5.94454e-07
mvm_actual__3utr1502	b1a5a0601146013de908080e93a7fa22	3198	aceptor	1.764e-08
mvm_actual__3utr1502	b1a5a0601146013de908080e93a7fa22	3198	donante	3.63712e-08
mvm_actual__3utr1502	b1a5a0601146013de908080e93a7fa22	3199	aceptor	3.3725e-06
mvm_actual__3utr1502	b1a5a0601146013de908080e93a7fa22	3199	donante	1.36094e-06
mvm_actual__3utr1502	b1a5a0601146013de908080e93a7fa22	3200	aceptor	1.84626e-08
mvm_actual__3utr1502	b1a5a0601146013de908080e93a7fa22	3200	donante	2.26815e-07
mvm_actual__3utr1502	b1a5a0601146013de908080e93a7fa22	3201	aceptor	3.32979e-08
mvm_actual__3utr1502	b1a5a0601146013de908080e93a7fa22	3201	donante	1.07598e-06
mvm_actual__3utr1502	b1a5a0601146013de908080e93a7fa22	3202	aceptor	1.45469e-08
mvm_actual__3utr1502	b1a5a0601146013de908080e93a7fa22	3202	donante	3.59755e-07
mvm_actual__3utr1502	b1a5a0601146013de908080e93a7fa22	3203	aceptor	3.7324e-07
mvm_actual__3utr1502	b1a5a0601146013de908080e93a7fa22	3203	donante	1.23512e-06
mvm_actual__3utr1502	b1a5a0601146013de908080e93a7fa22	3204	aceptor	1.72011e-06
mvm_actual__3utr1502	b1a5a0601146013de908080e93a7fa22	3204	donante	3.09423e-07
mvm_actual__3utr1502	b1a5a0601146013de908080e93a7fa22	3205	aceptor	3.05763e-08
mvm_actual__3utr1502	b1a5a0601146013de908080e93a7fa22	3205	donante	3.64504e-07
mvm_actual__3utr1502	b1a5a0601146013de908080e93a7fa22	3206	aceptor	7.31487e-08
mvm_actual__3utr1502	b1a5a0601146013de908080e93a7fa22	3206	donante	3.7172e-08
mvm_actual__3utr1502	b1a5a0601146013de908080e93a7fa22	3207	aceptor	2.43116e-08
mvm_actual__3utr1502	b1a5a0601146013de908080e93a7fa22	3207	donante	2.32512e-07
mvm_actual__3utr1502	b1a5a0601146013de908080e93a7fa22	3208	aceptor	3.26421e-08
mvm_actual__3utr1502	b1a5a0601146013de908080e93a7fa22	3208	donante	5.43685e-08
mvm_actual__3utr1502	b1a5a0601146013de908080e93a7fa22	3209	aceptor	2.29559e-07
mvm_actual__3utr1502	b1a5a0601146013de908080e93a7fa22	3209	donante	3.05363e-07
mvm_actual__3utr1502	b1a5a0601146013de908080e93a7fa22	3210	aceptor	4.73894e-08
mvm_actual__3utr1502	b1a5a0601146013de908080e93a7fa22	3210	donante	2.16532e-07
mvm_actual__3utr1502	b1a5a0601146013de908080e93a7fa22	3211	aceptor	1.12217e-06
mvm_actual__3utr1502	b1a5a0601146013de908080e93a7fa22	3211	donante	2.54945e-07
mvm_actual__3utr1502	b1a5a0601146013de908080e93a7fa22	3212	aceptor	1.395e-06
mvm_actual__3utr1502	b1a5a0601146013de908080e93a7fa22	3212	donante	1.02619e-06
mvm_actual__3utr1502	b1a5a0601146013de908080e93a7fa22	3213	aceptor	9.03543e-06
mvm_actual__3utr1502	b1a5a0601146013de908080e93a7fa22	3213	donante	0.00577214
mvm_actual__3utr1502	b1a5a0601146013de908080e93a7fa22	3214	aceptor	3.67843e-06
mvm_actual__3utr1502	b1a5a0601146013de908080e93a7fa22	3214	donante	4.88974e-07
mvm_actual__3utr1502	b1a5a0601146013de908080e93a7fa22	3215	aceptor	5.49717e-07
mvm_actual__3utr1502	b1a5a0601146013de908080e93a7fa22	3215	donante	2.72055e-06
mvm_actual__3utr1502	b1a5a0601146013de908080e93a7fa22	3216	aceptor	5.30509e-07
mvm_actual__3utr1502	b1a5a0601146013de908080e93a7fa22	3216	donante	3.59107e-07
mvm_actual__3utr1502	b1a5a0601146013de908080e93a7fa22	3217	aceptor	8.30584e-08
mvm_actual__3utr1502	b1a5a0601146013de908080e93a7fa22	3217	donante	8.2719e-07
mvm_actual__3utr1502	b1a5a0601146013de908080e93a7fa22	3218	aceptor	5.88667e-07
mvm_actual__3utr1502	b1a5a0601146013de908080e93a7fa22	3218	donante	1.40077e-07
mvm_actual__3utr1502	b1a5a0601146013de908080e93a7fa22	3219	aceptor	1.0263e-07
mvm_actual__3utr1502	b1a5a0601146013de908080e93a7fa22	3219	donante	2.21789e-07
mvm_actual__3utr1502	b1a5a0601146013de908080e93a7fa22	3220	aceptor	9.10974e-08
mvm_actual__3utr1502	b1a5a0601146013de908080e93a7fa22	3220	donante	1.66853e-07
mvm_actual__3utr1502	b1a5a0601146013de908080e93a7fa22	3221	aceptor	4.39578e-07
mvm_actual__3utr1502	b1a5a0601146013de908080e93a7fa22	3221	donante	4.19346e-07
mvm_actual__3utr1502	b1a5a0601146013de908080e93a7fa22	3222	aceptor	1.05867e-06
mvm_actual__3utr1502	b1a5a0601146013de908080e93a7fa22	3222	donante	4.46946e-07
mvm_actual__3utr1502	b1a5a0601146013de908080e93a7fa22	3223	aceptor	4.0812e-07
mvm_actual__3utr1502	b1a5a0601146013de908080e93a7fa22	3223	donante	2.37819e-06
mvm_actual__3utr1502	b1a5a0601146013de908080e93a7fa22	3224	aceptor	1.33107e-07
mvm_actual__3utr1502	b1a5a0601146013de908080e93a7fa22	3224	donante	3.97337e-07
mvm_actual__3utr1502	b1a5a0601146013de908080e93a7fa22	3225	aceptor	2.16309e-07
mvm_actual__3utr1502	b1a5a0601146013de908080e93a7fa22	3225	donante	3.23546e-07
mvm_actual__3utr1502	b1a5a0601146013de908080e93a7fa22	3226	aceptor	3.65704e-08
mvm_actual__3utr1502	b1a5a0601146013de908080e93a7fa22	3226	donante	2.08821e-07
mvm_actual__3utr1502	b1a5a0601146013de908080e93a7fa22	3227	aceptor	1.34226e-07
mvm_actual__3utr1502	b1a5a0601146013de908080e93a7fa22	3227	donante	1.73052e-07
mvm_actual__3utr1502	b1a5a0601146013de908080e93a7fa22	3228	aceptor	4.325e-07
mvm_actual__3utr1502	b1a5a0601146013de908080e93a7fa22	3228	donante	1.10947e-07
mvm_actual__3utr1502	b1a5a0601146013de908080e93a7fa22	3229	aceptor	8.23446e-08
mvm_actual__3utr1502	b1a5a0601146013de908080e93a7fa22	3229	donante	7.06634e-07
mvm_actual__3utr1502	b1a5a0601146013de908080e93a7fa22	3230	aceptor	2.29974e-06
mvm_actual__3utr1502	b1a5a0601146013de908080e93a7fa22	3230	donante	0.000199231
mvm_actual__3utr1502	b1a5a0601146013de908080e93a7fa22	3231	aceptor	1.42171e-07
mvm_actual__3utr1502	b1a5a0601146013de908080e93a7fa22	3231	donante	3.06958e-07
mvm_actual__3utr1502	b1a5a0601146013de908080e93a7fa22	3232	aceptor	2.38607e-05
mvm_actual__3utr1502	b1a5a0601146013de908080e93a7fa22	3232	donante	3.87196e-06
mvm_actual__3utr1502	b1a5a0601146013de908080e93a7fa22	3233	aceptor	2.2915e-07
mvm_actual__3utr1502	b1a5a0601146013de908080e93a7fa22	3233	donante	4.75681e-08
mvm_actual__3utr1502	b1a5a0601146013de908080e93a7fa22	3234	aceptor	2.14239e-07
mvm_actual__3utr1502	b1a5a0601146013de908080e93a7fa22	3234	donante	3.49394e-06
mvm_actual__3utr1502	b1a5a0601146013de908080e93a7fa22	3235	aceptor	6.38993e-08
mvm_actual__3utr1502	b1a5a0601146013de908080e93a7fa22	3235	donante	2.58097e-07
mvm_actual__3utr1502	b1a5a0601146013de908080e93a7fa22	3236	aceptor	2.80524e-06
mvm_actual__3utr1502	b1a5a0601146013de908080e93a7fa22	3236	donante	1.04952e-06
mvm_actual__3utr1502	b1a5a0601146013de908080e93a7fa22	3237	aceptor	4.37803e-07
mvm_actual__3utr1502	b1a5a0601146013de908080e93a7fa22	3237	donante	2.48375e-07
mvm_actual__3utr1502	b1a5a0601146013de908080e93a7fa22	3238	aceptor	1.38779e-07
mvm_actual__3utr1502	b1a5a0601146013de908080e93a7fa22	3238	donante	3.35537e-07
mvm_actual__3utr1502	b1a5a0601146013de908080e93a7fa22	3239	aceptor	2.35077e-07
mvm_actual__3utr1502	b1a5a0601146013de908080e93a7fa22	3239	donante	4.48478e-07
mvm_actual__3utr1502	b1a5a0601146013de908080e93a7fa22	3240	aceptor	1.18319e-07
mvm_actual__3utr1502	b1a5a0601146013de908080e93a7fa22	3240	donante	9.29554e-07
mvm_actual__3utr1502	b1a5a0601146013de908080e93a7fa22	3241	aceptor	7.52539e-08
mvm_actual__3utr1502	b1a5a0601146013de908080e93a7fa22	3241	donante	4.13135e-07
mvm_actual__3utr1502	b1a5a0601146013de908080e93a7fa22	3242	aceptor	9.22811e-08
mvm_actual__3utr1502	b1a5a0601146013de908080e93a7fa22	3242	donante	5.88323e-07
mvm_actual__3utr1502	b1a5a0601146013de908080e93a7fa22	3243	aceptor	2.03506e-08
mvm_actual__3utr1502	b1a5a0601146013de908080e93a7fa22	3243	donante	6.11412e-07
mvm_actual__3utr1502	b1a5a0601146013de908080e93a7fa22	3244	aceptor	1.46926e-08
mvm_actual__3utr1502	b1a5a0601146013de908080e93a7fa22	3244	donante	1.74847e-07
mvm_actual__3utr1502	b1a5a0601146013de908080e93a7fa22	3245	aceptor	1.71467e-07
mvm_actual__3utr1502	b1a5a0601146013de908080e93a7fa22	3245	donante	1.86857e-07
mvm_actual__3utr1502	b1a5a0601146013de908080e93a7fa22	3246	aceptor	6.85807e-08
mvm_actual__3utr1502	b1a5a0601146013de908080e93a7fa22	3246	donante	1.06549e-06
mvm_actual__3utr1502	b1a5a0601146013de908080e93a7fa22	3247	aceptor	1.76901e-07
mvm_actual__3utr1502	b1a5a0601146013de908080e93a7fa22	3247	donante	3.89742e-07
mvm_actual__3utr1502	b1a5a0601146013de908080e93a7fa22	3248	aceptor	1.55417e-05
mvm_actual__3utr1502	b1a5a0601146013de908080e93a7fa22	3248	donante	1.79814e-06
mvm_actual__3utr1502	b1a5a0601146013de908080e93a7fa22	3249	aceptor	5.69192e-08
mvm_actual__3utr1502	b1a5a0601146013de908080e93a7fa22	3249	donante	2.15005e-07
mvm_actual__3utr1502	b1a5a0601146013de908080e93a7fa22	3250	aceptor	7.18537e-08
mvm_actual__3utr1502	b1a5a0601146013de908080e93a7fa22	3250	donante	1.33433e-06
mvm_actual__3utr1502	b1a5a0601146013de908080e93a7fa22	3251	aceptor	3.03144e-07
mvm_actual__3utr1502	b1a5a0601146013de908080e93a7fa22	3251	donante	7.32892e-07
mvm_actual__3utr1502	b1a5a0601146013de908080e93a7fa22	3252	aceptor	5.70468e-07
mvm_actual__3utr1502	b1a5a0601146013de908080e93a7fa22	3252	donante	1.19538e-06
mvm_actual__3utr1502	b1a5a0601146013de908080e93a7fa22	3253	aceptor	1.01831e-07
mvm_actual__3utr1502	b1a5a0601146013de908080e93a7fa22	3253	donante	6.6481e-07
mvm_actual__3utr1502	b1a5a0601146013de908080e93a7fa22	3254	aceptor	3.66051e-08
mvm_actual__3utr1502	b1a5a0601146013de908080e93a7fa22	3254	donante	8.82006e-07
mvm_actual__3utr1502	b1a5a0601146013de908080e93a7fa22	3255	aceptor	1.95744e-07
mvm_actual__3utr1502	b1a5a0601146013de908080e93a7fa22	3255	donante	1.09255e-06
mvm_actual__3utr1502	b1a5a0601146013de908080e93a7fa22	3256	aceptor	6.97833e-08
mvm_actual__3utr1502	b1a5a0601146013de908080e93a7fa22	3256	donante	6.65811e-07
mvm_actual__3utr1502	b1a5a0601146013de908080e93a7fa22	3257	aceptor	2.72387e-07
mvm_actual__3utr1502	b1a5a0601146013de908080e93a7fa22	3257	donante	6.22425e-07
mvm_actual__3utr1502	b1a5a0601146013de908080e93a7fa22	3258	aceptor	8.79083e-08
mvm_actual__3utr1502	b1a5a0601146013de908080e93a7fa22	3258	donante	3.498e-07
mvm_actual__3utr1502	b1a5a0601146013de908080e93a7fa22	3259	aceptor	2.19565e-07
mvm_actual__3utr1502	b1a5a0601146013de908080e93a7fa22	3259	donante	7.7411e-08
mvm_actual__3utr1502	b1a5a0601146013de908080e93a7fa22	3260	aceptor	3.03268e-07
mvm_actual__3utr1502	b1a5a0601146013de908080e93a7fa22	3260	donante	3.00026e-07
mvm_actual__3utr1502	b1a5a0601146013de908080e93a7fa22	3261	aceptor	5.21571e-07
mvm_actual__3utr1502	b1a5a0601146013de908080e93a7fa22	3261	donante	1.29578e-05
mvm_actual__3utr1502	b1a5a0601146013de908080e93a7fa22	3262	aceptor	5.39786e-08
mvm_actual__3utr1502	b1a5a0601146013de908080e93a7fa22	3262	donante	1.78692e-07
mvm_actual__3utr1502	b1a5a0601146013de908080e93a7fa22	3263	aceptor	3.29146e-05
mvm_actual__3utr1502	b1a5a0601146013de908080e93a7fa22	3263	donante	3.73796e-07
mvm_actual__3utr1502	b1a5a0601146013de908080e93a7fa22	3264	aceptor	1.15814e-07
mvm_actual__3utr1502	b1a5a0601146013de908080e93a7fa22	3264	donante	2.10353e-07
mvm_actual__3utr1502	b1a5a0601146013de908080e93a7fa22	3265	aceptor	2.99498e-07
mvm_actual__3utr1502	b1a5a0601146013de908080e93a7fa22	3265	donante	3.52933e-07
mvm_actual__3utr1502	b1a5a0601146013de908080e93a7fa22	3266	aceptor	2.33555e-08
mvm_actual__3utr1502	b1a5a0601146013de908080e93a7fa22	3266	donante	3.80732e-07
mvm_actual__3utr1502	b1a5a0601146013de908080e93a7fa22	3267	aceptor	3.84872e-07
mvm_actual__3utr1502	b1a5a0601146013de908080e93a7fa22	3267	donante	7.71691e-07
mvm_actual__3utr1502	b1a5a0601146013de908080e93a7fa22	3268	aceptor	7.22772e-06
mvm_actual__3utr1502	b1a5a0601146013de908080e93a7fa22	3268	donante	3.04864e-06
mvm_actual__3utr1502	b1a5a0601146013de908080e93a7fa22	3269	aceptor	3.49015e-08
mvm_actual__3utr1502	b1a5a0601146013de908080e93a7fa22	3269	donante	1.06216e-06
mvm_actual__3utr1502	b1a5a0601146013de908080e93a7fa22	3270	aceptor	2.14928e-08
mvm_actual__3utr1502	b1a5a0601146013de908080e93a7fa22	3270	donante	1.16844e-07
mvm_actual__3utr1502	b1a5a0601146013de908080e93a7fa22	3271	aceptor	1.73881e-07
mvm_actual__3utr1502	b1a5a0601146013de908080e93a7fa22	3271	donante	8.70019e-07
mvm_actual__3utr1502	b1a5a0601146013de908080e93a7fa22	3272	aceptor	5.22006e-07
mvm_actual__3utr1502	b1a5a0601146013de908080e93a7fa22	3272	donante	6.11586e-07
mvm_actual__3utr1502	b1a5a0601146013de908080e93a7fa22	3273	aceptor	3.94688e-08
mvm_actual__3utr1502	b1a5a0601146013de908080e93a7fa22	3273	donante	4.58518e-07
mvm_actual__3utr1502	b1a5a0601146013de908080e93a7fa22	3274	aceptor	4.71758e-06
mvm_actual__3utr1502	b1a5a0601146013de908080e93a7fa22	3274	donante	6.2966e-07
mvm_actual__3utr1502	b1a5a0601146013de908080e93a7fa22	3275	aceptor	3.43116e-07
mvm_actual__3utr1502	b1a5a0601146013de908080e93a7fa22	3275	donante	0.000109961
mvm_actual__3utr1502	b1a5a0601146013de908080e93a7fa22	3276	aceptor	1.73193e-07
mvm_actual__3utr1502	b1a5a0601146013de908080e93a7fa22	3276	donante	8.3542e-07
mvm_actual__3utr1502	b1a5a0601146013de908080e93a7fa22	3277	aceptor	4.55666e-08
mvm_actual__3utr1502	b1a5a0601146013de908080e93a7fa22	3277	donante	2.6547e-06
mvm_actual__3utr1502	b1a5a0601146013de908080e93a7fa22	3278	aceptor	3.94913e-08
mvm_actual__3utr1502	b1a5a0601146013de908080e93a7fa22	3278	donante	1.34573e-06
mvm_actual__3utr1502	b1a5a0601146013de908080e93a7fa22	3279	aceptor	2.19559e-08
mvm_actual__3utr1502	b1a5a0601146013de908080e93a7fa22	3279	donante	2.25663e-06
mvm_actual__3utr1502	b1a5a0601146013de908080e93a7fa22	3280	aceptor	9.99594e-08
mvm_actual__3utr1502	b1a5a0601146013de908080e93a7fa22	3280	donante	3.91401e-07
mvm_actual__3utr1502	b1a5a0601146013de908080e93a7fa22	3281	aceptor	5.13107e-08
mvm_actual__3utr1502	b1a5a0601146013de908080e93a7fa22	3281	donante	7.86456e-07
mvm_actual__3utr1502	b1a5a0601146013de908080e93a7fa22	3282	aceptor	4.02629e-08
mvm_actual__3utr1502	b1a5a0601146013de908080e93a7fa22	3282	donante	1.30672e-06
mvm_actual__3utr1502	b1a5a0601146013de908080e93a7fa22	3283	aceptor	2.44541e-07
mvm_actual__3utr1502	b1a5a0601146013de908080e93a7fa22	3283	donante	2.49104e-07
mvm_actual__3utr1502	b1a5a0601146013de908080e93a7fa22	3284	aceptor	9.55845e-08
mvm_actual__3utr1502	b1a5a0601146013de908080e93a7fa22	3284	donante	1.90852e-06
mvm_actual__3utr1502	b1a5a0601146013de908080e93a7fa22	3285	aceptor	1.55702e-05
mvm_actual__3utr1502	b1a5a0601146013de908080e93a7fa22	3285	donante	5.44537e-06
mvm_actual__3utr1502	b1a5a0601146013de908080e93a7fa22	3286	aceptor	8.51956e-08
mvm_actual__3utr1502	b1a5a0601146013de908080e93a7fa22	3286	donante	3.36341e-07
mvm_actual__3utr1502	b1a5a0601146013de908080e93a7fa22	3287	aceptor	1.56735e-07
mvm_actual__3utr1502	b1a5a0601146013de908080e93a7fa22	3287	donante	6.70061e-07
mvm_actual__3utr1502	b1a5a0601146013de908080e93a7fa22	3288	aceptor	1.5422e-07
mvm_actual__3utr1502	b1a5a0601146013de908080e93a7fa22	3288	donante	4.4889e-07
mvm_actual__3utr1502	b1a5a0601146013de908080e93a7fa22	3289	aceptor	8.97918e-08
mvm_actual__3utr1502	b1a5a0601146013de908080e93a7fa22	3289	donante	1.50677e-06
mvm_actual__3utr1502	b1a5a0601146013de908080e93a7fa22	3290	aceptor	2.00633e-07
mvm_actual__3utr1502	b1a5a0601146013de908080e93a7fa22	3290	donante	5.32697e-07
mvm_actual__3utr1502	b1a5a0601146013de908080e93a7fa22	3291	aceptor	1.47391e-07
mvm_actual__3utr1502	b1a5a0601146013de908080e93a7fa22	3291	donante	1.17872e-07
mvm_actual__3utr1502	b1a5a0601146013de908080e93a7fa22	3292	aceptor	1.25482e-07
mvm_actual__3utr1502	b1a5a0601146013de908080e93a7fa22	3292	donante	6.40084e-07
mvm_actual__3utr1502	b1a5a0601146013de908080e93a7fa22	3293	aceptor	1.77151e-07
mvm_actual__3utr1502	b1a5a0601146013de908080e93a7fa22	3293	donante	2.49504e-06
mvm_actual__3utr1502	b1a5a0601146013de908080e93a7fa22	3294	aceptor	6.01782e-07
mvm_actual__3utr1502	b1a5a0601146013de908080e93a7fa22	3294	donante	1.10706e-07
mvm_actual__3utr1502	b1a5a0601146013de908080e93a7fa22	3295	aceptor	1.41897e-05
mvm_actual__3utr1502	b1a5a0601146013de908080e93a7fa22	3295	donante	1.64311e-06
mvm_actual__3utr1502	b1a5a0601146013de908080e93a7fa22	3296	aceptor	1.28588e-07
mvm_actual__3utr1502	b1a5a0601146013de908080e93a7fa22	3296	donante	2.97523e-07
mvm_actual__3utr1502	b1a5a0601146013de908080e93a7fa22	3297	aceptor	3.72725e-07
mvm_actual__3utr1502	b1a5a0601146013de908080e93a7fa22	3297	donante	4.48108e-07
mvm_actual__3utr1502	b1a5a0601146013de908080e93a7fa22	3298	aceptor	1.96813e-07
mvm_actual__3utr1502	b1a5a0601146013de908080e93a7fa22	3298	donante	3.00343e-07
mvm_actual__3utr1502	b1a5a0601146013de908080e93a7fa22	3299	aceptor	1.72283e-08
mvm_actual__3utr1502	b1a5a0601146013de908080e93a7fa22	3299	donante	3.5588e-07
mvm_actual__3utr1502	b1a5a0601146013de908080e93a7fa22	3300	aceptor	2.5975e-07
mvm_actual__3utr1502	b1a5a0601146013de908080e93a7fa22	3300	donante	2.66754e-07
mvm_actual__3utr1502	b1a5a0601146013de908080e93a7fa22	3301	aceptor	5.17851e-08
mvm_actual__3utr1502	b1a5a0601146013de908080e93a7fa22	3301	donante	3.91095e-07
mvm_actual__3utr1502	b1a5a0601146013de908080e93a7fa22	3302	aceptor	5.28742e-08
mvm_actual__3utr1502	b1a5a0601146013de908080e93a7fa22	3302	donante	1.66755e-07
mvm_actual__3utr1502	b1a5a0601146013de908080e93a7fa22	3303	aceptor	1.07637e-07
mvm_actual__3utr1502	b1a5a0601146013de908080e93a7fa22	3303	donante	7.96553e-07
mvm_actual__3utr1502	b1a5a0601146013de908080e93a7fa22	3304	aceptor	2.55143e-07
mvm_actual__3utr1502	b1a5a0601146013de908080e93a7fa22	3304	donante	3.45039e-07
mvm_actual__3utr1502	b1a5a0601146013de908080e93a7fa22	3305	aceptor	2.70436e-08
mvm_actual__3utr1502	b1a5a0601146013de908080e93a7fa22	3305	donante	1.46266e-07
mvm_actual__3utr1502	b1a5a0601146013de908080e93a7fa22	3306	aceptor	5.67223e-07
mvm_actual__3utr1502	b1a5a0601146013de908080e93a7fa22	3306	donante	5.41512e-07
mvm_actual__3utr1502	b1a5a0601146013de908080e93a7fa22	3307	aceptor	5.07834e-08
mvm_actual__3utr1502	b1a5a0601146013de908080e93a7fa22	3307	donante	3.49385e-07
mvm_actual__3utr1502	b1a5a0601146013de908080e93a7fa22	3308	aceptor	6.52209e-07
mvm_actual__3utr1502	b1a5a0601146013de908080e93a7fa22	3308	donante	3.44111e-07
mvm_actual__3utr1502	b1a5a0601146013de908080e93a7fa22	3309	aceptor	1.18753e-07
mvm_actual__3utr1502	b1a5a0601146013de908080e93a7fa22	3309	donante	2.06475e-07
mvm_actual__3utr1502	b1a5a0601146013de908080e93a7fa22	3310	aceptor	6.52725e-07
mvm_actual__3utr1502	b1a5a0601146013de908080e93a7fa22	3310	donante	4.30764e-07
mvm_actual__3utr1502	b1a5a0601146013de908080e93a7fa22	3311	aceptor	4.79175e-08
mvm_actual__3utr1502	b1a5a0601146013de908080e93a7fa22	3311	donante	1.14413e-07
mvm_actual__3utr1502	b1a5a0601146013de908080e93a7fa22	3312	aceptor	1.22992e-07
mvm_actual__3utr1502	b1a5a0601146013de908080e93a7fa22	3312	donante	1.98373e-07
mvm_actual__3utr1502	b1a5a0601146013de908080e93a7fa22	3313	aceptor	1.37489e-07
mvm_actual__3utr1502	b1a5a0601146013de908080e93a7fa22	3313	donante	5.34876e-07
mvm_actual__3utr1502	b1a5a0601146013de908080e93a7fa22	3314	aceptor	6.23732e-07
mvm_actual__3utr1502	b1a5a0601146013de908080e93a7fa22	3314	donante	1.41808e-07
mvm_actual__3utr1502	b1a5a0601146013de908080e93a7fa22	3315	aceptor	6.63688e-07
mvm_actual__3utr1502	b1a5a0601146013de908080e93a7fa22	3315	donante	1.8896e-07
mvm_actual__3utr1502	b1a5a0601146013de908080e93a7fa22	3316	aceptor	1.16329e-06
mvm_actual__3utr1502	b1a5a0601146013de908080e93a7fa22	3316	donante	1.58945e-06
mvm_actual__3utr1502	b1a5a0601146013de908080e93a7fa22	3317	aceptor	2.32876e-07
mvm_actual__3utr1502	b1a5a0601146013de908080e93a7fa22	3317	donante	2.07208e-07
mvm_actual__3utr1502	b1a5a0601146013de908080e93a7fa22	3318	aceptor	5.94347e-07
mvm_actual__3utr1502	b1a5a0601146013de908080e93a7fa22	3318	donante	1.18913e-07
mvm_actual__3utr1502	b1a5a0601146013de908080e93a7fa22	3319	aceptor	8.02715e-07
mvm_actual__3utr1502	b1a5a0601146013de908080e93a7fa22	3319	donante	4.09731e-07
mvm_actual__3utr1502	b1a5a0601146013de908080e93a7fa22	3320	aceptor	1.01329e-06
mvm_actual__3utr1502	b1a5a0601146013de908080e93a7fa22	3320	donante	4.00726e-07
mvm_actual__3utr1502	b1a5a0601146013de908080e93a7fa22	3321	aceptor	2.46371e-07
mvm_actual__3utr1502	b1a5a0601146013de908080e93a7fa22	3321	donante	7.73486e-07
mvm_actual__3utr1502	b1a5a0601146013de908080e93a7fa22	3322	aceptor	1.6279e-07
mvm_actual__3utr1502	b1a5a0601146013de908080e93a7fa22	3322	donante	3.15374e-07
mvm_actual__3utr1502	b1a5a0601146013de908080e93a7fa22	3323	aceptor	1.37093e-07
mvm_actual__3utr1502	b1a5a0601146013de908080e93a7fa22	3323	donante	1.29682e-06
mvm_actual__3utr1502	b1a5a0601146013de908080e93a7fa22	3324	aceptor	0.000404351
mvm_actual__3utr1502	b1a5a0601146013de908080e93a7fa22	3324	donante	3.58854e-06
mvm_actual__3utr1502	b1a5a0601146013de908080e93a7fa22	3325	aceptor	4.51019e-07
mvm_actual__3utr1502	b1a5a0601146013de908080e93a7fa22	3325	donante	2.61075e-06
mvm_actual__3utr1502	b1a5a0601146013de908080e93a7fa22	3326	aceptor	8.72359e-07
mvm_actual__3utr1502	b1a5a0601146013de908080e93a7fa22	3326	donante	1.6945e-06
mvm_actual__3utr1502	b1a5a0601146013de908080e93a7fa22	3327	aceptor	1.47683e-07
mvm_actual__3utr1502	b1a5a0601146013de908080e93a7fa22	3327	donante	2.57478e-07
mvm_actual__3utr1502	b1a5a0601146013de908080e93a7fa22	3328	aceptor	9.59758e-08
mvm_actual__3utr1502	b1a5a0601146013de908080e93a7fa22	3328	donante	9.28569e-07
mvm_actual__3utr1502	b1a5a0601146013de908080e93a7fa22	3329	aceptor	6.72317e-08
mvm_actual__3utr1502	b1a5a0601146013de908080e93a7fa22	3329	donante	2.41009e-07
mvm_actual__3utr1502	b1a5a0601146013de908080e93a7fa22	3330	aceptor	1.39734e-07
mvm_actual__3utr1502	b1a5a0601146013de908080e93a7fa22	3330	donante	6.44915e-07
mvm_actual__3utr1502	b1a5a0601146013de908080e93a7fa22	3331	aceptor	1.8576e-05
mvm_actual__3utr1502	b1a5a0601146013de908080e93a7fa22	3331	donante	4.92854e-05
mvm_actual__3utr1502	b1a5a0601146013de908080e93a7fa22	3332	aceptor	4.62442e-08
mvm_actual__3utr1502	b1a5a0601146013de908080e93a7fa22	3332	donante	4.87738e-06
mvm_actual__3utr1502	b1a5a0601146013de908080e93a7fa22	3333	aceptor	8.31545e-08
mvm_actual__3utr1502	b1a5a0601146013de908080e93a7fa22	3333	donante	2.24854e-07
mvm_actual__3utr1502	b1a5a0601146013de908080e93a7fa22	3334	aceptor	1.85783e-07
mvm_actual__3utr1502	b1a5a0601146013de908080e93a7fa22	3334	donante	2.49333e-07
mvm_actual__3utr1502	b1a5a0601146013de908080e93a7fa22	3335	aceptor	1.10506e-07
mvm_actual__3utr1502	b1a5a0601146013de908080e93a7fa22	3335	donante	1.14735e-06
mvm_actual__3utr1502	b1a5a0601146013de908080e93a7fa22	3336	aceptor	3.53035e-07
mvm_actual__3utr1502	b1a5a0601146013de908080e93a7fa22	3336	donante	8.7816e-06
mvm_actual__3utr1502	b1a5a0601146013de908080e93a7fa22	3337	aceptor	4.25632e-07
mvm_actual__3utr1502	b1a5a0601146013de908080e93a7fa22	3337	donante	4.46285e-07
mvm_actual__3utr1502	b1a5a0601146013de908080e93a7fa22	3338	aceptor	2.75379e-07
mvm_actual__3utr1502	b1a5a0601146013de908080e93a7fa22	3338	donante	1.44418e-06
mvm_actual__3utr1502	b1a5a0601146013de908080e93a7fa22	3339	aceptor	1.22153e-07
mvm_actual__3utr1502	b1a5a0601146013de908080e93a7fa22	3339	donante	6.79883e-07
mvm_actual__3utr1502	b1a5a0601146013de908080e93a7fa22	3340	aceptor	7.4455e-07
mvm_actual__3utr1502	b1a5a0601146013de908080e93a7fa22	3340	donante	3.82522e-07
mvm_actual__3utr1502	b1a5a0601146013de908080e93a7fa22	3341	aceptor	4.59743e-08
mvm_actual__3utr1502	b1a5a0601146013de908080e93a7fa22	3341	donante	3.37437e-07
mvm_actual__3utr1502	b1a5a0601146013de908080e93a7fa22	3342	aceptor	1.34138e-07
mvm_actual__3utr1502	b1a5a0601146013de908080e93a7fa22	3342	donante	5.6275e-06
mvm_actual__3utr1502	b1a5a0601146013de908080e93a7fa22	3343	aceptor	1.73029e-07
mvm_actual__3utr1502	b1a5a0601146013de908080e93a7fa22	3343	donante	2.8511e-07
mvm_actual__3utr1502	b1a5a0601146013de908080e93a7fa22	3344	aceptor	7.19441e-08
mvm_actual__3utr1502	b1a5a0601146013de908080e93a7fa22	3344	donante	3.04907e-07
mvm_actual__3utr1502	b1a5a0601146013de908080e93a7fa22	3345	aceptor	1.07312e-06
mvm_actual__3utr1502	b1a5a0601146013de908080e93a7fa22	3345	donante	3.06201e-07
mvm_actual__3utr1502	b1a5a0601146013de908080e93a7fa22	3346	aceptor	2.78409e-07
mvm_actual__3utr1502	b1a5a0601146013de908080e93a7fa22	3346	donante	2.99953e-06
mvm_actual__3utr1502	b1a5a0601146013de908080e93a7fa22	3347	aceptor	7.15185e-07
mvm_actual__3utr1502	b1a5a0601146013de908080e93a7fa22	3347	donante	4.5466e-06
mvm_actual__3utr1502	b1a5a0601146013de908080e93a7fa22	3348	aceptor	3.58252e-08
mvm_actual__3utr1502	b1a5a0601146013de908080e93a7fa22	3348	donante	6.83919e-06
mvm_actual__3utr1502	b1a5a0601146013de908080e93a7fa22	3349	aceptor	6.17409e-08
mvm_actual__3utr1502	b1a5a0601146013de908080e93a7fa22	3349	donante	3.45648e-07
mvm_actual__3utr1502	b1a5a0601146013de908080e93a7fa22	3350	aceptor	2.75221e-07
mvm_actual__3utr1502	b1a5a0601146013de908080e93a7fa22	3350	donante	6.12762e-05
mvm_actual__3utr1502	b1a5a0601146013de908080e93a7fa22	3351	aceptor	1.54343e-07
mvm_actual__3utr1502	b1a5a0601146013de908080e93a7fa22	3351	donante	1.09984e-06
mvm_actual__3utr1502	b1a5a0601146013de908080e93a7fa22	3352	aceptor	3.42085e-06
mvm_actual__3utr1502	b1a5a0601146013de908080e93a7fa22	3352	donante	0.00340498
mvm_actual__3utr1502	b1a5a0601146013de908080e93a7fa22	3353	aceptor	1.80908e-07
mvm_actual__3utr1502	b1a5a0601146013de908080e93a7fa22	3353	donante	1.67742e-06
mvm_actual__3utr1502	b1a5a0601146013de908080e93a7fa22	3354	aceptor	1.06503e-06
mvm_actual__3utr1502	b1a5a0601146013de908080e93a7fa22	3354	donante	4.21503e-07
mvm_actual__3utr1502	b1a5a0601146013de908080e93a7fa22	3355	aceptor	4.68872e-08
mvm_actual__3utr1502	b1a5a0601146013de908080e93a7fa22	3355	donante	9.39576e-08
mvm_actual__3utr1502	b1a5a0601146013de908080e93a7fa22	3356	aceptor	7.44204e-08
mvm_actual__3utr1502	b1a5a0601146013de908080e93a7fa22	3356	donante	9.5211e-07
mvm_actual__3utr1502	b1a5a0601146013de908080e93a7fa22	3357	aceptor	1.29763e-07
mvm_actual__3utr1502	b1a5a0601146013de908080e93a7fa22	3357	donante	5.26095e-08
mvm_actual__3utr1502	b1a5a0601146013de908080e93a7fa22	3358	aceptor	5.24127e-08
mvm_actual__3utr1502	b1a5a0601146013de908080e93a7fa22	3358	donante	2.80619e-07
mvm_actual__3utr1502	b1a5a0601146013de908080e93a7fa22	3359	aceptor	2.19785e-05
mvm_actual__3utr1502	b1a5a0601146013de908080e93a7fa22	3359	donante	3.62163e-07
mvm_actual__3utr1502	b1a5a0601146013de908080e93a7fa22	3360	aceptor	3.45207e-08
mvm_actual__3utr1502	b1a5a0601146013de908080e93a7fa22	3360	donante	2.88583e-08
mvm_actual__3utr1502	b1a5a0601146013de908080e93a7fa22	3361	aceptor	9.71782e-08
mvm_actual__3utr1502	b1a5a0601146013de908080e93a7fa22	3361	donante	8.5713e-09
mvm_actual__3utr1502	b1a5a0601146013de908080e93a7fa22	3362	aceptor	1.174e-07
mvm_actual__3utr1502	b1a5a0601146013de908080e93a7fa22	3362	donante	3.66026e-08
mvm_actual__3utr1502	b1a5a0601146013de908080e93a7fa22	3363	aceptor	6.13407e-08
mvm_actual__3utr1502	b1a5a0601146013de908080e93a7fa22	3363	donante	4.50483e-07
mvm_actual__3utr1502	b1a5a0601146013de908080e93a7fa22	3364	aceptor	8.18242e-08
mvm_actual__3utr1502	b1a5a0601146013de908080e93a7fa22	3364	donante	2.31659e-08
mvm_actual__3utr1502	b1a5a0601146013de908080e93a7fa22	3365	aceptor	6.99174e-07
mvm_actual__3utr1502	b1a5a0601146013de908080e93a7fa22	3365	donante	3.15975e-08
mvm_actual__3utr1502	b1a5a0601146013de908080e93a7fa22	3366	aceptor	4.52321e-08
mvm_actual__3utr1502	b1a5a0601146013de908080e93a7fa22	3366	donante	1.43258e-08
mvm_actual__3utr1502	b1a5a0601146013de908080e93a7fa22	3367	aceptor	1.05008e-07
mvm_actual__3utr1502	b1a5a0601146013de908080e93a7fa22	3367	donante	1.4615e-07
mvm_actual__3utr1502	b1a5a0601146013de908080e93a7fa22	3368	aceptor	2.53938e-08
mvm_actual__3utr1502	b1a5a0601146013de908080e93a7fa22	3368	donante	1.80506e-08
mvm_actual__3utr1502	b1a5a0601146013de908080e93a7fa22	3369	aceptor	5.09346e-08
mvm_actual__3utr1502	b1a5a0601146013de908080e93a7fa22	3369	donante	1.67113e-08
mvm_actual__3utr1502	b1a5a0601146013de908080e93a7fa22	3370	aceptor	8.29713e-08
mvm_actual__3utr1502	b1a5a0601146013de908080e93a7fa22	3370	donante	4.32064e-09
mvm_actual__3utr1502	b1a5a0601146013de908080e93a7fa22	3371	aceptor	5.6426e-07
mvm_actual__3utr1502	b1a5a0601146013de908080e93a7fa22	3371	donante	1.56597e-06
mvm_actual__3utr1502	b1a5a0601146013de908080e93a7fa22	3372	aceptor	4.00843e-07
mvm_actual__3utr1502	b1a5a0601146013de908080e93a7fa22	3372	donante	6.47546e-09
mvm_actual__3utr1502	b1a5a0601146013de908080e93a7fa22	3373	aceptor	2.44295e-08
mvm_actual__3utr1502	b1a5a0601146013de908080e93a7fa22	3373	donante	9.73293e-09
mvm_actual__3utr1502	b1a5a0601146013de908080e93a7fa22	3374	aceptor	7.20004e-08
mvm_actual__3utr1502	b1a5a0601146013de908080e93a7fa22	3374	donante	5.63216e-09
mvm_actual__3utr1502	b1a5a0601146013de908080e93a7fa22	3375	aceptor	6.6106e-08
mvm_actual__3utr1502	b1a5a0601146013de908080e93a7fa22	3375	donante	3.27992e-09
mvm_actual__3utr1502	b1a5a0601146013de908080e93a7fa22	3376	aceptor	3.54168e-07
mvm_actual__3utr1502	b1a5a0601146013de908080e93a7fa22	3376	donante	7.77034e-07
mvm_actual__3utr1502	b1a5a0601146013de908080e93a7fa22	3377	aceptor	1.18823e-07
mvm_actual__3utr1502	b1a5a0601146013de908080e93a7fa22	3377	donante	9.29862e-09
mvm_actual__3utr1502	b1a5a0601146013de908080e93a7fa22	3378	aceptor	2.40849e-07
mvm_actual__3utr1502	b1a5a0601146013de908080e93a7fa22	3378	donante	5.4551e-09
mvm_actual__3utr1502	b1a5a0601146013de908080e93a7fa22	3379	aceptor	1.31552e-07
mvm_actual__3utr1502	b1a5a0601146013de908080e93a7fa22	3379	donante	1.44504e-07
mvm_actual__3utr1502	b1a5a0601146013de908080e93a7fa22	3380	aceptor	3.29115e-07
mvm_actual__3utr1502	b1a5a0601146013de908080e93a7fa22	3380	donante	7.4674e-07
mvm_actual__3utr1502	b1a5a0601146013de908080e93a7fa22	3381	aceptor	3.54769e-07
mvm_actual__3utr1502	b1a5a0601146013de908080e93a7fa22	3381	donante	6.11673e-09
mvm_actual__3utr1502	b1a5a0601146013de908080e93a7fa22	3382	aceptor	1.16237e-06
mvm_actual__3utr1502	b1a5a0601146013de908080e93a7fa22	3382	donante	3.17327e-09
mvm_actual__3utr1502	b1a5a0601146013de908080e93a7fa22	3383	aceptor	5.92456e-08
mvm_actual__3utr1502	b1a5a0601146013de908080e93a7fa22	3383	donante	6.79742e-09
mvm_actual__3utr1502	b1a5a0601146013de908080e93a7fa22	3384	aceptor	1.17245e-06
mvm_actual__3utr1502	b1a5a0601146013de908080e93a7fa22	3384	donante	4.81891e-07
mvm_actual__3utr1502	b1a5a0601146013de908080e93a7fa22	3385	aceptor	2.4657e-07
mvm_actual__3utr1502	b1a5a0601146013de908080e93a7fa22	3385	donante	6.85721e-09
mvm_actual__3utr1502	b1a5a0601146013de908080e93a7fa22	3386	aceptor	2.1814e-05
mvm_actual__3utr1502	b1a5a0601146013de908080e93a7fa22	3386	donante	3.01047e-08
mvm_actual__3utr1502	b1a5a0601146013de908080e93a7fa22	3387	aceptor	9.07236e-07
mvm_actual__3utr1502	b1a5a0601146013de908080e93a7fa22	3387	donante	1.22042e-08
mvm_actual__3utr1502	b1a5a0601146013de908080e93a7fa22	3388	aceptor	4.51447e-07
mvm_actual__3utr1502	b1a5a0601146013de908080e93a7fa22	3388	donante	2.39874e-08
mvm_actual__3utr1502	b1a5a0601146013de908080e93a7fa22	3389	aceptor	1.27831e-06
mvm_actual__3utr1502	b1a5a0601146013de908080e93a7fa22	3389	donante	1.19829e-08
mvm_actual__3utr1502	b1a5a0601146013de908080e93a7fa22	3390	aceptor	6.50952e-08
mvm_actual__3utr1502	b1a5a0601146013de908080e93a7fa22	3390	donante	3.7111e-09
mvm_actual__3utr1502	b1a5a0601146013de908080e93a7fa22	3391	aceptor	1.22867e-07
mvm_actual__3utr1502	b1a5a0601146013de908080e93a7fa22	3391	donante	1.16524e-08
mvm_actual__3utr1502	b1a5a0601146013de908080e93a7fa22	3392	aceptor	2.07902e-07
mvm_actual__3utr1502	b1a5a0601146013de908080e93a7fa22	3392	donante	4.47418e-08
mvm_actual__3utr1502	b1a5a0601146013de908080e93a7fa22	3393	aceptor	6.29585e-07
mvm_actual__3utr1502	b1a5a0601146013de908080e93a7fa22	3393	donante	4.55467e-09
mvm_actual__3utr1502	b1a5a0601146013de908080e93a7fa22	3394	aceptor	1.83471e-07
mvm_actual__3utr1502	b1a5a0601146013de908080e93a7fa22	3394	donante	3.90038e-09
mvm_actual__3utr1502	b1a5a0601146013de908080e93a7fa22	3395	aceptor	3.14637e-07
mvm_actual__3utr1502	b1a5a0601146013de908080e93a7fa22	3395	donante	8.82448e-09
mvm_actual__3utr1502	b1a5a0601146013de908080e93a7fa22	3396	aceptor	3.13933e-07
mvm_actual__3utr1502	b1a5a0601146013de908080e93a7fa22	3396	donante	1.85984e-08
mvm_actual__3utr1502	b1a5a0601146013de908080e93a7fa22	3397	aceptor	4.04646e-06
mvm_actual__3utr1502	b1a5a0601146013de908080e93a7fa22	3397	donante	7.59451e-09
mvm_actual__3utr1502	b1a5a0601146013de908080e93a7fa22	3398	aceptor	4.25759e-07
mvm_actual__3utr1502	b1a5a0601146013de908080e93a7fa22	3398	donante	1.53288e-08
mvm_actual__3utr1502	b1a5a0601146013de908080e93a7fa22	3399	aceptor	1.08149e-06
mvm_actual__3utr1502	b1a5a0601146013de908080e93a7fa22	3399	donante	3.54376e-08
mvm_actual__3utr1502	b1a5a0601146013de908080e93a7fa22	3400	aceptor	2.41735e-06
mvm_actual__3utr1502	b1a5a0601146013de908080e93a7fa22	3400	donante	1.1323e-08
mvm_actual__3utr1502	b1a5a0601146013de908080e93a7fa22	3401	aceptor	9.42648e-07
mvm_actual__3utr1502	b1a5a0601146013de908080e93a7fa22	3401	donante	9.40868e-09
mvm_actual__3utr1502	b1a5a0601146013de908080e93a7fa22	3402	aceptor	1.64164e-07
mvm_actual__3utr1502	b1a5a0601146013de908080e93a7fa22	3402	donante	1.47862e-08
mvm_actual__3utr1502	b1a5a0601146013de908080e93a7fa22	3403	aceptor	0.000454556
mvm_actual__3utr1502	b1a5a0601146013de908080e93a7fa22	3403	donante	4.03036e-07
mvm_actual__3utr1502	b1a5a0601146013de908080e93a7fa22	3404	aceptor	2.28393e-06
mvm_actual__3utr1502	b1a5a0601146013de908080e93a7fa22	3404	donante	6.61464e-09
mvm_actual__3utr1502	b1a5a0601146013de908080e93a7fa22	3405	aceptor	2.02279e-06
mvm_actual__3utr1502	b1a5a0601146013de908080e93a7fa22	3405	donante	3.16025e-08
mvm_actual__3utr1502	b1a5a0601146013de908080e93a7fa22	3406	aceptor	0.000192035
mvm_actual__3utr1502	b1a5a0601146013de908080e93a7fa22	3406	donante	3.36734e-07
mvm_actual__3utr1502	b1a5a0601146013de908080e93a7fa22	3407	aceptor	1.47401e-05
mvm_actual__3utr1502	b1a5a0601146013de908080e93a7fa22	3407	donante	1.13887e-07
mvm_actual__3utr1502	b1a5a0601146013de908080e93a7fa22	3408	aceptor	1.04793e-05
mvm_actual__3utr1502	b1a5a0601146013de908080e93a7fa22	3408	donante	7.81912e-08
mvm_actual__3utr1502	b1a5a0601146013de908080e93a7fa22	3409	aceptor	1.63648e-05
mvm_actual__3utr1502	b1a5a0601146013de908080e93a7fa22	3409	donante	6.60803e-08
mvm_actual__3utr1502	b1a5a0601146013de908080e93a7fa22	3410	aceptor	4.0861e-06
mvm_actual__3utr1502	b1a5a0601146013de908080e93a7fa22	3410	donante	6.51278e-08
mvm_actual__3utr1502	b1a5a0601146013de908080e93a7fa22	3411	aceptor	5.78438e-07
mvm_actual__3utr1502	b1a5a0601146013de908080e93a7fa22	3411	donante	2.63248e-08
mvm_actual__3utr1502	b1a5a0601146013de908080e93a7fa22	3412	aceptor	1.28437e-06
mvm_actual__3utr1502	b1a5a0601146013de908080e93a7fa22	3412	donante	5.50477e-08
mvm_actual__3utr1502	b1a5a0601146013de908080e93a7fa22	3413	aceptor	2.39817e-06
mvm_actual__3utr1502	b1a5a0601146013de908080e93a7fa22	3413	donante	3.56848e-08
mvm_actual__3utr1502	b1a5a0601146013de908080e93a7fa22	3414	aceptor	3.27311e-07
mvm_actual__3utr1502	b1a5a0601146013de908080e93a7fa22	3414	donante	8.17848e-08
mvm_actual__3utr1502	b1a5a0601146013de908080e93a7fa22	3415	aceptor	8.86138e-07
mvm_actual__3utr1502	b1a5a0601146013de908080e93a7fa22	3415	donante	1.3205e-08
mvm_actual__3utr1502	b1a5a0601146013de908080e93a7fa22	3416	aceptor	6.12607e-06
mvm_actual__3utr1502	b1a5a0601146013de908080e93a7fa22	3416	donante	6.4375e-08
mvm_actual__3utr1502	b1a5a0601146013de908080e93a7fa22	3417	aceptor	2.28572e-06
mvm_actual__3utr1502	b1a5a0601146013de908080e93a7fa22	3417	donante	1.17657e-07
mvm_actual__3utr1502	b1a5a0601146013de908080e93a7fa22	3418	aceptor	1.98952e-06
mvm_actual__3utr1502	b1a5a0601146013de908080e93a7fa22	3418	donante	3.55573e-08
mvm_actual__3utr1502	b1a5a0601146013de908080e93a7fa22	3419	aceptor	4.86689e-07
mvm_actual__3utr1502	b1a5a0601146013de908080e93a7fa22	3419	donante	3.87459e-08
mvm_actual__3utr1502	b1a5a0601146013de908080e93a7fa22	3420	aceptor	9.08981e-06
mvm_actual__3utr1502	b1a5a0601146013de908080e93a7fa22	3420	donante	5.76808e-08
mvm_actual__3utr1502	b1a5a0601146013de908080e93a7fa22	3421	aceptor	9.13168e-07
mvm_actual__3utr1502	b1a5a0601146013de908080e93a7fa22	3421	donante	1.82652e-08
mvm_actual__3utr1502	b1a5a0601146013de908080e93a7fa22	3422	aceptor	1.30978e-06
mvm_actual__3utr1502	b1a5a0601146013de908080e93a7fa22	3422	donante	4.89595e-08
mvm_actual__3utr1502	b1a5a0601146013de908080e93a7fa22	3423	aceptor	6.51083e-07
mvm_actual__3utr1502	b1a5a0601146013de908080e93a7fa22	3423	donante	2.30004e-08
mvm_actual__3utr1502	b1a5a0601146013de908080e93a7fa22	3424	aceptor	5.34943e-07
mvm_actual__3utr1502	b1a5a0601146013de908080e93a7fa22	3424	donante	1.47687e-08
mvm_actual__3utr1502	b1a5a0601146013de908080e93a7fa22	3425	aceptor	4.96205e-07
mvm_actual__3utr1502	b1a5a0601146013de908080e93a7fa22	3425	donante	3.95367e-08
mvm_actual__3utr1502	b1a5a0601146013de908080e93a7fa22	3426	aceptor	1.61951e-06
mvm_actual__3utr1502	b1a5a0601146013de908080e93a7fa22	3426	donante	9.72048e-08
mvm_actual__3utr1502	b1a5a0601146013de908080e93a7fa22	3427	aceptor	1.64579e-06
mvm_actual__3utr1502	b1a5a0601146013de908080e93a7fa22	3427	donante	1.21691e-07
mvm_actual__3utr1502	b1a5a0601146013de908080e93a7fa22	3428	aceptor	2.50461e-07
mvm_actual__3utr1502	b1a5a0601146013de908080e93a7fa22	3428	donante	6.14648e-08
mvm_actual__3utr1502	b1a5a0601146013de908080e93a7fa22	3429	aceptor	6.14537e-06
mvm_actual__3utr1502	b1a5a0601146013de908080e93a7fa22	3429	donante	0.000115502
mvm_actual__3utr1502	b1a5a0601146013de908080e93a7fa22	3430	aceptor	0.885016
mvm_actual__3utr1502	b1a5a0601146013de908080e93a7fa22	3430	donante	7.27399e-06
mvm_actual__3utr1502	b1a5a0601146013de908080e93a7fa22	3431	aceptor	1.97268e-06
mvm_actual__3utr1502	b1a5a0601146013de908080e93a7fa22	3431	donante	1.13898e-07
mvm_actual__3utr1502	b1a5a0601146013de908080e93a7fa22	3432	aceptor	1.27181e-06
mvm_actual__3utr1502	b1a5a0601146013de908080e93a7fa22	3432	donante	4.52831e-08
mvm_actual__3utr1502	b1a5a0601146013de908080e93a7fa22	3433	aceptor	2.68217e-06
mvm_actual__3utr1502	b1a5a0601146013de908080e93a7fa22	3433	donante	1.43929e-07
mvm_actual__3utr1502	b1a5a0601146013de908080e93a7fa22	3434	aceptor	7.08929e-05
mvm_actual__3utr1502	b1a5a0601146013de908080e93a7fa22	3434	donante	2.58359e-07
mvm_actual__3utr1502	b1a5a0601146013de908080e93a7fa22	3435	aceptor	6.489e-06
mvm_actual__3utr1502	b1a5a0601146013de908080e93a7fa22	3435	donante	2.20402e-07
mvm_actual__3utr1502	b1a5a0601146013de908080e93a7fa22	3436	aceptor	4.59101e-07
mvm_actual__3utr1502	b1a5a0601146013de908080e93a7fa22	3436	donante	4.06505e-08
mvm_actual__3utr1502	b1a5a0601146013de908080e93a7fa22	3437	aceptor	4.28515e-06
mvm_actual__3utr1502	b1a5a0601146013de908080e93a7fa22	3437	donante	1.14005e-07
mvm_actual__3utr1502	b1a5a0601146013de908080e93a7fa22	3438	aceptor	1.33488e-05
mvm_actual__3utr1502	b1a5a0601146013de908080e93a7fa22	3438	donante	1.87915e-05
mvm_actual__3utr1502	b1a5a0601146013de908080e93a7fa22	3439	aceptor	4.02417e-05
mvm_actual__3utr1502	b1a5a0601146013de908080e93a7fa22	3439	donante	1.33925e-06
mvm_actual__3utr1502	b1a5a0601146013de908080e93a7fa22	3440	aceptor	7.13286e-06
mvm_actual__3utr1502	b1a5a0601146013de908080e93a7fa22	3440	donante	7.54484e-07
mvm_actual__3utr1601	d9d1e4e5df0dbbd7a257f34264c808af	429	aceptor	7.3758e-05
mvm_actual__3utr1601	d9d1e4e5df0dbbd7a257f34264c808af	429	donante	0.109261
mvm_actual__3utr1601	d9d1e4e5df0dbbd7a257f34264c808af	1131	aceptor	1.73975e-05
mvm_actual__3utr1601	d9d1e4e5df0dbbd7a257f34264c808af	1131	donante	0.0612175
mvm_actual__3utr1601	d9d1e4e5df0dbbd7a257f34264c808af	1156	aceptor	4.80099e-06
mvm_actual__3utr1601	d9d1e4e5df0dbbd7a257f34264c808af	1156	donante	0.0572774
mvm_actual__3utr1601	d9d1e4e5df0dbbd7a257f34264c808af	1516	aceptor	6.71232e-05
mvm_actual__3utr1601	d9d1e4e5df0dbbd7a257f34264c808af	1516	donante	0.75488
mvm_actual__3utr1601	d9d1e4e5df0dbbd7a257f34264c808af	3120	aceptor	8.47667e-07
mvm_actual__3utr1601	d9d1e4e5df0dbbd7a257f34264c808af	3120	donante	7.42278e-07
mvm_actual__3utr1601	d9d1e4e5df0dbbd7a257f34264c808af	3121	aceptor	1.01687e-07
mvm_actual__3utr1601	d9d1e4e5df0dbbd7a257f34264c808af	3121	donante	1.68084e-06
mvm_actual__3utr1601	d9d1e4e5df0dbbd7a257f34264c808af	3122	aceptor	6.36656e-06
mvm_actual__3utr1601	d9d1e4e5df0dbbd7a257f34264c808af	3122	donante	3.63816e-06
mvm_actual__3utr1601	d9d1e4e5df0dbbd7a257f34264c808af	3123	aceptor	1.45203e-07
mvm_actual__3utr1601	d9d1e4e5df0dbbd7a257f34264c808af	3123	donante	9.32323e-07
mvm_actual__3utr1601	d9d1e4e5df0dbbd7a257f34264c808af	3124	aceptor	4.12578e-07
mvm_actual__3utr1601	d9d1e4e5df0dbbd7a257f34264c808af	3124	donante	2.87859e-05
mvm_actual__3utr1601	d9d1e4e5df0dbbd7a257f34264c808af	3125	aceptor	9.31185e-07
mvm_actual__3utr1601	d9d1e4e5df0dbbd7a257f34264c808af	3125	donante	8.0818e-07
mvm_actual__3utr1601	d9d1e4e5df0dbbd7a257f34264c808af	3126	aceptor	1.66014e-05
mvm_actual__3utr1601	d9d1e4e5df0dbbd7a257f34264c808af	3126	donante	0.0282804
mvm_actual__3utr1601	d9d1e4e5df0dbbd7a257f34264c808af	3127	aceptor	1.52414e-07
mvm_actual__3utr1601	d9d1e4e5df0dbbd7a257f34264c808af	3127	donante	1.06264e-06
mvm_actual__3utr1601	d9d1e4e5df0dbbd7a257f34264c808af	3128	aceptor	2.19743e-07
mvm_actual__3utr1601	d9d1e4e5df0dbbd7a257f34264c808af	3128	donante	3.43874e-07
mvm_actual__3utr1601	d9d1e4e5df0dbbd7a257f34264c808af	3129	aceptor	1.88677e-07
mvm_actual__3utr1601	d9d1e4e5df0dbbd7a257f34264c808af	3129	donante	5.16888e-07
mvm_actual__3utr1601	d9d1e4e5df0dbbd7a257f34264c808af	3130	aceptor	4.14587e-07
mvm_actual__3utr1601	d9d1e4e5df0dbbd7a257f34264c808af	3130	donante	3.75041e-06
mvm_actual__3utr1601	d9d1e4e5df0dbbd7a257f34264c808af	3131	aceptor	1.82921e-07
mvm_actual__3utr1601	d9d1e4e5df0dbbd7a257f34264c808af	3131	donante	5.9001e-07
mvm_actual__3utr1601	d9d1e4e5df0dbbd7a257f34264c808af	3132	aceptor	1.34226e-06
mvm_actual__3utr1601	d9d1e4e5df0dbbd7a257f34264c808af	3132	donante	8.07824e-07
mvm_actual__3utr1601	d9d1e4e5df0dbbd7a257f34264c808af	3133	aceptor	4.05619e-05
mvm_actual__3utr1601	d9d1e4e5df0dbbd7a257f34264c808af	3133	donante	0.848035
mvm_actual__3utr1601	d9d1e4e5df0dbbd7a257f34264c808af	3134	aceptor	2.97806e-07
mvm_actual__3utr1601	d9d1e4e5df0dbbd7a257f34264c808af	3134	donante	2.36402e-07
mvm_actual__3utr1601	d9d1e4e5df0dbbd7a257f34264c808af	3135	aceptor	3.04106e-08
mvm_actual__3utr1601	d9d1e4e5df0dbbd7a257f34264c808af	3135	donante	1.38946e-06
mvm_actual__3utr1601	d9d1e4e5df0dbbd7a257f34264c808af	3136	aceptor	2.67611e-08
mvm_actual__3utr1601	d9d1e4e5df0dbbd7a257f34264c808af	3136	donante	1.7084e-06
mvm_actual__3utr1601	d9d1e4e5df0dbbd7a257f34264c808af	3137	aceptor	3.35312e-08
mvm_actual__3utr1601	d9d1e4e5df0dbbd7a257f34264c808af	3137	donante	1.51503e-06
mvm_actual__3utr1601	d9d1e4e5df0dbbd7a257f34264c808af	3138	aceptor	1.01629e-07
mvm_actual__3utr1601	d9d1e4e5df0dbbd7a257f34264c808af	3138	donante	1.01747e-06
mvm_actual__3utr1601	d9d1e4e5df0dbbd7a257f34264c808af	3139	aceptor	1.07292e-06
mvm_actual__3utr1601	d9d1e4e5df0dbbd7a257f34264c808af	3139	donante	5.16859e-05
mvm_actual__3utr1601	d9d1e4e5df0dbbd7a257f34264c808af	3140	aceptor	6.26064e-08
mvm_actual__3utr1601	d9d1e4e5df0dbbd7a257f34264c808af	3140	donante	3.13625e-07
mvm_actual__3utr1601	d9d1e4e5df0dbbd7a257f34264c808af	3141	aceptor	5.35952e-08
mvm_actual__3utr1601	d9d1e4e5df0dbbd7a257f34264c808af	3141	donante	7.56646e-07
mvm_actual__3utr1601	d9d1e4e5df0dbbd7a257f34264c808af	3142	aceptor	8.60688e-09
mvm_actual__3utr1601	d9d1e4e5df0dbbd7a257f34264c808af	3142	donante	1.31918e-07
mvm_actual__3utr1601	d9d1e4e5df0dbbd7a257f34264c808af	3143	aceptor	2.6002e-08
mvm_actual__3utr1601	d9d1e4e5df0dbbd7a257f34264c808af	3143	donante	1.00138e-07
mvm_actual__3utr1601	d9d1e4e5df0dbbd7a257f34264c808af	3144	aceptor	2.64652e-09
mvm_actual__3utr1601	d9d1e4e5df0dbbd7a257f34264c808af	3144	donante	7.38981e-08
mvm_actual__3utr1601	d9d1e4e5df0dbbd7a257f34264c808af	3145	aceptor	1.2373e-08
mvm_actual__3utr1601	d9d1e4e5df0dbbd7a257f34264c808af	3145	donante	1.41541e-07
mvm_actual__3utr1601	d9d1e4e5df0dbbd7a257f34264c808af	3146	aceptor	2.18085e-08
mvm_actual__3utr1601	d9d1e4e5df0dbbd7a257f34264c808af	3146	donante	8.11767e-07
mvm_actual__3utr1601	d9d1e4e5df0dbbd7a257f34264c808af	3147	aceptor	1.48405e-06
mvm_actual__3utr1601	d9d1e4e5df0dbbd7a257f34264c808af	3147	donante	1.70446e-07
mvm_actual__3utr1601	d9d1e4e5df0dbbd7a257f34264c808af	3148	aceptor	6.48048e-08
mvm_actual__3utr1601	d9d1e4e5df0dbbd7a257f34264c808af	3148	donante	2.01547e-07
mvm_actual__3utr1601	d9d1e4e5df0dbbd7a257f34264c808af	3149	aceptor	8.83659e-09
mvm_actual__3utr1601	d9d1e4e5df0dbbd7a257f34264c808af	3149	donante	2.7244e-08
mvm_actual__3utr1601	d9d1e4e5df0dbbd7a257f34264c808af	3150	aceptor	2.24908e-08
mvm_actual__3utr1601	d9d1e4e5df0dbbd7a257f34264c808af	3150	donante	2.02521e-08
mvm_actual__3utr1601	d9d1e4e5df0dbbd7a257f34264c808af	3151	aceptor	6.73943e-08
mvm_actual__3utr1601	d9d1e4e5df0dbbd7a257f34264c808af	3151	donante	7.74083e-07
mvm_actual__3utr1601	d9d1e4e5df0dbbd7a257f34264c808af	3152	aceptor	2.90616e-08
mvm_actual__3utr1601	d9d1e4e5df0dbbd7a257f34264c808af	3152	donante	3.30506e-08
mvm_actual__3utr1601	d9d1e4e5df0dbbd7a257f34264c808af	3153	aceptor	4.26072e-08
mvm_actual__3utr1601	d9d1e4e5df0dbbd7a257f34264c808af	3153	donante	9.43027e-09
mvm_actual__3utr1601	d9d1e4e5df0dbbd7a257f34264c808af	3154	aceptor	1.18752e-08
mvm_actual__3utr1601	d9d1e4e5df0dbbd7a257f34264c808af	3154	donante	5.18214e-09
mvm_actual__3utr1601	d9d1e4e5df0dbbd7a257f34264c808af	3155	aceptor	8.25161e-08
mvm_actual__3utr1601	d9d1e4e5df0dbbd7a257f34264c808af	3155	donante	3.45244e-07
mvm_actual__3utr1601	d9d1e4e5df0dbbd7a257f34264c808af	3156	aceptor	1.07348e-07
mvm_actual__3utr1601	d9d1e4e5df0dbbd7a257f34264c808af	3156	donante	1.59798e-08
mvm_actual__3utr1601	d9d1e4e5df0dbbd7a257f34264c808af	3157	aceptor	1.97888e-08
mvm_actual__3utr1601	d9d1e4e5df0dbbd7a257f34264c808af	3157	donante	8.24814e-09
mvm_actual__3utr1601	d9d1e4e5df0dbbd7a257f34264c808af	3158	aceptor	1.18448e-08
mvm_actual__3utr1601	d9d1e4e5df0dbbd7a257f34264c808af	3158	donante	1.76881e-09
mvm_actual__3utr1601	d9d1e4e5df0dbbd7a257f34264c808af	3159	aceptor	1.59424e-08
mvm_actual__3utr1601	d9d1e4e5df0dbbd7a257f34264c808af	3159	donante	1.34633e-06
mvm_actual__3utr1601	d9d1e4e5df0dbbd7a257f34264c808af	3160	aceptor	3.48984e-08
mvm_actual__3utr1601	d9d1e4e5df0dbbd7a257f34264c808af	3160	donante	4.21507e-08
mvm_actual__3utr1601	d9d1e4e5df0dbbd7a257f34264c808af	3161	aceptor	2.09926e-08
mvm_actual__3utr1601	d9d1e4e5df0dbbd7a257f34264c808af	3161	donante	4.06929e-08
mvm_actual__3utr1601	d9d1e4e5df0dbbd7a257f34264c808af	3162	aceptor	4.9538e-09
mvm_actual__3utr1601	d9d1e4e5df0dbbd7a257f34264c808af	3162	donante	6.91017e-09
mvm_actual__3utr1601	d9d1e4e5df0dbbd7a257f34264c808af	3163	aceptor	2.99e-08
mvm_actual__3utr1601	d9d1e4e5df0dbbd7a257f34264c808af	3163	donante	1.65875e-08
mvm_actual__3utr1601	d9d1e4e5df0dbbd7a257f34264c808af	3164	aceptor	4.35495e-08
mvm_actual__3utr1601	d9d1e4e5df0dbbd7a257f34264c808af	3164	donante	3.5081e-07
mvm_actual__3utr1601	d9d1e4e5df0dbbd7a257f34264c808af	3165	aceptor	4.04752e-08
mvm_actual__3utr1601	d9d1e4e5df0dbbd7a257f34264c808af	3165	donante	1.61628e-08
mvm_actual__3utr1601	d9d1e4e5df0dbbd7a257f34264c808af	3166	aceptor	7.0681e-09
mvm_actual__3utr1601	d9d1e4e5df0dbbd7a257f34264c808af	3166	donante	8.87163e-09
mvm_actual__3utr1601	d9d1e4e5df0dbbd7a257f34264c808af	3167	aceptor	5.71566e-09
mvm_actual__3utr1601	d9d1e4e5df0dbbd7a257f34264c808af	3167	donante	1.25042e-08
mvm_actual__3utr1601	d9d1e4e5df0dbbd7a257f34264c808af	3168	aceptor	7.78608e-09
mvm_actual__3utr1601	d9d1e4e5df0dbbd7a257f34264c808af	3168	donante	8.80636e-09
mvm_actual__3utr1601	d9d1e4e5df0dbbd7a257f34264c808af	3169	aceptor	2.27499e-08
mvm_actual__3utr1601	d9d1e4e5df0dbbd7a257f34264c808af	3169	donante	8.15236e-08
mvm_actual__3utr1601	d9d1e4e5df0dbbd7a257f34264c808af	3170	aceptor	6.50067e-09
mvm_actual__3utr1601	d9d1e4e5df0dbbd7a257f34264c808af	3170	donante	2.28551e-08
mvm_actual__3utr1601	d9d1e4e5df0dbbd7a257f34264c808af	3171	aceptor	1.02002e-08
mvm_actual__3utr1601	d9d1e4e5df0dbbd7a257f34264c808af	3171	donante	9.61573e-09
mvm_actual__3utr1601	d9d1e4e5df0dbbd7a257f34264c808af	3172	aceptor	1.77893e-08
mvm_actual__3utr1601	d9d1e4e5df0dbbd7a257f34264c808af	3172	donante	1.56316e-06
mvm_actual__3utr1601	d9d1e4e5df0dbbd7a257f34264c808af	3173	aceptor	1.82549e-08
mvm_actual__3utr1601	d9d1e4e5df0dbbd7a257f34264c808af	3173	donante	1.01648e-08
mvm_actual__3utr1601	d9d1e4e5df0dbbd7a257f34264c808af	3174	aceptor	1.00533e-08
mvm_actual__3utr1601	d9d1e4e5df0dbbd7a257f34264c808af	3174	donante	1.30328e-08
mvm_actual__3utr1601	d9d1e4e5df0dbbd7a257f34264c808af	3175	aceptor	2.80423e-09
mvm_actual__3utr1601	d9d1e4e5df0dbbd7a257f34264c808af	3175	donante	3.04947e-08
mvm_actual__3utr1601	d9d1e4e5df0dbbd7a257f34264c808af	3176	aceptor	1.15272e-08
mvm_actual__3utr1601	d9d1e4e5df0dbbd7a257f34264c808af	3176	donante	1.52988e-08
mvm_actual__3utr1601	d9d1e4e5df0dbbd7a257f34264c808af	3177	aceptor	1.40534e-07
mvm_actual__3utr1601	d9d1e4e5df0dbbd7a257f34264c808af	3177	donante	1.41071e-08
mvm_actual__3utr1601	d9d1e4e5df0dbbd7a257f34264c808af	3178	aceptor	5.22068e-09
mvm_actual__3utr1601	d9d1e4e5df0dbbd7a257f34264c808af	3178	donante	2.98145e-08
mvm_actual__3utr1601	d9d1e4e5df0dbbd7a257f34264c808af	3179	aceptor	1.02959e-07
mvm_actual__3utr1601	d9d1e4e5df0dbbd7a257f34264c808af	3179	donante	1.3666e-08
mvm_actual__3utr1601	d9d1e4e5df0dbbd7a257f34264c808af	3180	aceptor	1.24427e-07
mvm_actual__3utr1601	d9d1e4e5df0dbbd7a257f34264c808af	3180	donante	2.55861e-08
mvm_actual__3utr1601	d9d1e4e5df0dbbd7a257f34264c808af	3181	aceptor	4.63895e-08
mvm_actual__3utr1601	d9d1e4e5df0dbbd7a257f34264c808af	3181	donante	3.2476e-08
mvm_actual__3utr1601	d9d1e4e5df0dbbd7a257f34264c808af	3182	aceptor	4.89623e-08
mvm_actual__3utr1601	d9d1e4e5df0dbbd7a257f34264c808af	3182	donante	4.88546e-09
mvm_actual__3utr1601	d9d1e4e5df0dbbd7a257f34264c808af	3183	aceptor	7.38001e-08
mvm_actual__3utr1601	d9d1e4e5df0dbbd7a257f34264c808af	3183	donante	5.92845e-09
mvm_actual__3utr1601	d9d1e4e5df0dbbd7a257f34264c808af	3184	aceptor	2.08544e-07
mvm_actual__3utr1601	d9d1e4e5df0dbbd7a257f34264c808af	3184	donante	2.82216e-08
mvm_actual__3utr1601	d9d1e4e5df0dbbd7a257f34264c808af	3185	aceptor	5.41705e-08
mvm_actual__3utr1601	d9d1e4e5df0dbbd7a257f34264c808af	3185	donante	8.17741e-09
mvm_actual__3utr1601	d9d1e4e5df0dbbd7a257f34264c808af	3186	aceptor	3.24643e-08
mvm_actual__3utr1601	d9d1e4e5df0dbbd7a257f34264c808af	3186	donante	3.04161e-08
mvm_actual__3utr1601	d9d1e4e5df0dbbd7a257f34264c808af	3187	aceptor	1.89001e-07
mvm_actual__3utr1601	d9d1e4e5df0dbbd7a257f34264c808af	3187	donante	3.79062e-08
mvm_actual__3utr1601	d9d1e4e5df0dbbd7a257f34264c808af	3188	aceptor	6.95397e-08
mvm_actual__3utr1601	d9d1e4e5df0dbbd7a257f34264c808af	3188	donante	1.0207e-08
mvm_actual__3utr1601	d9d1e4e5df0dbbd7a257f34264c808af	3189	aceptor	1.29096e-07
mvm_actual__3utr1601	d9d1e4e5df0dbbd7a257f34264c808af	3189	donante	2.42045e-08
mvm_actual__3utr1601	d9d1e4e5df0dbbd7a257f34264c808af	3190	aceptor	2.16196e-08
mvm_actual__3utr1601	d9d1e4e5df0dbbd7a257f34264c808af	3190	donante	2.44056e-08
mvm_actual__3utr1601	d9d1e4e5df0dbbd7a257f34264c808af	3191	aceptor	1.92889e-08
mvm_actual__3utr1601	d9d1e4e5df0dbbd7a257f34264c808af	3191	donante	5.7668e-08
mvm_actual__3utr1601	d9d1e4e5df0dbbd7a257f34264c808af	3192	aceptor	2.99585e-07
mvm_actual__3utr1601	d9d1e4e5df0dbbd7a257f34264c808af	3192	donante	1.14357e-07
mvm_actual__3utr1601	d9d1e4e5df0dbbd7a257f34264c808af	3193	aceptor	1.18182e-05
mvm_actual__3utr1601	d9d1e4e5df0dbbd7a257f34264c808af	3193	donante	3.18532e-06
mvm_actual__3utr1601	d9d1e4e5df0dbbd7a257f34264c808af	3194	aceptor	9.13778e-09
mvm_actual__3utr1601	d9d1e4e5df0dbbd7a257f34264c808af	3194	donante	2.06891e-07
mvm_actual__3utr1601	d9d1e4e5df0dbbd7a257f34264c808af	3195	aceptor	1.47379e-06
mvm_actual__3utr1601	d9d1e4e5df0dbbd7a257f34264c808af	3195	donante	1.36804e-07
mvm_actual__3utr1601	d9d1e4e5df0dbbd7a257f34264c808af	3196	aceptor	1.92281e-08
mvm_actual__3utr1601	d9d1e4e5df0dbbd7a257f34264c808af	3196	donante	3.37037e-07
mvm_actual__3utr1601	d9d1e4e5df0dbbd7a257f34264c808af	3197	aceptor	6.13972e-09
mvm_actual__3utr1601	d9d1e4e5df0dbbd7a257f34264c808af	3197	donante	1.10807e-06
mvm_actual__3utr1601	d9d1e4e5df0dbbd7a257f34264c808af	3198	aceptor	1.84849e-08
mvm_actual__3utr1601	d9d1e4e5df0dbbd7a257f34264c808af	3198	donante	3.75408e-08
mvm_actual__3utr1601	d9d1e4e5df0dbbd7a257f34264c808af	3199	aceptor	2.3286e-06
mvm_actual__3utr1601	d9d1e4e5df0dbbd7a257f34264c808af	3199	donante	1.32138e-06
mvm_actual__3utr1601	d9d1e4e5df0dbbd7a257f34264c808af	3200	aceptor	1.09375e-08
mvm_actual__3utr1601	d9d1e4e5df0dbbd7a257f34264c808af	3200	donante	1.24063e-07
mvm_actual__3utr1601	d9d1e4e5df0dbbd7a257f34264c808af	3201	aceptor	7.65677e-09
mvm_actual__3utr1601	d9d1e4e5df0dbbd7a257f34264c808af	3201	donante	5.20753e-07
mvm_actual__3utr1601	d9d1e4e5df0dbbd7a257f34264c808af	3202	aceptor	5.01618e-09
mvm_actual__3utr1601	d9d1e4e5df0dbbd7a257f34264c808af	3202	donante	4.35127e-07
mvm_actual__3utr1601	d9d1e4e5df0dbbd7a257f34264c808af	3203	aceptor	1.88623e-07
mvm_actual__3utr1601	d9d1e4e5df0dbbd7a257f34264c808af	3203	donante	9.0644e-07
mvm_actual__3utr1601	d9d1e4e5df0dbbd7a257f34264c808af	3204	aceptor	7.40624e-07
mvm_actual__3utr1601	d9d1e4e5df0dbbd7a257f34264c808af	3204	donante	2.73622e-07
mvm_actual__3utr1601	d9d1e4e5df0dbbd7a257f34264c808af	3205	aceptor	1.69953e-08
mvm_actual__3utr1601	d9d1e4e5df0dbbd7a257f34264c808af	3205	donante	1.60847e-07
mvm_actual__3utr1601	d9d1e4e5df0dbbd7a257f34264c808af	3206	aceptor	2.57327e-08
mvm_actual__3utr1601	d9d1e4e5df0dbbd7a257f34264c808af	3206	donante	2.79933e-08
mvm_actual__3utr1601	d9d1e4e5df0dbbd7a257f34264c808af	3207	aceptor	1.21534e-08
mvm_actual__3utr1601	d9d1e4e5df0dbbd7a257f34264c808af	3207	donante	1.37594e-07
mvm_actual__3utr1601	d9d1e4e5df0dbbd7a257f34264c808af	3208	aceptor	5.62709e-08
mvm_actual__3utr1601	d9d1e4e5df0dbbd7a257f34264c808af	3208	donante	7.4147e-08
mvm_actual__3utr1601	d9d1e4e5df0dbbd7a257f34264c808af	3209	aceptor	9.0464e-08
mvm_actual__3utr1601	d9d1e4e5df0dbbd7a257f34264c808af	3209	donante	1.65195e-07
mvm_actual__3utr1601	d9d1e4e5df0dbbd7a257f34264c808af	3210	aceptor	6.52799e-08
mvm_actual__3utr1601	d9d1e4e5df0dbbd7a257f34264c808af	3210	donante	1.46796e-07
mvm_actual__3utr1601	d9d1e4e5df0dbbd7a257f34264c808af	3211	aceptor	3.98126e-07
mvm_actual__3utr1601	d9d1e4e5df0dbbd7a257f34264c808af	3211	donante	1.47759e-07
mvm_actual__3utr1601	d9d1e4e5df0dbbd7a257f34264c808af	3212	aceptor	3.92347e-07
mvm_actual__3utr1601	d9d1e4e5df0dbbd7a257f34264c808af	3212	donante	1.02497e-06
mvm_actual__3utr1601	d9d1e4e5df0dbbd7a257f34264c808af	3213	aceptor	1.09473e-05
mvm_actual__3utr1601	d9d1e4e5df0dbbd7a257f34264c808af	3213	donante	0.00306327
mvm_actual__3utr1601	d9d1e4e5df0dbbd7a257f34264c808af	3214	aceptor	1.95981e-06
mvm_actual__3utr1601	d9d1e4e5df0dbbd7a257f34264c808af	3214	donante	3.34752e-07
mvm_actual__3utr1601	d9d1e4e5df0dbbd7a257f34264c808af	3215	aceptor	2.51772e-07
mvm_actual__3utr1601	d9d1e4e5df0dbbd7a257f34264c808af	3215	donante	1.40115e-06
mvm_actual__3utr1601	d9d1e4e5df0dbbd7a257f34264c808af	3216	aceptor	4.0911e-07
mvm_actual__3utr1601	d9d1e4e5df0dbbd7a257f34264c808af	3216	donante	2.68994e-07
mvm_actual__3utr1601	d9d1e4e5df0dbbd7a257f34264c808af	3217	aceptor	5.0491e-08
mvm_actual__3utr1601	d9d1e4e5df0dbbd7a257f34264c808af	3217	donante	7.23042e-07
mvm_actual__3utr1601	d9d1e4e5df0dbbd7a257f34264c808af	3218	aceptor	2.56784e-07
mvm_actual__3utr1601	d9d1e4e5df0dbbd7a257f34264c808af	3218	donante	1.4289e-07
mvm_actual__3utr1601	d9d1e4e5df0dbbd7a257f34264c808af	3219	aceptor	5.26202e-08
mvm_actual__3utr1601	d9d1e4e5df0dbbd7a257f34264c808af	3219	donante	1.14682e-07
mvm_actual__3utr1601	d9d1e4e5df0dbbd7a257f34264c808af	3220	aceptor	3.6958e-07
mvm_actual__3utr1601	d9d1e4e5df0dbbd7a257f34264c808af	3220	donante	2.25123e-07
mvm_actual__3utr1601	d9d1e4e5df0dbbd7a257f34264c808af	3221	aceptor	2.24132e-07
mvm_actual__3utr1601	d9d1e4e5df0dbbd7a257f34264c808af	3221	donante	2.44897e-07
mvm_actual__3utr1601	d9d1e4e5df0dbbd7a257f34264c808af	3222	aceptor	2.64618e-07
mvm_actual__3utr1601	d9d1e4e5df0dbbd7a257f34264c808af	3222	donante	2.44374e-07
mvm_actual__3utr1601	d9d1e4e5df0dbbd7a257f34264c808af	3223	aceptor	4.53039e-07
mvm_actual__3utr1601	d9d1e4e5df0dbbd7a257f34264c808af	3223	donante	2.78657e-06
mvm_actual__3utr1601	d9d1e4e5df0dbbd7a257f34264c808af	3224	aceptor	7.3572e-08
mvm_actual__3utr1601	d9d1e4e5df0dbbd7a257f34264c808af	3224	donante	5.34669e-07
mvm_actual__3utr1601	d9d1e4e5df0dbbd7a257f34264c808af	3225	aceptor	2.32945e-07
mvm_actual__3utr1601	d9d1e4e5df0dbbd7a257f34264c808af	3225	donante	1.6915e-07
mvm_actual__3utr1601	d9d1e4e5df0dbbd7a257f34264c808af	3226	aceptor	3.51053e-08
mvm_actual__3utr1601	d9d1e4e5df0dbbd7a257f34264c808af	3226	donante	1.42237e-07
mvm_actual__3utr1601	d9d1e4e5df0dbbd7a257f34264c808af	3227	aceptor	5.87006e-08
mvm_actual__3utr1601	d9d1e4e5df0dbbd7a257f34264c808af	3227	donante	1.67359e-07
mvm_actual__3utr1601	d9d1e4e5df0dbbd7a257f34264c808af	3228	aceptor	2.68846e-07
mvm_actual__3utr1601	d9d1e4e5df0dbbd7a257f34264c808af	3228	donante	6.92234e-08
mvm_actual__3utr1601	d9d1e4e5df0dbbd7a257f34264c808af	3229	aceptor	3.89665e-08
mvm_actual__3utr1601	d9d1e4e5df0dbbd7a257f34264c808af	3229	donante	4.23085e-07
mvm_actual__3utr1601	d9d1e4e5df0dbbd7a257f34264c808af	3230	aceptor	2.99685e-06
mvm_actual__3utr1601	d9d1e4e5df0dbbd7a257f34264c808af	3230	donante	3.8318e-05
mvm_actual__3utr1601	d9d1e4e5df0dbbd7a257f34264c808af	3231	aceptor	6.85238e-08
mvm_actual__3utr1601	d9d1e4e5df0dbbd7a257f34264c808af	3231	donante	7.88566e-08
mvm_actual__3utr1601	d9d1e4e5df0dbbd7a257f34264c808af	3232	aceptor	1.16109e-05
mvm_actual__3utr1601	d9d1e4e5df0dbbd7a257f34264c808af	3232	donante	1.39012e-06
mvm_actual__3utr1601	d9d1e4e5df0dbbd7a257f34264c808af	3233	aceptor	6.99354e-08
mvm_actual__3utr1601	d9d1e4e5df0dbbd7a257f34264c808af	3233	donante	4.01378e-08
mvm_actual__3utr1601	d9d1e4e5df0dbbd7a257f34264c808af	3234	aceptor	7.2752e-08
mvm_actual__3utr1601	d9d1e4e5df0dbbd7a257f34264c808af	3234	donante	2.10458e-07
mvm_actual__3utr1601	d9d1e4e5df0dbbd7a257f34264c808af	3235	aceptor	6.13839e-08
mvm_actual__3utr1601	d9d1e4e5df0dbbd7a257f34264c808af	3235	donante	7.86803e-08
mvm_actual__3utr1601	d9d1e4e5df0dbbd7a257f34264c808af	3236	aceptor	1.01732e-06
mvm_actual__3utr1601	d9d1e4e5df0dbbd7a257f34264c808af	3236	donante	4.85971e-07
mvm_actual__3utr1601	d9d1e4e5df0dbbd7a257f34264c808af	3237	aceptor	1.1888e-07
mvm_actual__3utr1601	d9d1e4e5df0dbbd7a257f34264c808af	3237	donante	1.50839e-07
mvm_actual__3utr1601	d9d1e4e5df0dbbd7a257f34264c808af	3238	aceptor	1.24211e-07
mvm_actual__3utr1601	d9d1e4e5df0dbbd7a257f34264c808af	3238	donante	1.08567e-07
mvm_actual__3utr1601	d9d1e4e5df0dbbd7a257f34264c808af	3239	aceptor	2.77114e-07
mvm_actual__3utr1601	d9d1e4e5df0dbbd7a257f34264c808af	3239	donante	2.01925e-07
mvm_actual__3utr1601	d9d1e4e5df0dbbd7a257f34264c808af	3240	aceptor	2.54212e-07
mvm_actual__3utr1601	d9d1e4e5df0dbbd7a257f34264c808af	3240	donante	2.35387e-06
mvm_actual__3utr1601	d9d1e4e5df0dbbd7a257f34264c808af	3241	aceptor	4.89021e-06
mvm_actual__3utr1601	d9d1e4e5df0dbbd7a257f34264c808af	3241	donante	1.96057e-06
mvm_actual__3utr1601	d9d1e4e5df0dbbd7a257f34264c808af	3242	aceptor	5.3647e-08
mvm_actual__3utr1601	d9d1e4e5df0dbbd7a257f34264c808af	3242	donante	6.53029e-07
mvm_actual__3utr1601	d9d1e4e5df0dbbd7a257f34264c808af	3243	aceptor	2.36615e-07
mvm_actual__3utr1601	d9d1e4e5df0dbbd7a257f34264c808af	3243	donante	2.01651e-07
mvm_actual__3utr1601	d9d1e4e5df0dbbd7a257f34264c808af	3244	aceptor	4.30181e-08
mvm_actual__3utr1601	d9d1e4e5df0dbbd7a257f34264c808af	3244	donante	1.18095e-07
mvm_actual__3utr1601	d9d1e4e5df0dbbd7a257f34264c808af	3245	aceptor	2.51696e-07
mvm_actual__3utr1601	d9d1e4e5df0dbbd7a257f34264c808af	3245	donante	1.61132e-05
mvm_actual__3utr1601	d9d1e4e5df0dbbd7a257f34264c808af	3246	aceptor	1.61015e-07
mvm_actual__3utr1601	d9d1e4e5df0dbbd7a257f34264c808af	3246	donante	8.08611e-07
mvm_actual__3utr1601	d9d1e4e5df0dbbd7a257f34264c808af	3247	aceptor	2.94778e-07
mvm_actual__3utr1601	d9d1e4e5df0dbbd7a257f34264c808af	3247	donante	7.17414e-07
mvm_actual__3utr1601	d9d1e4e5df0dbbd7a257f34264c808af	3248	aceptor	7.94595e-08
mvm_actual__3utr1601	d9d1e4e5df0dbbd7a257f34264c808af	3248	donante	2.83155e-07
mvm_actual__3utr1601	d9d1e4e5df0dbbd7a257f34264c808af	3249	aceptor	2.24467e-07
mvm_actual__3utr1601	d9d1e4e5df0dbbd7a257f34264c808af	3249	donante	2.82703e-07
mvm_actual__3utr1601	d9d1e4e5df0dbbd7a257f34264c808af	3250	aceptor	1.01612e-07
mvm_actual__3utr1601	d9d1e4e5df0dbbd7a257f34264c808af	3250	donante	4.61074e-07
mvm_actual__3utr1601	d9d1e4e5df0dbbd7a257f34264c808af	3251	aceptor	8.21895e-06
mvm_actual__3utr1601	d9d1e4e5df0dbbd7a257f34264c808af	3251	donante	0.00635711
mvm_actual__3utr1601	d9d1e4e5df0dbbd7a257f34264c808af	3252	aceptor	1.3579e-05
mvm_actual__3utr1601	d9d1e4e5df0dbbd7a257f34264c808af	3252	donante	3.08959e-06
mvm_actual__3utr1601	d9d1e4e5df0dbbd7a257f34264c808af	3253	aceptor	3.82985e-07
mvm_actual__3utr1601	d9d1e4e5df0dbbd7a257f34264c808af	3253	donante	2.46698e-07
mvm_actual__3utr1601	d9d1e4e5df0dbbd7a257f34264c808af	3254	aceptor	6.29302e-08
mvm_actual__3utr1601	d9d1e4e5df0dbbd7a257f34264c808af	3254	donante	1.69621e-07
mvm_actual__3utr1601	d9d1e4e5df0dbbd7a257f34264c808af	3255	aceptor	4.69265e-07
mvm_actual__3utr1601	d9d1e4e5df0dbbd7a257f34264c808af	3255	donante	8.28505e-07
mvm_actual__3utr1601	d9d1e4e5df0dbbd7a257f34264c808af	3256	aceptor	4.42442e-07
mvm_actual__3utr1601	d9d1e4e5df0dbbd7a257f34264c808af	3256	donante	2.41518e-07
mvm_actual__3utr1601	d9d1e4e5df0dbbd7a257f34264c808af	3257	aceptor	2.97974e-07
mvm_actual__3utr1601	d9d1e4e5df0dbbd7a257f34264c808af	3257	donante	1.34771e-06
mvm_actual__3utr1601	d9d1e4e5df0dbbd7a257f34264c808af	3258	aceptor	7.70536e-07
mvm_actual__3utr1601	d9d1e4e5df0dbbd7a257f34264c808af	3258	donante	1.1143e-06
mvm_actual__3utr1601	d9d1e4e5df0dbbd7a257f34264c808af	3259	aceptor	6.55285e-07
mvm_actual__3utr1601	d9d1e4e5df0dbbd7a257f34264c808af	3259	donante	1.55559e-07
mvm_actual__3utr1601	d9d1e4e5df0dbbd7a257f34264c808af	3260	aceptor	2.011e-07
mvm_actual__3utr1601	d9d1e4e5df0dbbd7a257f34264c808af	3260	donante	2.70011e-07
mvm_actual__3utr1601	d9d1e4e5df0dbbd7a257f34264c808af	3261	aceptor	8.14974e-07
mvm_actual__3utr1601	d9d1e4e5df0dbbd7a257f34264c808af	3261	donante	1.00767e-05
mvm_actual__3utr1601	d9d1e4e5df0dbbd7a257f34264c808af	3262	aceptor	1.00432e-07
mvm_actual__3utr1601	d9d1e4e5df0dbbd7a257f34264c808af	3262	donante	2.21524e-07
mvm_actual__3utr1601	d9d1e4e5df0dbbd7a257f34264c808af	3263	aceptor	1.25399e-05
mvm_actual__3utr1601	d9d1e4e5df0dbbd7a257f34264c808af	3263	donante	8.03422e-07
mvm_actual__3utr1601	d9d1e4e5df0dbbd7a257f34264c808af	3264	aceptor	5.28355e-08
mvm_actual__3utr1601	d9d1e4e5df0dbbd7a257f34264c808af	3264	donante	2.14761e-07
mvm_actual__3utr1601	d9d1e4e5df0dbbd7a257f34264c808af	3265	aceptor	1.12008e-07
mvm_actual__3utr1601	d9d1e4e5df0dbbd7a257f34264c808af	3265	donante	3.1006e-07
mvm_actual__3utr1601	d9d1e4e5df0dbbd7a257f34264c808af	3266	aceptor	2.0916e-08
mvm_actual__3utr1601	d9d1e4e5df0dbbd7a257f34264c808af	3266	donante	1.69651e-07
mvm_actual__3utr1601	d9d1e4e5df0dbbd7a257f34264c808af	3267	aceptor	1.58376e-07
mvm_actual__3utr1601	d9d1e4e5df0dbbd7a257f34264c808af	3267	donante	1.3431e-06
mvm_actual__3utr1601	d9d1e4e5df0dbbd7a257f34264c808af	3268	aceptor	4.43132e-06
mvm_actual__3utr1601	d9d1e4e5df0dbbd7a257f34264c808af	3268	donante	8.20717e-07
mvm_actual__3utr1601	d9d1e4e5df0dbbd7a257f34264c808af	3269	aceptor	1.51729e-08
mvm_actual__3utr1601	d9d1e4e5df0dbbd7a257f34264c808af	3269	donante	1.47311e-07
mvm_actual__3utr1601	d9d1e4e5df0dbbd7a257f34264c808af	3270	aceptor	6.13714e-08
mvm_actual__3utr1601	d9d1e4e5df0dbbd7a257f34264c808af	3270	donante	5.50677e-08
mvm_actual__3utr1601	d9d1e4e5df0dbbd7a257f34264c808af	3271	aceptor	1.37662e-07
mvm_actual__3utr1601	d9d1e4e5df0dbbd7a257f34264c808af	3271	donante	4.42509e-07
mvm_actual__3utr1601	d9d1e4e5df0dbbd7a257f34264c808af	3272	aceptor	8.77598e-08
mvm_actual__3utr1601	d9d1e4e5df0dbbd7a257f34264c808af	3272	donante	4.36585e-07
mvm_actual__3utr1601	d9d1e4e5df0dbbd7a257f34264c808af	3273	aceptor	3.34162e-08
mvm_actual__3utr1601	d9d1e4e5df0dbbd7a257f34264c808af	3273	donante	2.89117e-07
mvm_actual__3utr1601	d9d1e4e5df0dbbd7a257f34264c808af	3274	aceptor	5.9668e-06
mvm_actual__3utr1601	d9d1e4e5df0dbbd7a257f34264c808af	3274	donante	6.3006e-07
mvm_actual__3utr1601	d9d1e4e5df0dbbd7a257f34264c808af	3275	aceptor	3.05829e-07
mvm_actual__3utr1601	d9d1e4e5df0dbbd7a257f34264c808af	3275	donante	5.8528e-05
mvm_actual__3utr1601	d9d1e4e5df0dbbd7a257f34264c808af	3276	aceptor	1.61234e-07
mvm_actual__3utr1601	d9d1e4e5df0dbbd7a257f34264c808af	3276	donante	1.47698e-07
mvm_actual__3utr1601	d9d1e4e5df0dbbd7a257f34264c808af	3277	aceptor	9.59299e-08
mvm_actual__3utr1601	d9d1e4e5df0dbbd7a257f34264c808af	3277	donante	4.6989e-07
mvm_actual__3utr1601	d9d1e4e5df0dbbd7a257f34264c808af	3278	aceptor	2.70994e-08
mvm_actual__3utr1601	d9d1e4e5df0dbbd7a257f34264c808af	3278	donante	5.65e-07
mvm_actual__3utr1601	d9d1e4e5df0dbbd7a257f34264c808af	3279	aceptor	2.81672e-08
mvm_actual__3utr1601	d9d1e4e5df0dbbd7a257f34264c808af	3279	donante	9.43463e-07
mvm_actual__3utr1601	d9d1e4e5df0dbbd7a257f34264c808af	3280	aceptor	2.35037e-07
mvm_actual__3utr1601	d9d1e4e5df0dbbd7a257f34264c808af	3280	donante	1.53695e-07
mvm_actual__3utr1601	d9d1e4e5df0dbbd7a257f34264c808af	3281	aceptor	8.24282e-08
mvm_actual__3utr1601	d9d1e4e5df0dbbd7a257f34264c808af	3281	donante	5.02973e-07
mvm_actual__3utr1601	d9d1e4e5df0dbbd7a257f34264c808af	3282	aceptor	3.1845e-08
mvm_actual__3utr1601	d9d1e4e5df0dbbd7a257f34264c808af	3282	donante	1.60843e-05
mvm_actual__3utr1601	d9d1e4e5df0dbbd7a257f34264c808af	3283	aceptor	2.24997e-07
mvm_actual__3utr1601	d9d1e4e5df0dbbd7a257f34264c808af	3283	donante	3.0363e-07
mvm_actual__3utr1601	d9d1e4e5df0dbbd7a257f34264c808af	3284	aceptor	1.65546e-07
mvm_actual__3utr1601	d9d1e4e5df0dbbd7a257f34264c808af	3284	donante	2.67645e-07
mvm_actual__3utr1601	d9d1e4e5df0dbbd7a257f34264c808af	3285	aceptor	1.56821e-07
mvm_actual__3utr1601	d9d1e4e5df0dbbd7a257f34264c808af	3285	donante	1.78599e-07
mvm_actual__3utr1601	d9d1e4e5df0dbbd7a257f34264c808af	3286	aceptor	6.45611e-08
mvm_actual__3utr1601	d9d1e4e5df0dbbd7a257f34264c808af	3286	donante	7.43898e-07
mvm_actual__3utr1601	d9d1e4e5df0dbbd7a257f34264c808af	3287	aceptor	1.35044e-06
mvm_actual__3utr1601	d9d1e4e5df0dbbd7a257f34264c808af	3287	donante	3.12968e-06
mvm_actual__3utr1601	d9d1e4e5df0dbbd7a257f34264c808af	3288	aceptor	2.2958e-07
mvm_actual__3utr1601	d9d1e4e5df0dbbd7a257f34264c808af	3288	donante	1.92735e-07
mvm_actual__3utr1601	d9d1e4e5df0dbbd7a257f34264c808af	3289	aceptor	1.01153e-07
mvm_actual__3utr1601	d9d1e4e5df0dbbd7a257f34264c808af	3289	donante	2.44727e-07
mvm_actual__3utr1601	d9d1e4e5df0dbbd7a257f34264c808af	3290	aceptor	5.16776e-08
mvm_actual__3utr1601	d9d1e4e5df0dbbd7a257f34264c808af	3290	donante	1.79762e-07
mvm_actual__3utr1601	d9d1e4e5df0dbbd7a257f34264c808af	3291	aceptor	4.95116e-08
mvm_actual__3utr1601	d9d1e4e5df0dbbd7a257f34264c808af	3291	donante	2.91181e-07
mvm_actual__3utr1601	d9d1e4e5df0dbbd7a257f34264c808af	3292	aceptor	5.07777e-07
mvm_actual__3utr1601	d9d1e4e5df0dbbd7a257f34264c808af	3292	donante	3.40867e-07
mvm_actual__3utr1601	d9d1e4e5df0dbbd7a257f34264c808af	3293	aceptor	1.04683e-06
mvm_actual__3utr1601	d9d1e4e5df0dbbd7a257f34264c808af	3293	donante	4.88415e-07
mvm_actual__3utr1601	d9d1e4e5df0dbbd7a257f34264c808af	3294	aceptor	7.61098e-07
mvm_actual__3utr1601	d9d1e4e5df0dbbd7a257f34264c808af	3294	donante	1.38663e-07
mvm_actual__3utr1601	d9d1e4e5df0dbbd7a257f34264c808af	3295	aceptor	7.01687e-08
mvm_actual__3utr1601	d9d1e4e5df0dbbd7a257f34264c808af	3295	donante	1.41534e-07
mvm_actual__3utr1601	d9d1e4e5df0dbbd7a257f34264c808af	3296	aceptor	6.01431e-07
mvm_actual__3utr1601	d9d1e4e5df0dbbd7a257f34264c808af	3296	donante	2.27545e-07
mvm_actual__3utr1601	d9d1e4e5df0dbbd7a257f34264c808af	3297	aceptor	2.15236e-07
mvm_actual__3utr1601	d9d1e4e5df0dbbd7a257f34264c808af	3297	donante	4.59214e-07
mvm_actual__3utr1601	d9d1e4e5df0dbbd7a257f34264c808af	3298	aceptor	3.06289e-07
mvm_actual__3utr1601	d9d1e4e5df0dbbd7a257f34264c808af	3298	donante	1.37275e-07
mvm_actual__3utr1601	d9d1e4e5df0dbbd7a257f34264c808af	3299	aceptor	1.29303e-07
mvm_actual__3utr1601	d9d1e4e5df0dbbd7a257f34264c808af	3299	donante	5.29933e-07
mvm_actual__3utr1601	d9d1e4e5df0dbbd7a257f34264c808af	3300	aceptor	1.44634e-06
mvm_actual__3utr1601	d9d1e4e5df0dbbd7a257f34264c808af	3300	donante	1.6953e-07
mvm_actual__3utr1601	d9d1e4e5df0dbbd7a257f34264c808af	3301	aceptor	1.32396e-07
mvm_actual__3utr1601	d9d1e4e5df0dbbd7a257f34264c808af	3301	donante	1.28807e-07
mvm_actual__3utr1601	d9d1e4e5df0dbbd7a257f34264c808af	3302	aceptor	2.00671e-07
mvm_actual__3utr1601	d9d1e4e5df0dbbd7a257f34264c808af	3302	donante	2.81447e-07
mvm_actual__3utr1601	d9d1e4e5df0dbbd7a257f34264c808af	3303	aceptor	5.03084e-06
mvm_actual__3utr1601	d9d1e4e5df0dbbd7a257f34264c808af	3303	donante	8.10743e-07
mvm_actual__3utr1601	d9d1e4e5df0dbbd7a257f34264c808af	3304	aceptor	4.16112e-07
mvm_actual__3utr1601	d9d1e4e5df0dbbd7a257f34264c808af	3304	donante	5.69211e-07
mvm_actual__3utr1601	d9d1e4e5df0dbbd7a257f34264c808af	3305	aceptor	9.06342e-08
mvm_actual__3utr1601	d9d1e4e5df0dbbd7a257f34264c808af	3305	donante	2.57586e-07
mvm_actual__3utr1601	d9d1e4e5df0dbbd7a257f34264c808af	3306	aceptor	2.3304e-07
mvm_actual__3utr1601	d9d1e4e5df0dbbd7a257f34264c808af	3306	donante	8.28187e-07
mvm_actual__3utr1601	d9d1e4e5df0dbbd7a257f34264c808af	3307	aceptor	9.32239e-08
mvm_actual__3utr1601	d9d1e4e5df0dbbd7a257f34264c808af	3307	donante	8.84e-07
mvm_actual__3utr1601	d9d1e4e5df0dbbd7a257f34264c808af	3308	aceptor	5.16215e-07
mvm_actual__3utr1601	d9d1e4e5df0dbbd7a257f34264c808af	3308	donante	5.73013e-07
mvm_actual__3utr1601	d9d1e4e5df0dbbd7a257f34264c808af	3309	aceptor	1.57982e-07
mvm_actual__3utr1601	d9d1e4e5df0dbbd7a257f34264c808af	3309	donante	3.66687e-07
mvm_actual__3utr1601	d9d1e4e5df0dbbd7a257f34264c808af	3310	aceptor	1.05903e-06
mvm_actual__3utr1601	d9d1e4e5df0dbbd7a257f34264c808af	3310	donante	8.18318e-07
mvm_actual__3utr1601	d9d1e4e5df0dbbd7a257f34264c808af	3311	aceptor	7.3314e-08
mvm_actual__3utr1601	d9d1e4e5df0dbbd7a257f34264c808af	3311	donante	1.50856e-07
mvm_actual__3utr1601	d9d1e4e5df0dbbd7a257f34264c808af	3312	aceptor	4.0428e-08
mvm_actual__3utr1601	d9d1e4e5df0dbbd7a257f34264c808af	3312	donante	1.53748e-07
mvm_actual__3utr1601	d9d1e4e5df0dbbd7a257f34264c808af	3313	aceptor	2.80386e-07
mvm_actual__3utr1601	d9d1e4e5df0dbbd7a257f34264c808af	3313	donante	9.35281e-07
mvm_actual__3utr1601	d9d1e4e5df0dbbd7a257f34264c808af	3314	aceptor	1.57397e-07
mvm_actual__3utr1601	d9d1e4e5df0dbbd7a257f34264c808af	3314	donante	6.21798e-07
mvm_actual__3utr1601	d9d1e4e5df0dbbd7a257f34264c808af	3315	aceptor	7.41919e-07
mvm_actual__3utr1601	d9d1e4e5df0dbbd7a257f34264c808af	3315	donante	4.07513e-07
mvm_actual__3utr1601	d9d1e4e5df0dbbd7a257f34264c808af	3316	aceptor	3.8843e-06
mvm_actual__3utr1601	d9d1e4e5df0dbbd7a257f34264c808af	3316	donante	1.39332e-06
mvm_actual__3utr1601	d9d1e4e5df0dbbd7a257f34264c808af	3317	aceptor	1.67396e-07
mvm_actual__3utr1601	d9d1e4e5df0dbbd7a257f34264c808af	3317	donante	3.15491e-07
mvm_actual__3utr1601	d9d1e4e5df0dbbd7a257f34264c808af	3318	aceptor	3.51138e-07
mvm_actual__3utr1601	d9d1e4e5df0dbbd7a257f34264c808af	3318	donante	2.34366e-07
mvm_actual__3utr1601	d9d1e4e5df0dbbd7a257f34264c808af	3319	aceptor	4.35178e-07
mvm_actual__3utr1601	d9d1e4e5df0dbbd7a257f34264c808af	3319	donante	3.18928e-07
mvm_actual__3utr1601	d9d1e4e5df0dbbd7a257f34264c808af	3320	aceptor	8.61671e-07
mvm_actual__3utr1601	d9d1e4e5df0dbbd7a257f34264c808af	3320	donante	4.58046e-07
mvm_actual__3utr1601	d9d1e4e5df0dbbd7a257f34264c808af	3321	aceptor	1.06607e-07
mvm_actual__3utr1601	d9d1e4e5df0dbbd7a257f34264c808af	3321	donante	4.82846e-07
mvm_actual__3utr1601	d9d1e4e5df0dbbd7a257f34264c808af	3322	aceptor	1.16669e-07
mvm_actual__3utr1601	d9d1e4e5df0dbbd7a257f34264c808af	3322	donante	3.73247e-07
mvm_actual__3utr1601	d9d1e4e5df0dbbd7a257f34264c808af	3323	aceptor	1.84054e-07
mvm_actual__3utr1601	d9d1e4e5df0dbbd7a257f34264c808af	3323	donante	1.69263e-06
mvm_actual__3utr1601	d9d1e4e5df0dbbd7a257f34264c808af	3324	aceptor	0.00169386
mvm_actual__3utr1601	d9d1e4e5df0dbbd7a257f34264c808af	3324	donante	8.41394e-06
mvm_actual__3utr1601	d9d1e4e5df0dbbd7a257f34264c808af	3325	aceptor	3.51506e-07
mvm_actual__3utr1601	d9d1e4e5df0dbbd7a257f34264c808af	3325	donante	1.4461e-06
mvm_actual__3utr1601	d9d1e4e5df0dbbd7a257f34264c808af	3326	aceptor	5.81835e-07
mvm_actual__3utr1601	d9d1e4e5df0dbbd7a257f34264c808af	3326	donante	1.1496e-06
mvm_actual__3utr1601	d9d1e4e5df0dbbd7a257f34264c808af	3327	aceptor	7.97799e-08
mvm_actual__3utr1601	d9d1e4e5df0dbbd7a257f34264c808af	3327	donante	2.35876e-07
mvm_actual__3utr1601	d9d1e4e5df0dbbd7a257f34264c808af	3328	aceptor	3.85589e-08
mvm_actual__3utr1601	d9d1e4e5df0dbbd7a257f34264c808af	3328	donante	1.21356e-06
mvm_actual__3utr1601	d9d1e4e5df0dbbd7a257f34264c808af	3329	aceptor	5.67101e-08
mvm_actual__3utr1601	d9d1e4e5df0dbbd7a257f34264c808af	3329	donante	1.14311e-07
mvm_actual__3utr1601	d9d1e4e5df0dbbd7a257f34264c808af	3330	aceptor	7.89392e-08
mvm_actual__3utr1601	d9d1e4e5df0dbbd7a257f34264c808af	3330	donante	4.20031e-07
mvm_actual__3utr1601	d9d1e4e5df0dbbd7a257f34264c808af	3331	aceptor	5.98037e-05
mvm_actual__3utr1601	d9d1e4e5df0dbbd7a257f34264c808af	3331	donante	3.56248e-05
mvm_actual__3utr1601	d9d1e4e5df0dbbd7a257f34264c808af	3332	aceptor	4.35763e-08
mvm_actual__3utr1601	d9d1e4e5df0dbbd7a257f34264c808af	3332	donante	5.23542e-06
mvm_actual__3utr1601	d9d1e4e5df0dbbd7a257f34264c808af	3333	aceptor	5.7217e-08
mvm_actual__3utr1601	d9d1e4e5df0dbbd7a257f34264c808af	3333	donante	2.6857e-07
mvm_actual__3utr1601	d9d1e4e5df0dbbd7a257f34264c808af	3334	aceptor	2.53545e-07
mvm_actual__3utr1601	d9d1e4e5df0dbbd7a257f34264c808af	3334	donante	4.38003e-07
mvm_actual__3utr1601	d9d1e4e5df0dbbd7a257f34264c808af	3335	aceptor	1.3681e-07
mvm_actual__3utr1601	d9d1e4e5df0dbbd7a257f34264c808af	3335	donante	1.15885e-06
mvm_actual__3utr1601	d9d1e4e5df0dbbd7a257f34264c808af	3336	aceptor	3.25034e-07
mvm_actual__3utr1601	d9d1e4e5df0dbbd7a257f34264c808af	3336	donante	9.17031e-06
mvm_actual__3utr1601	d9d1e4e5df0dbbd7a257f34264c808af	3337	aceptor	1.90755e-07
mvm_actual__3utr1601	d9d1e4e5df0dbbd7a257f34264c808af	3337	donante	3.97021e-07
mvm_actual__3utr1601	d9d1e4e5df0dbbd7a257f34264c808af	3338	aceptor	1.9255e-07
mvm_actual__3utr1601	d9d1e4e5df0dbbd7a257f34264c808af	3338	donante	1.97304e-06
mvm_actual__3utr1601	d9d1e4e5df0dbbd7a257f34264c808af	3339	aceptor	8.73971e-08
mvm_actual__3utr1601	d9d1e4e5df0dbbd7a257f34264c808af	3339	donante	7.68971e-07
mvm_actual__3utr1601	d9d1e4e5df0dbbd7a257f34264c808af	3340	aceptor	5.40072e-07
mvm_actual__3utr1601	d9d1e4e5df0dbbd7a257f34264c808af	3340	donante	4.82389e-07
mvm_actual__3utr1601	d9d1e4e5df0dbbd7a257f34264c808af	3341	aceptor	2.68807e-08
mvm_actual__3utr1601	d9d1e4e5df0dbbd7a257f34264c808af	3341	donante	2.30393e-07
mvm_actual__3utr1601	d9d1e4e5df0dbbd7a257f34264c808af	3342	aceptor	9.11252e-08
mvm_actual__3utr1601	d9d1e4e5df0dbbd7a257f34264c808af	3342	donante	8.91494e-06
mvm_actual__3utr1601	d9d1e4e5df0dbbd7a257f34264c808af	3343	aceptor	1.11634e-07
mvm_actual__3utr1601	d9d1e4e5df0dbbd7a257f34264c808af	3343	donante	3.3277e-07
mvm_actual__3utr1601	d9d1e4e5df0dbbd7a257f34264c808af	3344	aceptor	7.48999e-08
mvm_actual__3utr1601	d9d1e4e5df0dbbd7a257f34264c808af	3344	donante	5.4244e-07
mvm_actual__3utr1601	d9d1e4e5df0dbbd7a257f34264c808af	3345	aceptor	9.28956e-07
mvm_actual__3utr1601	d9d1e4e5df0dbbd7a257f34264c808af	3345	donante	3.92989e-07
mvm_actual__3utr1601	d9d1e4e5df0dbbd7a257f34264c808af	3346	aceptor	3.3014e-07
mvm_actual__3utr1601	d9d1e4e5df0dbbd7a257f34264c808af	3346	donante	3.40542e-06
mvm_actual__3utr1601	d9d1e4e5df0dbbd7a257f34264c808af	3347	aceptor	5.9205e-07
mvm_actual__3utr1601	d9d1e4e5df0dbbd7a257f34264c808af	3347	donante	3.52427e-06
mvm_actual__3utr1601	d9d1e4e5df0dbbd7a257f34264c808af	3348	aceptor	2.07293e-08
mvm_actual__3utr1601	d9d1e4e5df0dbbd7a257f34264c808af	3348	donante	1.04812e-05
mvm_actual__3utr1601	d9d1e4e5df0dbbd7a257f34264c808af	3349	aceptor	7.23434e-08
mvm_actual__3utr1601	d9d1e4e5df0dbbd7a257f34264c808af	3349	donante	2.37559e-07
mvm_actual__3utr1601	d9d1e4e5df0dbbd7a257f34264c808af	3350	aceptor	2.31781e-07
mvm_actual__3utr1601	d9d1e4e5df0dbbd7a257f34264c808af	3350	donante	6.27446e-05
mvm_actual__3utr1601	d9d1e4e5df0dbbd7a257f34264c808af	3351	aceptor	1.45707e-07
mvm_actual__3utr1601	d9d1e4e5df0dbbd7a257f34264c808af	3351	donante	1.01072e-06
mvm_actual__3utr1601	d9d1e4e5df0dbbd7a257f34264c808af	3352	aceptor	2.10661e-06
mvm_actual__3utr1601	d9d1e4e5df0dbbd7a257f34264c808af	3352	donante	0.00631057
mvm_actual__3utr1601	d9d1e4e5df0dbbd7a257f34264c808af	3353	aceptor	2.3171e-07
mvm_actual__3utr1601	d9d1e4e5df0dbbd7a257f34264c808af	3353	donante	1.14513e-06
mvm_actual__3utr1601	d9d1e4e5df0dbbd7a257f34264c808af	3354	aceptor	1.51734e-06
mvm_actual__3utr1601	d9d1e4e5df0dbbd7a257f34264c808af	3354	donante	3.16183e-07
mvm_actual__3utr1601	d9d1e4e5df0dbbd7a257f34264c808af	3355	aceptor	3.64565e-08
mvm_actual__3utr1601	d9d1e4e5df0dbbd7a257f34264c808af	3355	donante	1.36639e-07
mvm_actual__3utr1601	d9d1e4e5df0dbbd7a257f34264c808af	3356	aceptor	1.05811e-07
mvm_actual__3utr1601	d9d1e4e5df0dbbd7a257f34264c808af	3356	donante	6.31519e-07
mvm_actual__3utr1601	d9d1e4e5df0dbbd7a257f34264c808af	3357	aceptor	1.24668e-07
mvm_actual__3utr1601	d9d1e4e5df0dbbd7a257f34264c808af	3357	donante	2.77964e-08
mvm_actual__3utr1601	d9d1e4e5df0dbbd7a257f34264c808af	3358	aceptor	4.70354e-08
mvm_actual__3utr1601	d9d1e4e5df0dbbd7a257f34264c808af	3358	donante	1.71792e-07
mvm_actual__3utr1601	d9d1e4e5df0dbbd7a257f34264c808af	3359	aceptor	2.36231e-05
mvm_actual__3utr1601	d9d1e4e5df0dbbd7a257f34264c808af	3359	donante	2.5869e-07
mvm_actual__3utr1601	d9d1e4e5df0dbbd7a257f34264c808af	3360	aceptor	2.53084e-08
mvm_actual__3utr1601	d9d1e4e5df0dbbd7a257f34264c808af	3360	donante	1.85833e-08
mvm_actual__3utr1601	d9d1e4e5df0dbbd7a257f34264c808af	3361	aceptor	1.76683e-07
mvm_actual__3utr1601	d9d1e4e5df0dbbd7a257f34264c808af	3361	donante	6.89651e-09
mvm_actual__3utr1601	d9d1e4e5df0dbbd7a257f34264c808af	3362	aceptor	1.33039e-07
mvm_actual__3utr1601	d9d1e4e5df0dbbd7a257f34264c808af	3362	donante	3.71039e-08
mvm_actual__3utr1601	d9d1e4e5df0dbbd7a257f34264c808af	3363	aceptor	3.9678e-08
mvm_actual__3utr1601	d9d1e4e5df0dbbd7a257f34264c808af	3363	donante	3.05465e-07
mvm_actual__3utr1601	d9d1e4e5df0dbbd7a257f34264c808af	3364	aceptor	7.20667e-08
mvm_actual__3utr1601	d9d1e4e5df0dbbd7a257f34264c808af	3364	donante	1.04631e-08
mvm_actual__3utr1601	d9d1e4e5df0dbbd7a257f34264c808af	3365	aceptor	1.14797e-06
mvm_actual__3utr1601	d9d1e4e5df0dbbd7a257f34264c808af	3365	donante	2.31662e-08
mvm_actual__3utr1601	d9d1e4e5df0dbbd7a257f34264c808af	3366	aceptor	5.46399e-08
mvm_actual__3utr1601	d9d1e4e5df0dbbd7a257f34264c808af	3366	donante	1.0693e-08
mvm_actual__3utr1601	d9d1e4e5df0dbbd7a257f34264c808af	3367	aceptor	9.22806e-08
mvm_actual__3utr1601	d9d1e4e5df0dbbd7a257f34264c808af	3367	donante	7.30831e-08
mvm_actual__3utr1601	d9d1e4e5df0dbbd7a257f34264c808af	3368	aceptor	2.54388e-08
mvm_actual__3utr1601	d9d1e4e5df0dbbd7a257f34264c808af	3368	donante	8.42147e-09
mvm_actual__3utr1601	d9d1e4e5df0dbbd7a257f34264c808af	3369	aceptor	4.75431e-08
mvm_actual__3utr1601	d9d1e4e5df0dbbd7a257f34264c808af	3369	donante	9.56686e-09
mvm_actual__3utr1601	d9d1e4e5df0dbbd7a257f34264c808af	3370	aceptor	7.8629e-08
mvm_actual__3utr1601	d9d1e4e5df0dbbd7a257f34264c808af	3370	donante	2.7221e-09
mvm_actual__3utr1601	d9d1e4e5df0dbbd7a257f34264c808af	3371	aceptor	3.67743e-07
mvm_actual__3utr1601	d9d1e4e5df0dbbd7a257f34264c808af	3371	donante	9.63963e-07
mvm_actual__3utr1601	d9d1e4e5df0dbbd7a257f34264c808af	3372	aceptor	4.2136e-07
mvm_actual__3utr1601	d9d1e4e5df0dbbd7a257f34264c808af	3372	donante	6.56113e-09
mvm_actual__3utr1601	d9d1e4e5df0dbbd7a257f34264c808af	3373	aceptor	2.31661e-08
mvm_actual__3utr1601	d9d1e4e5df0dbbd7a257f34264c808af	3373	donante	5.19427e-09
mvm_actual__3utr1601	d9d1e4e5df0dbbd7a257f34264c808af	3374	aceptor	9.89007e-08
mvm_actual__3utr1601	d9d1e4e5df0dbbd7a257f34264c808af	3374	donante	5.57723e-09
mvm_actual__3utr1601	d9d1e4e5df0dbbd7a257f34264c808af	3375	aceptor	7.48191e-08
mvm_actual__3utr1601	d9d1e4e5df0dbbd7a257f34264c808af	3375	donante	3.06944e-09
mvm_actual__3utr1601	d9d1e4e5df0dbbd7a257f34264c808af	3376	aceptor	4.46572e-07
mvm_actual__3utr1601	d9d1e4e5df0dbbd7a257f34264c808af	3376	donante	3.82191e-07
mvm_actual__3utr1601	d9d1e4e5df0dbbd7a257f34264c808af	3377	aceptor	7.95508e-08
mvm_actual__3utr1601	d9d1e4e5df0dbbd7a257f34264c808af	3377	donante	5.02664e-09
mvm_actual__3utr1601	d9d1e4e5df0dbbd7a257f34264c808af	3378	aceptor	3.79694e-07
mvm_actual__3utr1601	d9d1e4e5df0dbbd7a257f34264c808af	3378	donante	3.84984e-09
mvm_actual__3utr1601	d9d1e4e5df0dbbd7a257f34264c808af	3379	aceptor	1.69632e-07
mvm_actual__3utr1601	d9d1e4e5df0dbbd7a257f34264c808af	3379	donante	7.85596e-08
mvm_actual__3utr1601	d9d1e4e5df0dbbd7a257f34264c808af	3380	aceptor	4.99959e-07
mvm_actual__3utr1601	d9d1e4e5df0dbbd7a257f34264c808af	3380	donante	7.43328e-07
mvm_actual__3utr1601	d9d1e4e5df0dbbd7a257f34264c808af	3381	aceptor	2.48871e-07
mvm_actual__3utr1601	d9d1e4e5df0dbbd7a257f34264c808af	3381	donante	5.84e-09
mvm_actual__3utr1601	d9d1e4e5df0dbbd7a257f34264c808af	3382	aceptor	6.10807e-07
mvm_actual__3utr1601	d9d1e4e5df0dbbd7a257f34264c808af	3382	donante	2.06745e-09
mvm_actual__3utr1601	d9d1e4e5df0dbbd7a257f34264c808af	3383	aceptor	5.27543e-08
mvm_actual__3utr1601	d9d1e4e5df0dbbd7a257f34264c808af	3383	donante	7.11203e-09
mvm_actual__3utr1601	d9d1e4e5df0dbbd7a257f34264c808af	3384	aceptor	1.08527e-06
mvm_actual__3utr1601	d9d1e4e5df0dbbd7a257f34264c808af	3384	donante	4.61863e-07
mvm_actual__3utr1601	d9d1e4e5df0dbbd7a257f34264c808af	3385	aceptor	3.08825e-07
mvm_actual__3utr1601	d9d1e4e5df0dbbd7a257f34264c808af	3385	donante	1.25516e-08
mvm_actual__3utr1601	d9d1e4e5df0dbbd7a257f34264c808af	3386	aceptor	4.3502e-05
mvm_actual__3utr1601	d9d1e4e5df0dbbd7a257f34264c808af	3386	donante	2.46556e-08
mvm_actual__3utr1601	d9d1e4e5df0dbbd7a257f34264c808af	3387	aceptor	7.99375e-07
mvm_actual__3utr1601	d9d1e4e5df0dbbd7a257f34264c808af	3387	donante	7.12818e-09
mvm_actual__3utr1601	d9d1e4e5df0dbbd7a257f34264c808af	3388	aceptor	3.41159e-07
mvm_actual__3utr1601	d9d1e4e5df0dbbd7a257f34264c808af	3388	donante	1.77061e-08
mvm_actual__3utr1601	d9d1e4e5df0dbbd7a257f34264c808af	3389	aceptor	1.65702e-06
mvm_actual__3utr1601	d9d1e4e5df0dbbd7a257f34264c808af	3389	donante	1.63693e-08
mvm_actual__3utr1601	d9d1e4e5df0dbbd7a257f34264c808af	3390	aceptor	5.87335e-08
mvm_actual__3utr1601	d9d1e4e5df0dbbd7a257f34264c808af	3390	donante	6.42954e-09
mvm_actual__3utr1601	d9d1e4e5df0dbbd7a257f34264c808af	3391	aceptor	1.48627e-07
mvm_actual__3utr1601	d9d1e4e5df0dbbd7a257f34264c808af	3391	donante	1.04558e-08
mvm_actual__3utr1601	d9d1e4e5df0dbbd7a257f34264c808af	3392	aceptor	3.08722e-07
mvm_actual__3utr1601	d9d1e4e5df0dbbd7a257f34264c808af	3392	donante	4.69461e-08
mvm_actual__3utr1601	d9d1e4e5df0dbbd7a257f34264c808af	3393	aceptor	6.64188e-07
mvm_actual__3utr1601	d9d1e4e5df0dbbd7a257f34264c808af	3393	donante	6.1386e-09
mvm_actual__3utr1601	d9d1e4e5df0dbbd7a257f34264c808af	3394	aceptor	1.88375e-07
mvm_actual__3utr1601	d9d1e4e5df0dbbd7a257f34264c808af	3394	donante	4.94725e-09
mvm_actual__3utr1601	d9d1e4e5df0dbbd7a257f34264c808af	3395	aceptor	3.37208e-07
mvm_actual__3utr1601	d9d1e4e5df0dbbd7a257f34264c808af	3395	donante	1.22912e-08
mvm_actual__3utr1601	d9d1e4e5df0dbbd7a257f34264c808af	3396	aceptor	3.70613e-07
mvm_actual__3utr1601	d9d1e4e5df0dbbd7a257f34264c808af	3396	donante	1.28722e-08
mvm_actual__3utr1601	d9d1e4e5df0dbbd7a257f34264c808af	3397	aceptor	3.20355e-06
mvm_actual__3utr1601	d9d1e4e5df0dbbd7a257f34264c808af	3397	donante	3.83978e-09
mvm_actual__3utr1601	d9d1e4e5df0dbbd7a257f34264c808af	3398	aceptor	3.51662e-07
mvm_actual__3utr1601	d9d1e4e5df0dbbd7a257f34264c808af	3398	donante	8.96513e-09
mvm_actual__3utr1601	d9d1e4e5df0dbbd7a257f34264c808af	3399	aceptor	1.71725e-06
mvm_actual__3utr1601	d9d1e4e5df0dbbd7a257f34264c808af	3399	donante	2.16956e-08
mvm_actual__3utr1601	d9d1e4e5df0dbbd7a257f34264c808af	3400	aceptor	2.17017e-06
mvm_actual__3utr1601	d9d1e4e5df0dbbd7a257f34264c808af	3400	donante	6.03988e-09
mvm_actual__3utr1601	d9d1e4e5df0dbbd7a257f34264c808af	3401	aceptor	1.47866e-06
mvm_actual__3utr1601	d9d1e4e5df0dbbd7a257f34264c808af	3401	donante	8.52474e-09
mvm_actual__3utr1601	d9d1e4e5df0dbbd7a257f34264c808af	3402	aceptor	1.9271e-07
mvm_actual__3utr1601	d9d1e4e5df0dbbd7a257f34264c808af	3402	donante	1.91736e-08
mvm_actual__3utr1601	d9d1e4e5df0dbbd7a257f34264c808af	3403	aceptor	0.00054328
mvm_actual__3utr1601	d9d1e4e5df0dbbd7a257f34264c808af	3403	donante	4.5042e-07
mvm_actual__3utr1601	d9d1e4e5df0dbbd7a257f34264c808af	3404	aceptor	1.9302e-06
mvm_actual__3utr1601	d9d1e4e5df0dbbd7a257f34264c808af	3404	donante	6.80663e-09
mvm_actual__3utr1601	d9d1e4e5df0dbbd7a257f34264c808af	3405	aceptor	1.41277e-06
mvm_actual__3utr1601	d9d1e4e5df0dbbd7a257f34264c808af	3405	donante	3.86941e-08
mvm_actual__3utr1601	d9d1e4e5df0dbbd7a257f34264c808af	3406	aceptor	0.000245314
mvm_actual__3utr1601	d9d1e4e5df0dbbd7a257f34264c808af	3406	donante	2.22951e-07
mvm_actual__3utr1601	d9d1e4e5df0dbbd7a257f34264c808af	3407	aceptor	1.56351e-05
mvm_actual__3utr1601	d9d1e4e5df0dbbd7a257f34264c808af	3407	donante	8.85501e-08
mvm_actual__3utr1601	d9d1e4e5df0dbbd7a257f34264c808af	3408	aceptor	1.34678e-05
mvm_actual__3utr1601	d9d1e4e5df0dbbd7a257f34264c808af	3408	donante	7.09353e-08
mvm_actual__3utr1601	d9d1e4e5df0dbbd7a257f34264c808af	3409	aceptor	1.80235e-05
mvm_actual__3utr1601	d9d1e4e5df0dbbd7a257f34264c808af	3409	donante	5.30887e-08
mvm_actual__3utr1601	d9d1e4e5df0dbbd7a257f34264c808af	3410	aceptor	4.02603e-06
mvm_actual__3utr1601	d9d1e4e5df0dbbd7a257f34264c808af	3410	donante	5.4997e-08
mvm_actual__3utr1601	d9d1e4e5df0dbbd7a257f34264c808af	3411	aceptor	7.46448e-07
mvm_actual__3utr1601	d9d1e4e5df0dbbd7a257f34264c808af	3411	donante	2.98482e-08
mvm_actual__3utr1601	d9d1e4e5df0dbbd7a257f34264c808af	3412	aceptor	1.41876e-06
mvm_actual__3utr1601	d9d1e4e5df0dbbd7a257f34264c808af	3412	donante	7.87592e-08
mvm_actual__3utr1601	d9d1e4e5df0dbbd7a257f34264c808af	3413	aceptor	2.23094e-06
mvm_actual__3utr1601	d9d1e4e5df0dbbd7a257f34264c808af	3413	donante	3.84382e-08
mvm_actual__3utr1601	d9d1e4e5df0dbbd7a257f34264c808af	3414	aceptor	3.70706e-07
mvm_actual__3utr1601	d9d1e4e5df0dbbd7a257f34264c808af	3414	donante	7.41629e-08
mvm_actual__3utr1601	d9d1e4e5df0dbbd7a257f34264c808af	3415	aceptor	1.01169e-06
mvm_actual__3utr1601	d9d1e4e5df0dbbd7a257f34264c808af	3415	donante	1.49589e-08
mvm_actual__3utr1601	d9d1e4e5df0dbbd7a257f34264c808af	3416	aceptor	5.63126e-06
mvm_actual__3utr1601	d9d1e4e5df0dbbd7a257f34264c808af	3416	donante	5.86412e-08
mvm_actual__3utr1601	d9d1e4e5df0dbbd7a257f34264c808af	3417	aceptor	1.90422e-06
mvm_actual__3utr1601	d9d1e4e5df0dbbd7a257f34264c808af	3417	donante	5.83364e-08
mvm_actual__3utr1601	d9d1e4e5df0dbbd7a257f34264c808af	3418	aceptor	2.30639e-06
mvm_actual__3utr1601	d9d1e4e5df0dbbd7a257f34264c808af	3418	donante	2.8485e-08
mvm_actual__3utr1601	d9d1e4e5df0dbbd7a257f34264c808af	3419	aceptor	5.37392e-07
mvm_actual__3utr1601	d9d1e4e5df0dbbd7a257f34264c808af	3419	donante	3.09737e-08
mvm_actual__3utr1601	d9d1e4e5df0dbbd7a257f34264c808af	3420	aceptor	8.44721e-06
mvm_actual__3utr1601	d9d1e4e5df0dbbd7a257f34264c808af	3420	donante	5.80707e-08
mvm_actual__3utr1601	d9d1e4e5df0dbbd7a257f34264c808af	3421	aceptor	1.87999e-06
mvm_actual__3utr1601	d9d1e4e5df0dbbd7a257f34264c808af	3421	donante	2.19805e-08
mvm_actual__3utr1601	d9d1e4e5df0dbbd7a257f34264c808af	3422	aceptor	1.47688e-06
mvm_actual__3utr1601	d9d1e4e5df0dbbd7a257f34264c808af	3422	donante	7.1533e-08
mvm_actual__3utr1601	d9d1e4e5df0dbbd7a257f34264c808af	3423	aceptor	6.11141e-07
mvm_actual__3utr1601	d9d1e4e5df0dbbd7a257f34264c808af	3423	donante	2.21282e-08
mvm_actual__3utr1601	d9d1e4e5df0dbbd7a257f34264c808af	3424	aceptor	6.86734e-07
mvm_actual__3utr1601	d9d1e4e5df0dbbd7a257f34264c808af	3424	donante	1.97684e-08
mvm_actual__3utr1601	d9d1e4e5df0dbbd7a257f34264c808af	3425	aceptor	5.7047e-07
mvm_actual__3utr1601	d9d1e4e5df0dbbd7a257f34264c808af	3425	donante	4.82976e-08
mvm_actual__3utr1601	d9d1e4e5df0dbbd7a257f34264c808af	3426	aceptor	1.30321e-06
mvm_actual__3utr1601	d9d1e4e5df0dbbd7a257f34264c808af	3426	donante	7.02478e-08
mvm_actual__3utr1601	d9d1e4e5df0dbbd7a257f34264c808af	3427	aceptor	2.13978e-06
mvm_actual__3utr1601	d9d1e4e5df0dbbd7a257f34264c808af	3427	donante	1.25523e-07
mvm_actual__3utr1601	d9d1e4e5df0dbbd7a257f34264c808af	3428	aceptor	3.65655e-07
mvm_actual__3utr1601	d9d1e4e5df0dbbd7a257f34264c808af	3428	donante	5.52924e-08
mvm_actual__3utr1601	d9d1e4e5df0dbbd7a257f34264c808af	3429	aceptor	6.16685e-06
mvm_actual__3utr1601	d9d1e4e5df0dbbd7a257f34264c808af	3429	donante	4.9421e-05
mvm_actual__3utr1601	d9d1e4e5df0dbbd7a257f34264c808af	3430	aceptor	0.884363
mvm_actual__3utr1601	d9d1e4e5df0dbbd7a257f34264c808af	3430	donante	8.92126e-06
mvm_actual__3utr1601	d9d1e4e5df0dbbd7a257f34264c808af	3431	aceptor	2.12976e-06
mvm_actual__3utr1601	d9d1e4e5df0dbbd7a257f34264c808af	3431	donante	1.48689e-07
mvm_actual__3utr1601	d9d1e4e5df0dbbd7a257f34264c808af	3432	aceptor	1.57858e-06
mvm_actual__3utr1601	d9d1e4e5df0dbbd7a257f34264c808af	3432	donante	5.90779e-08
mvm_actual__3utr1601	d9d1e4e5df0dbbd7a257f34264c808af	3433	aceptor	2.5727e-06
mvm_actual__3utr1601	d9d1e4e5df0dbbd7a257f34264c808af	3433	donante	1.34051e-07
mvm_actual__3utr1601	d9d1e4e5df0dbbd7a257f34264c808af	3434	aceptor	6.76857e-05
mvm_actual__3utr1601	d9d1e4e5df0dbbd7a257f34264c808af	3434	donante	3.01309e-07
mvm_actual__3utr1601	d9d1e4e5df0dbbd7a257f34264c808af	3435	aceptor	4.62742e-06
mvm_actual__3utr1601	d9d1e4e5df0dbbd7a257f34264c808af	3435	donante	2.79252e-07
mvm_actual__3utr1601	d9d1e4e5df0dbbd7a257f34264c808af	3436	aceptor	4.40044e-07
mvm_actual__3utr1601	d9d1e4e5df0dbbd7a257f34264c808af	3436	donante	4.08016e-08
mvm_actual__3utr1601	d9d1e4e5df0dbbd7a257f34264c808af	3437	aceptor	4.13879e-06
mvm_actual__3utr1601	d9d1e4e5df0dbbd7a257f34264c808af	3437	donante	1.09618e-07
mvm_actual__3utr1601	d9d1e4e5df0dbbd7a257f34264c808af	3438	aceptor	1.2282e-05
mvm_actual__3utr1601	d9d1e4e5df0dbbd7a257f34264c808af	3438	donante	2.56386e-05
mvm_actual__3utr1601	d9d1e4e5df0dbbd7a257f34264c808af	3439	aceptor	4.84174e-05
mvm_actual__3utr1601	d9d1e4e5df0dbbd7a257f34264c808af	3439	donante	1.63365e-06
mvm_actual__3utr1601	d9d1e4e5df0dbbd7a257f34264c808af	3440	aceptor	5.67733e-06
mvm_actual__3utr1601	d9d1e4e5df0dbbd7a257f34264c808af	3440	donante	8.51848e-07
mvm_actual__3utr1684	5acc04a09eccde3c1064aa9d2f2daf6f	429	aceptor	7.30249e-05
mvm_actual__3utr1684	5acc04a09eccde3c1064aa9d2f2daf6f	429	donante	0.108578
mvm_actual__3utr1684	5acc04a09eccde3c1064aa9d2f2daf6f	1131	aceptor	1.76198e-05
mvm_actual__3utr1684	5acc04a09eccde3c1064aa9d2f2daf6f	1131	donante	0.0607534
mvm_actual__3utr1684	5acc04a09eccde3c1064aa9d2f2daf6f	1156	aceptor	4.95864e-06
mvm_actual__3utr1684	5acc04a09eccde3c1064aa9d2f2daf6f	1156	donante	0.0559987
mvm_actual__3utr1684	5acc04a09eccde3c1064aa9d2f2daf6f	1516	aceptor	6.54578e-05
mvm_actual__3utr1684	5acc04a09eccde3c1064aa9d2f2daf6f	1516	donante	0.757129
mvm_actual__3utr1684	5acc04a09eccde3c1064aa9d2f2daf6f	3120	aceptor	6.53189e-07
mvm_actual__3utr1684	5acc04a09eccde3c1064aa9d2f2daf6f	3120	donante	8.41836e-07
mvm_actual__3utr1684	5acc04a09eccde3c1064aa9d2f2daf6f	3121	aceptor	9.97467e-08
mvm_actual__3utr1684	5acc04a09eccde3c1064aa9d2f2daf6f	3121	donante	1.61418e-06
mvm_actual__3utr1684	5acc04a09eccde3c1064aa9d2f2daf6f	3122	aceptor	6.92518e-06
mvm_actual__3utr1684	5acc04a09eccde3c1064aa9d2f2daf6f	3122	donante	3.48287e-06
mvm_actual__3utr1684	5acc04a09eccde3c1064aa9d2f2daf6f	3123	aceptor	1.43333e-07
mvm_actual__3utr1684	5acc04a09eccde3c1064aa9d2f2daf6f	3123	donante	1.18114e-06
mvm_actual__3utr1684	5acc04a09eccde3c1064aa9d2f2daf6f	3124	aceptor	2.44439e-07
mvm_actual__3utr1684	5acc04a09eccde3c1064aa9d2f2daf6f	3124	donante	2.2252e-05
mvm_actual__3utr1684	5acc04a09eccde3c1064aa9d2f2daf6f	3125	aceptor	6.9769e-07
mvm_actual__3utr1684	5acc04a09eccde3c1064aa9d2f2daf6f	3125	donante	9.0009e-07
mvm_actual__3utr1684	5acc04a09eccde3c1064aa9d2f2daf6f	3126	aceptor	1.13947e-05
mvm_actual__3utr1684	5acc04a09eccde3c1064aa9d2f2daf6f	3126	donante	0.0128656
mvm_actual__3utr1684	5acc04a09eccde3c1064aa9d2f2daf6f	3127	aceptor	1.87898e-07
mvm_actual__3utr1684	5acc04a09eccde3c1064aa9d2f2daf6f	3127	donante	6.57027e-07
mvm_actual__3utr1684	5acc04a09eccde3c1064aa9d2f2daf6f	3128	aceptor	1.28108e-07
mvm_actual__3utr1684	5acc04a09eccde3c1064aa9d2f2daf6f	3128	donante	2.70043e-07
mvm_actual__3utr1684	5acc04a09eccde3c1064aa9d2f2daf6f	3129	aceptor	1.86342e-07
mvm_actual__3utr1684	5acc04a09eccde3c1064aa9d2f2daf6f	3129	donante	5.05495e-07
mvm_actual__3utr1684	5acc04a09eccde3c1064aa9d2f2daf6f	3130	aceptor	4.67823e-07
mvm_actual__3utr1684	5acc04a09eccde3c1064aa9d2f2daf6f	3130	donante	3.92302e-06
mvm_actual__3utr1684	5acc04a09eccde3c1064aa9d2f2daf6f	3131	aceptor	1.42992e-07
mvm_actual__3utr1684	5acc04a09eccde3c1064aa9d2f2daf6f	3131	donante	6.26078e-07
mvm_actual__3utr1684	5acc04a09eccde3c1064aa9d2f2daf6f	3132	aceptor	1.46672e-06
mvm_actual__3utr1684	5acc04a09eccde3c1064aa9d2f2daf6f	3132	donante	8.60289e-07
mvm_actual__3utr1684	5acc04a09eccde3c1064aa9d2f2daf6f	3133	aceptor	3.37956e-05
mvm_actual__3utr1684	5acc04a09eccde3c1064aa9d2f2daf6f	3133	donante	0.871444
mvm_actual__3utr1684	5acc04a09eccde3c1064aa9d2f2daf6f	3134	aceptor	2.73545e-07
mvm_actual__3utr1684	5acc04a09eccde3c1064aa9d2f2daf6f	3134	donante	2.4297e-07
mvm_actual__3utr1684	5acc04a09eccde3c1064aa9d2f2daf6f	3135	aceptor	3.56468e-08
mvm_actual__3utr1684	5acc04a09eccde3c1064aa9d2f2daf6f	3135	donante	1.74118e-06
mvm_actual__3utr1684	5acc04a09eccde3c1064aa9d2f2daf6f	3136	aceptor	3.86515e-08
mvm_actual__3utr1684	5acc04a09eccde3c1064aa9d2f2daf6f	3136	donante	1.54775e-06
mvm_actual__3utr1684	5acc04a09eccde3c1064aa9d2f2daf6f	3137	aceptor	5.70897e-08
mvm_actual__3utr1684	5acc04a09eccde3c1064aa9d2f2daf6f	3137	donante	1.53788e-06
mvm_actual__3utr1684	5acc04a09eccde3c1064aa9d2f2daf6f	3138	aceptor	1.44446e-07
mvm_actual__3utr1684	5acc04a09eccde3c1064aa9d2f2daf6f	3138	donante	1.15704e-06
mvm_actual__3utr1684	5acc04a09eccde3c1064aa9d2f2daf6f	3139	aceptor	1.67143e-06
mvm_actual__3utr1684	5acc04a09eccde3c1064aa9d2f2daf6f	3139	donante	4.09174e-05
mvm_actual__3utr1684	5acc04a09eccde3c1064aa9d2f2daf6f	3140	aceptor	1.16855e-07
mvm_actual__3utr1684	5acc04a09eccde3c1064aa9d2f2daf6f	3140	donante	3.50388e-07
mvm_actual__3utr1684	5acc04a09eccde3c1064aa9d2f2daf6f	3141	aceptor	5.79284e-08
mvm_actual__3utr1684	5acc04a09eccde3c1064aa9d2f2daf6f	3141	donante	3.94343e-07
mvm_actual__3utr1684	5acc04a09eccde3c1064aa9d2f2daf6f	3142	aceptor	1.26045e-08
mvm_actual__3utr1684	5acc04a09eccde3c1064aa9d2f2daf6f	3142	donante	8.38101e-08
mvm_actual__3utr1684	5acc04a09eccde3c1064aa9d2f2daf6f	3143	aceptor	2.25669e-08
mvm_actual__3utr1684	5acc04a09eccde3c1064aa9d2f2daf6f	3143	donante	1.17066e-07
mvm_actual__3utr1684	5acc04a09eccde3c1064aa9d2f2daf6f	3144	aceptor	2.03641e-09
mvm_actual__3utr1684	5acc04a09eccde3c1064aa9d2f2daf6f	3144	donante	5.20935e-08
mvm_actual__3utr1684	5acc04a09eccde3c1064aa9d2f2daf6f	3145	aceptor	1.00022e-08
mvm_actual__3utr1684	5acc04a09eccde3c1064aa9d2f2daf6f	3145	donante	9.35701e-08
mvm_actual__3utr1684	5acc04a09eccde3c1064aa9d2f2daf6f	3146	aceptor	4.04554e-08
mvm_actual__3utr1684	5acc04a09eccde3c1064aa9d2f2daf6f	3146	donante	1.10081e-06
mvm_actual__3utr1684	5acc04a09eccde3c1064aa9d2f2daf6f	3147	aceptor	1.26369e-06
mvm_actual__3utr1684	5acc04a09eccde3c1064aa9d2f2daf6f	3147	donante	1.98744e-07
mvm_actual__3utr1684	5acc04a09eccde3c1064aa9d2f2daf6f	3148	aceptor	6.16806e-08
mvm_actual__3utr1684	5acc04a09eccde3c1064aa9d2f2daf6f	3148	donante	2.03626e-07
mvm_actual__3utr1684	5acc04a09eccde3c1064aa9d2f2daf6f	3149	aceptor	1.63089e-08
mvm_actual__3utr1684	5acc04a09eccde3c1064aa9d2f2daf6f	3149	donante	2.83846e-08
mvm_actual__3utr1684	5acc04a09eccde3c1064aa9d2f2daf6f	3150	aceptor	2.21196e-08
mvm_actual__3utr1684	5acc04a09eccde3c1064aa9d2f2daf6f	3150	donante	1.48926e-08
mvm_actual__3utr1684	5acc04a09eccde3c1064aa9d2f2daf6f	3151	aceptor	3.49264e-08
mvm_actual__3utr1684	5acc04a09eccde3c1064aa9d2f2daf6f	3151	donante	4.35312e-07
mvm_actual__3utr1684	5acc04a09eccde3c1064aa9d2f2daf6f	3152	aceptor	2.53307e-08
mvm_actual__3utr1684	5acc04a09eccde3c1064aa9d2f2daf6f	3152	donante	2.33412e-08
mvm_actual__3utr1684	5acc04a09eccde3c1064aa9d2f2daf6f	3153	aceptor	3.76648e-08
mvm_actual__3utr1684	5acc04a09eccde3c1064aa9d2f2daf6f	3153	donante	7.70195e-09
mvm_actual__3utr1684	5acc04a09eccde3c1064aa9d2f2daf6f	3154	aceptor	4.56906e-09
mvm_actual__3utr1684	5acc04a09eccde3c1064aa9d2f2daf6f	3154	donante	4.19524e-09
mvm_actual__3utr1684	5acc04a09eccde3c1064aa9d2f2daf6f	3155	aceptor	4.65849e-08
mvm_actual__3utr1684	5acc04a09eccde3c1064aa9d2f2daf6f	3155	donante	4.60752e-07
mvm_actual__3utr1684	5acc04a09eccde3c1064aa9d2f2daf6f	3156	aceptor	7.6946e-08
mvm_actual__3utr1684	5acc04a09eccde3c1064aa9d2f2daf6f	3156	donante	1.11534e-08
mvm_actual__3utr1684	5acc04a09eccde3c1064aa9d2f2daf6f	3157	aceptor	1.95577e-08
mvm_actual__3utr1684	5acc04a09eccde3c1064aa9d2f2daf6f	3157	donante	1.22788e-08
mvm_actual__3utr1684	5acc04a09eccde3c1064aa9d2f2daf6f	3158	aceptor	7.30903e-09
mvm_actual__3utr1684	5acc04a09eccde3c1064aa9d2f2daf6f	3158	donante	1.49968e-09
mvm_actual__3utr1684	5acc04a09eccde3c1064aa9d2f2daf6f	3159	aceptor	1.68378e-08
mvm_actual__3utr1684	5acc04a09eccde3c1064aa9d2f2daf6f	3159	donante	7.93701e-07
mvm_actual__3utr1684	5acc04a09eccde3c1064aa9d2f2daf6f	3160	aceptor	4.55596e-08
mvm_actual__3utr1684	5acc04a09eccde3c1064aa9d2f2daf6f	3160	donante	6.49314e-08
mvm_actual__3utr1684	5acc04a09eccde3c1064aa9d2f2daf6f	3161	aceptor	1.82126e-08
mvm_actual__3utr1684	5acc04a09eccde3c1064aa9d2f2daf6f	3161	donante	6.78489e-08
mvm_actual__3utr1684	5acc04a09eccde3c1064aa9d2f2daf6f	3162	aceptor	3.88047e-09
mvm_actual__3utr1684	5acc04a09eccde3c1064aa9d2f2daf6f	3162	donante	7.1691e-09
mvm_actual__3utr1684	5acc04a09eccde3c1064aa9d2f2daf6f	3163	aceptor	4.66406e-08
mvm_actual__3utr1684	5acc04a09eccde3c1064aa9d2f2daf6f	3163	donante	1.73587e-08
mvm_actual__3utr1684	5acc04a09eccde3c1064aa9d2f2daf6f	3164	aceptor	3.49206e-08
mvm_actual__3utr1684	5acc04a09eccde3c1064aa9d2f2daf6f	3164	donante	3.97369e-07
mvm_actual__3utr1684	5acc04a09eccde3c1064aa9d2f2daf6f	3165	aceptor	2.90228e-08
mvm_actual__3utr1684	5acc04a09eccde3c1064aa9d2f2daf6f	3165	donante	1.78319e-08
mvm_actual__3utr1684	5acc04a09eccde3c1064aa9d2f2daf6f	3166	aceptor	6.81649e-09
mvm_actual__3utr1684	5acc04a09eccde3c1064aa9d2f2daf6f	3166	donante	9.85396e-09
mvm_actual__3utr1684	5acc04a09eccde3c1064aa9d2f2daf6f	3167	aceptor	7.36116e-09
mvm_actual__3utr1684	5acc04a09eccde3c1064aa9d2f2daf6f	3167	donante	1.62695e-08
mvm_actual__3utr1684	5acc04a09eccde3c1064aa9d2f2daf6f	3168	aceptor	6.56013e-09
mvm_actual__3utr1684	5acc04a09eccde3c1064aa9d2f2daf6f	3168	donante	1.37961e-08
mvm_actual__3utr1684	5acc04a09eccde3c1064aa9d2f2daf6f	3169	aceptor	3.29854e-08
mvm_actual__3utr1684	5acc04a09eccde3c1064aa9d2f2daf6f	3169	donante	1.54568e-07
mvm_actual__3utr1684	5acc04a09eccde3c1064aa9d2f2daf6f	3170	aceptor	5.60158e-09
mvm_actual__3utr1684	5acc04a09eccde3c1064aa9d2f2daf6f	3170	donante	4.18004e-08
mvm_actual__3utr1684	5acc04a09eccde3c1064aa9d2f2daf6f	3171	aceptor	7.05444e-09
mvm_actual__3utr1684	5acc04a09eccde3c1064aa9d2f2daf6f	3171	donante	1.4849e-08
mvm_actual__3utr1684	5acc04a09eccde3c1064aa9d2f2daf6f	3172	aceptor	2.23063e-08
mvm_actual__3utr1684	5acc04a09eccde3c1064aa9d2f2daf6f	3172	donante	1.75832e-06
mvm_actual__3utr1684	5acc04a09eccde3c1064aa9d2f2daf6f	3173	aceptor	2.93132e-08
mvm_actual__3utr1684	5acc04a09eccde3c1064aa9d2f2daf6f	3173	donante	7.52754e-09
mvm_actual__3utr1684	5acc04a09eccde3c1064aa9d2f2daf6f	3174	aceptor	6.00075e-09
mvm_actual__3utr1684	5acc04a09eccde3c1064aa9d2f2daf6f	3174	donante	1.81171e-08
mvm_actual__3utr1684	5acc04a09eccde3c1064aa9d2f2daf6f	3175	aceptor	4.47227e-09
mvm_actual__3utr1684	5acc04a09eccde3c1064aa9d2f2daf6f	3175	donante	2.5937e-08
mvm_actual__3utr1684	5acc04a09eccde3c1064aa9d2f2daf6f	3176	aceptor	1.05294e-08
mvm_actual__3utr1684	5acc04a09eccde3c1064aa9d2f2daf6f	3176	donante	7.76244e-09
mvm_actual__3utr1684	5acc04a09eccde3c1064aa9d2f2daf6f	3177	aceptor	2.03609e-07
mvm_actual__3utr1684	5acc04a09eccde3c1064aa9d2f2daf6f	3177	donante	1.03246e-08
mvm_actual__3utr1684	5acc04a09eccde3c1064aa9d2f2daf6f	3178	aceptor	9.3697e-09
mvm_actual__3utr1684	5acc04a09eccde3c1064aa9d2f2daf6f	3178	donante	2.6567e-08
mvm_actual__3utr1684	5acc04a09eccde3c1064aa9d2f2daf6f	3179	aceptor	5.40956e-08
mvm_actual__3utr1684	5acc04a09eccde3c1064aa9d2f2daf6f	3179	donante	8.40889e-09
mvm_actual__3utr1684	5acc04a09eccde3c1064aa9d2f2daf6f	3180	aceptor	1.80669e-07
mvm_actual__3utr1684	5acc04a09eccde3c1064aa9d2f2daf6f	3180	donante	3.67869e-08
mvm_actual__3utr1684	5acc04a09eccde3c1064aa9d2f2daf6f	3181	aceptor	1.38368e-07
mvm_actual__3utr1684	5acc04a09eccde3c1064aa9d2f2daf6f	3181	donante	2.73087e-08
mvm_actual__3utr1684	5acc04a09eccde3c1064aa9d2f2daf6f	3182	aceptor	6.1667e-08
mvm_actual__3utr1684	5acc04a09eccde3c1064aa9d2f2daf6f	3182	donante	5.37594e-09
mvm_actual__3utr1684	5acc04a09eccde3c1064aa9d2f2daf6f	3183	aceptor	9.84306e-08
mvm_actual__3utr1684	5acc04a09eccde3c1064aa9d2f2daf6f	3183	donante	3.93081e-09
mvm_actual__3utr1684	5acc04a09eccde3c1064aa9d2f2daf6f	3184	aceptor	1.18445e-07
mvm_actual__3utr1684	5acc04a09eccde3c1064aa9d2f2daf6f	3184	donante	4.21419e-08
mvm_actual__3utr1684	5acc04a09eccde3c1064aa9d2f2daf6f	3185	aceptor	1.11112e-07
mvm_actual__3utr1684	5acc04a09eccde3c1064aa9d2f2daf6f	3185	donante	8.66701e-09
mvm_actual__3utr1684	5acc04a09eccde3c1064aa9d2f2daf6f	3186	aceptor	3.78047e-08
mvm_actual__3utr1684	5acc04a09eccde3c1064aa9d2f2daf6f	3186	donante	1.71066e-08
mvm_actual__3utr1684	5acc04a09eccde3c1064aa9d2f2daf6f	3187	aceptor	3.07164e-07
mvm_actual__3utr1684	5acc04a09eccde3c1064aa9d2f2daf6f	3187	donante	2.32303e-08
mvm_actual__3utr1684	5acc04a09eccde3c1064aa9d2f2daf6f	3188	aceptor	1.02774e-07
mvm_actual__3utr1684	5acc04a09eccde3c1064aa9d2f2daf6f	3188	donante	6.1192e-09
mvm_actual__3utr1684	5acc04a09eccde3c1064aa9d2f2daf6f	3189	aceptor	1.27751e-07
mvm_actual__3utr1684	5acc04a09eccde3c1064aa9d2f2daf6f	3189	donante	1.72864e-08
mvm_actual__3utr1684	5acc04a09eccde3c1064aa9d2f2daf6f	3190	aceptor	3.55831e-08
mvm_actual__3utr1684	5acc04a09eccde3c1064aa9d2f2daf6f	3190	donante	3.71441e-08
mvm_actual__3utr1684	5acc04a09eccde3c1064aa9d2f2daf6f	3191	aceptor	3.12377e-08
mvm_actual__3utr1684	5acc04a09eccde3c1064aa9d2f2daf6f	3191	donante	2.04741e-08
mvm_actual__3utr1684	5acc04a09eccde3c1064aa9d2f2daf6f	3192	aceptor	8.6296e-08
mvm_actual__3utr1684	5acc04a09eccde3c1064aa9d2f2daf6f	3192	donante	6.9519e-08
mvm_actual__3utr1684	5acc04a09eccde3c1064aa9d2f2daf6f	3193	aceptor	9.5382e-06
mvm_actual__3utr1684	5acc04a09eccde3c1064aa9d2f2daf6f	3193	donante	2.43657e-06
mvm_actual__3utr1684	5acc04a09eccde3c1064aa9d2f2daf6f	3194	aceptor	1.0465e-08
mvm_actual__3utr1684	5acc04a09eccde3c1064aa9d2f2daf6f	3194	donante	1.29271e-07
mvm_actual__3utr1684	5acc04a09eccde3c1064aa9d2f2daf6f	3195	aceptor	1.10555e-06
mvm_actual__3utr1684	5acc04a09eccde3c1064aa9d2f2daf6f	3195	donante	1.5472e-07
mvm_actual__3utr1684	5acc04a09eccde3c1064aa9d2f2daf6f	3196	aceptor	1.69142e-08
mvm_actual__3utr1684	5acc04a09eccde3c1064aa9d2f2daf6f	3196	donante	2.21564e-07
mvm_actual__3utr1684	5acc04a09eccde3c1064aa9d2f2daf6f	3197	aceptor	7.35891e-09
mvm_actual__3utr1684	5acc04a09eccde3c1064aa9d2f2daf6f	3197	donante	4.20676e-07
mvm_actual__3utr1684	5acc04a09eccde3c1064aa9d2f2daf6f	3198	aceptor	3.24065e-08
mvm_actual__3utr1684	5acc04a09eccde3c1064aa9d2f2daf6f	3198	donante	2.92155e-08
mvm_actual__3utr1684	5acc04a09eccde3c1064aa9d2f2daf6f	3199	aceptor	1.52491e-06
mvm_actual__3utr1684	5acc04a09eccde3c1064aa9d2f2daf6f	3199	donante	6.85625e-07
mvm_actual__3utr1684	5acc04a09eccde3c1064aa9d2f2daf6f	3200	aceptor	2.43156e-08
mvm_actual__3utr1684	5acc04a09eccde3c1064aa9d2f2daf6f	3200	donante	1.78816e-07
mvm_actual__3utr1684	5acc04a09eccde3c1064aa9d2f2daf6f	3201	aceptor	3.00013e-08
mvm_actual__3utr1684	5acc04a09eccde3c1064aa9d2f2daf6f	3201	donante	3.42633e-07
mvm_actual__3utr1684	5acc04a09eccde3c1064aa9d2f2daf6f	3202	aceptor	9.58804e-09
mvm_actual__3utr1684	5acc04a09eccde3c1064aa9d2f2daf6f	3202	donante	2.12401e-07
mvm_actual__3utr1684	5acc04a09eccde3c1064aa9d2f2daf6f	3203	aceptor	2.86706e-07
mvm_actual__3utr1684	5acc04a09eccde3c1064aa9d2f2daf6f	3203	donante	1.78237e-06
mvm_actual__3utr1684	5acc04a09eccde3c1064aa9d2f2daf6f	3204	aceptor	2.33602e-06
mvm_actual__3utr1684	5acc04a09eccde3c1064aa9d2f2daf6f	3204	donante	2.3275e-07
mvm_actual__3utr1684	5acc04a09eccde3c1064aa9d2f2daf6f	3205	aceptor	6.79501e-08
mvm_actual__3utr1684	5acc04a09eccde3c1064aa9d2f2daf6f	3205	donante	2.71734e-07
mvm_actual__3utr1684	5acc04a09eccde3c1064aa9d2f2daf6f	3206	aceptor	7.73949e-08
mvm_actual__3utr1684	5acc04a09eccde3c1064aa9d2f2daf6f	3206	donante	4.50416e-08
mvm_actual__3utr1684	5acc04a09eccde3c1064aa9d2f2daf6f	3207	aceptor	4.25523e-08
mvm_actual__3utr1684	5acc04a09eccde3c1064aa9d2f2daf6f	3207	donante	1.77722e-07
mvm_actual__3utr1684	5acc04a09eccde3c1064aa9d2f2daf6f	3208	aceptor	8.27273e-08
mvm_actual__3utr1684	5acc04a09eccde3c1064aa9d2f2daf6f	3208	donante	5.28273e-08
mvm_actual__3utr1684	5acc04a09eccde3c1064aa9d2f2daf6f	3209	aceptor	3.21896e-07
mvm_actual__3utr1684	5acc04a09eccde3c1064aa9d2f2daf6f	3209	donante	4.47789e-07
mvm_actual__3utr1684	5acc04a09eccde3c1064aa9d2f2daf6f	3210	aceptor	1.14726e-07
mvm_actual__3utr1684	5acc04a09eccde3c1064aa9d2f2daf6f	3210	donante	3.81347e-07
mvm_actual__3utr1684	5acc04a09eccde3c1064aa9d2f2daf6f	3211	aceptor	1.97639e-06
mvm_actual__3utr1684	5acc04a09eccde3c1064aa9d2f2daf6f	3211	donante	2.34576e-07
mvm_actual__3utr1684	5acc04a09eccde3c1064aa9d2f2daf6f	3212	aceptor	1.23241e-06
mvm_actual__3utr1684	5acc04a09eccde3c1064aa9d2f2daf6f	3212	donante	1.16284e-06
mvm_actual__3utr1684	5acc04a09eccde3c1064aa9d2f2daf6f	3213	aceptor	2.96146e-05
mvm_actual__3utr1684	5acc04a09eccde3c1064aa9d2f2daf6f	3213	donante	0.00796228
mvm_actual__3utr1684	5acc04a09eccde3c1064aa9d2f2daf6f	3214	aceptor	6.39462e-06
mvm_actual__3utr1684	5acc04a09eccde3c1064aa9d2f2daf6f	3214	donante	6.99991e-07
mvm_actual__3utr1684	5acc04a09eccde3c1064aa9d2f2daf6f	3215	aceptor	7.32678e-07
mvm_actual__3utr1684	5acc04a09eccde3c1064aa9d2f2daf6f	3215	donante	2.66623e-06
mvm_actual__3utr1684	5acc04a09eccde3c1064aa9d2f2daf6f	3216	aceptor	5.8776e-07
mvm_actual__3utr1684	5acc04a09eccde3c1064aa9d2f2daf6f	3216	donante	3.02497e-07
mvm_actual__3utr1684	5acc04a09eccde3c1064aa9d2f2daf6f	3217	aceptor	2.54426e-07
mvm_actual__3utr1684	5acc04a09eccde3c1064aa9d2f2daf6f	3217	donante	1.07827e-06
mvm_actual__3utr1684	5acc04a09eccde3c1064aa9d2f2daf6f	3218	aceptor	5.75044e-07
mvm_actual__3utr1684	5acc04a09eccde3c1064aa9d2f2daf6f	3218	donante	1.79484e-07
mvm_actual__3utr1684	5acc04a09eccde3c1064aa9d2f2daf6f	3219	aceptor	2.58747e-07
mvm_actual__3utr1684	5acc04a09eccde3c1064aa9d2f2daf6f	3219	donante	1.86627e-07
mvm_actual__3utr1684	5acc04a09eccde3c1064aa9d2f2daf6f	3220	aceptor	2.13979e-07
mvm_actual__3utr1684	5acc04a09eccde3c1064aa9d2f2daf6f	3220	donante	2.37869e-07
mvm_actual__3utr1684	5acc04a09eccde3c1064aa9d2f2daf6f	3221	aceptor	3.7521e-07
mvm_actual__3utr1684	5acc04a09eccde3c1064aa9d2f2daf6f	3221	donante	3.98155e-07
mvm_actual__3utr1684	5acc04a09eccde3c1064aa9d2f2daf6f	3222	aceptor	2.61707e-07
mvm_actual__3utr1684	5acc04a09eccde3c1064aa9d2f2daf6f	3222	donante	4.71531e-07
mvm_actual__3utr1684	5acc04a09eccde3c1064aa9d2f2daf6f	3223	aceptor	9.18578e-07
mvm_actual__3utr1684	5acc04a09eccde3c1064aa9d2f2daf6f	3223	donante	1.48027e-06
mvm_actual__3utr1684	5acc04a09eccde3c1064aa9d2f2daf6f	3224	aceptor	3.61468e-08
mvm_actual__3utr1684	5acc04a09eccde3c1064aa9d2f2daf6f	3224	donante	4.92714e-07
mvm_actual__3utr1684	5acc04a09eccde3c1064aa9d2f2daf6f	3225	aceptor	3.60452e-07
mvm_actual__3utr1684	5acc04a09eccde3c1064aa9d2f2daf6f	3225	donante	4.74235e-07
mvm_actual__3utr1684	5acc04a09eccde3c1064aa9d2f2daf6f	3226	aceptor	4.16767e-08
mvm_actual__3utr1684	5acc04a09eccde3c1064aa9d2f2daf6f	3226	donante	4.37367e-07
mvm_actual__3utr1684	5acc04a09eccde3c1064aa9d2f2daf6f	3227	aceptor	1.05044e-07
mvm_actual__3utr1684	5acc04a09eccde3c1064aa9d2f2daf6f	3227	donante	2.042e-07
mvm_actual__3utr1684	5acc04a09eccde3c1064aa9d2f2daf6f	3228	aceptor	1.47034e-07
mvm_actual__3utr1684	5acc04a09eccde3c1064aa9d2f2daf6f	3228	donante	9.06044e-08
mvm_actual__3utr1684	5acc04a09eccde3c1064aa9d2f2daf6f	3229	aceptor	1.10831e-07
mvm_actual__3utr1684	5acc04a09eccde3c1064aa9d2f2daf6f	3229	donante	4.75302e-07
mvm_actual__3utr1684	5acc04a09eccde3c1064aa9d2f2daf6f	3230	aceptor	1.89521e-06
mvm_actual__3utr1684	5acc04a09eccde3c1064aa9d2f2daf6f	3230	donante	0.000421662
mvm_actual__3utr1684	5acc04a09eccde3c1064aa9d2f2daf6f	3231	aceptor	1.53834e-07
mvm_actual__3utr1684	5acc04a09eccde3c1064aa9d2f2daf6f	3231	donante	1.6244e-07
mvm_actual__3utr1684	5acc04a09eccde3c1064aa9d2f2daf6f	3232	aceptor	5.06946e-05
mvm_actual__3utr1684	5acc04a09eccde3c1064aa9d2f2daf6f	3232	donante	3.73287e-06
mvm_actual__3utr1684	5acc04a09eccde3c1064aa9d2f2daf6f	3233	aceptor	1.90254e-07
mvm_actual__3utr1684	5acc04a09eccde3c1064aa9d2f2daf6f	3233	donante	6.64254e-08
mvm_actual__3utr1684	5acc04a09eccde3c1064aa9d2f2daf6f	3234	aceptor	1.07312e-07
mvm_actual__3utr1684	5acc04a09eccde3c1064aa9d2f2daf6f	3234	donante	1.62956e-06
mvm_actual__3utr1684	5acc04a09eccde3c1064aa9d2f2daf6f	3235	aceptor	5.6483e-08
mvm_actual__3utr1684	5acc04a09eccde3c1064aa9d2f2daf6f	3235	donante	6.77857e-08
mvm_actual__3utr1684	5acc04a09eccde3c1064aa9d2f2daf6f	3236	aceptor	2.03528e-06
mvm_actual__3utr1684	5acc04a09eccde3c1064aa9d2f2daf6f	3236	donante	1.28845e-06
mvm_actual__3utr1684	5acc04a09eccde3c1064aa9d2f2daf6f	3237	aceptor	3.92866e-07
mvm_actual__3utr1684	5acc04a09eccde3c1064aa9d2f2daf6f	3237	donante	2.1051e-07
mvm_actual__3utr1684	5acc04a09eccde3c1064aa9d2f2daf6f	3238	aceptor	2.0971e-07
mvm_actual__3utr1684	5acc04a09eccde3c1064aa9d2f2daf6f	3238	donante	1.37767e-07
mvm_actual__3utr1684	5acc04a09eccde3c1064aa9d2f2daf6f	3239	aceptor	8.17437e-07
mvm_actual__3utr1684	5acc04a09eccde3c1064aa9d2f2daf6f	3239	donante	8.30516e-07
mvm_actual__3utr1684	5acc04a09eccde3c1064aa9d2f2daf6f	3240	aceptor	6.60668e-07
mvm_actual__3utr1684	5acc04a09eccde3c1064aa9d2f2daf6f	3240	donante	1.23207e-06
mvm_actual__3utr1684	5acc04a09eccde3c1064aa9d2f2daf6f	3241	aceptor	9.22033e-07
mvm_actual__3utr1684	5acc04a09eccde3c1064aa9d2f2daf6f	3241	donante	1.86664e-07
mvm_actual__3utr1684	5acc04a09eccde3c1064aa9d2f2daf6f	3242	aceptor	1.94281e-07
mvm_actual__3utr1684	5acc04a09eccde3c1064aa9d2f2daf6f	3242	donante	2.99015e-07
mvm_actual__3utr1684	5acc04a09eccde3c1064aa9d2f2daf6f	3243	aceptor	8.41334e-07
mvm_actual__3utr1684	5acc04a09eccde3c1064aa9d2f2daf6f	3243	donante	2.83989e-07
mvm_actual__3utr1684	5acc04a09eccde3c1064aa9d2f2daf6f	3244	aceptor	2.69082e-07
mvm_actual__3utr1684	5acc04a09eccde3c1064aa9d2f2daf6f	3244	donante	2.44741e-06
mvm_actual__3utr1684	5acc04a09eccde3c1064aa9d2f2daf6f	3245	aceptor	2.14913e-06
mvm_actual__3utr1684	5acc04a09eccde3c1064aa9d2f2daf6f	3245	donante	9.58926e-07
mvm_actual__3utr1684	5acc04a09eccde3c1064aa9d2f2daf6f	3246	aceptor	1.69311e-06
mvm_actual__3utr1684	5acc04a09eccde3c1064aa9d2f2daf6f	3246	donante	4.70553e-06
mvm_actual__3utr1684	5acc04a09eccde3c1064aa9d2f2daf6f	3247	aceptor	2.39716e-07
mvm_actual__3utr1684	5acc04a09eccde3c1064aa9d2f2daf6f	3247	donante	4.67768e-07
mvm_actual__3utr1684	5acc04a09eccde3c1064aa9d2f2daf6f	3248	aceptor	2.19751e-07
mvm_actual__3utr1684	5acc04a09eccde3c1064aa9d2f2daf6f	3248	donante	3.16921e-07
mvm_actual__3utr1684	5acc04a09eccde3c1064aa9d2f2daf6f	3249	aceptor	5.54017e-07
mvm_actual__3utr1684	5acc04a09eccde3c1064aa9d2f2daf6f	3249	donante	3.31353e-07
mvm_actual__3utr1684	5acc04a09eccde3c1064aa9d2f2daf6f	3250	aceptor	1.82188e-06
mvm_actual__3utr1684	5acc04a09eccde3c1064aa9d2f2daf6f	3250	donante	5.15948e-05
mvm_actual__3utr1684	5acc04a09eccde3c1064aa9d2f2daf6f	3251	aceptor	8.8184e-06
mvm_actual__3utr1684	5acc04a09eccde3c1064aa9d2f2daf6f	3251	donante	1.47931e-06
mvm_actual__3utr1684	5acc04a09eccde3c1064aa9d2f2daf6f	3252	aceptor	1.00868e-05
mvm_actual__3utr1684	5acc04a09eccde3c1064aa9d2f2daf6f	3252	donante	2.86327e-06
mvm_actual__3utr1684	5acc04a09eccde3c1064aa9d2f2daf6f	3253	aceptor	1.31471e-06
mvm_actual__3utr1684	5acc04a09eccde3c1064aa9d2f2daf6f	3253	donante	1.43026e-06
mvm_actual__3utr1684	5acc04a09eccde3c1064aa9d2f2daf6f	3254	aceptor	2.81491e-07
mvm_actual__3utr1684	5acc04a09eccde3c1064aa9d2f2daf6f	3254	donante	2.84398e-06
mvm_actual__3utr1684	5acc04a09eccde3c1064aa9d2f2daf6f	3255	aceptor	0.000101022
mvm_actual__3utr1684	5acc04a09eccde3c1064aa9d2f2daf6f	3255	donante	2.83833e-06
mvm_actual__3utr1684	5acc04a09eccde3c1064aa9d2f2daf6f	3256	aceptor	3.34043e-07
mvm_actual__3utr1684	5acc04a09eccde3c1064aa9d2f2daf6f	3256	donante	4.2533e-06
mvm_actual__3utr1684	5acc04a09eccde3c1064aa9d2f2daf6f	3257	aceptor	3.25095e-07
mvm_actual__3utr1684	5acc04a09eccde3c1064aa9d2f2daf6f	3257	donante	1.6789e-06
mvm_actual__3utr1684	5acc04a09eccde3c1064aa9d2f2daf6f	3258	aceptor	3.63388e-07
mvm_actual__3utr1684	5acc04a09eccde3c1064aa9d2f2daf6f	3258	donante	8.75499e-07
mvm_actual__3utr1684	5acc04a09eccde3c1064aa9d2f2daf6f	3259	aceptor	1.71914e-06
mvm_actual__3utr1684	5acc04a09eccde3c1064aa9d2f2daf6f	3259	donante	5.26911e-07
mvm_actual__3utr1684	5acc04a09eccde3c1064aa9d2f2daf6f	3260	aceptor	2.3047e-07
mvm_actual__3utr1684	5acc04a09eccde3c1064aa9d2f2daf6f	3260	donante	4.74342e-07
mvm_actual__3utr1684	5acc04a09eccde3c1064aa9d2f2daf6f	3261	aceptor	1.43295e-05
mvm_actual__3utr1684	5acc04a09eccde3c1064aa9d2f2daf6f	3261	donante	8.82407e-06
mvm_actual__3utr1684	5acc04a09eccde3c1064aa9d2f2daf6f	3262	aceptor	9.81103e-07
mvm_actual__3utr1684	5acc04a09eccde3c1064aa9d2f2daf6f	3262	donante	4.17254e-07
mvm_actual__3utr1684	5acc04a09eccde3c1064aa9d2f2daf6f	3263	aceptor	0.0117541
mvm_actual__3utr1684	5acc04a09eccde3c1064aa9d2f2daf6f	3263	donante	2.43915e-05
mvm_actual__3utr1684	5acc04a09eccde3c1064aa9d2f2daf6f	3264	aceptor	6.79879e-07
mvm_actual__3utr1684	5acc04a09eccde3c1064aa9d2f2daf6f	3264	donante	1.63412e-06
mvm_actual__3utr1684	5acc04a09eccde3c1064aa9d2f2daf6f	3265	aceptor	1.33966e-06
mvm_actual__3utr1684	5acc04a09eccde3c1064aa9d2f2daf6f	3265	donante	5.9145e-07
mvm_actual__3utr1684	5acc04a09eccde3c1064aa9d2f2daf6f	3266	aceptor	1.86351e-08
mvm_actual__3utr1684	5acc04a09eccde3c1064aa9d2f2daf6f	3266	donante	5.45566e-07
mvm_actual__3utr1684	5acc04a09eccde3c1064aa9d2f2daf6f	3267	aceptor	8.59331e-07
mvm_actual__3utr1684	5acc04a09eccde3c1064aa9d2f2daf6f	3267	donante	1.48266e-06
mvm_actual__3utr1684	5acc04a09eccde3c1064aa9d2f2daf6f	3268	aceptor	0.000115948
mvm_actual__3utr1684	5acc04a09eccde3c1064aa9d2f2daf6f	3268	donante	7.90426e-06
mvm_actual__3utr1684	5acc04a09eccde3c1064aa9d2f2daf6f	3269	aceptor	5.30177e-08
mvm_actual__3utr1684	5acc04a09eccde3c1064aa9d2f2daf6f	3269	donante	2.85745e-07
mvm_actual__3utr1684	5acc04a09eccde3c1064aa9d2f2daf6f	3270	aceptor	8.04145e-08
mvm_actual__3utr1684	5acc04a09eccde3c1064aa9d2f2daf6f	3270	donante	2.54142e-07
mvm_actual__3utr1684	5acc04a09eccde3c1064aa9d2f2daf6f	3271	aceptor	1.95445e-07
mvm_actual__3utr1684	5acc04a09eccde3c1064aa9d2f2daf6f	3271	donante	9.50157e-07
mvm_actual__3utr1684	5acc04a09eccde3c1064aa9d2f2daf6f	3272	aceptor	1.23931e-07
mvm_actual__3utr1684	5acc04a09eccde3c1064aa9d2f2daf6f	3272	donante	7.90936e-07
mvm_actual__3utr1684	5acc04a09eccde3c1064aa9d2f2daf6f	3273	aceptor	8.38522e-08
mvm_actual__3utr1684	5acc04a09eccde3c1064aa9d2f2daf6f	3273	donante	4.9981e-07
mvm_actual__3utr1684	5acc04a09eccde3c1064aa9d2f2daf6f	3274	aceptor	2.85952e-05
mvm_actual__3utr1684	5acc04a09eccde3c1064aa9d2f2daf6f	3274	donante	6.935e-07
mvm_actual__3utr1684	5acc04a09eccde3c1064aa9d2f2daf6f	3275	aceptor	1.39422e-07
mvm_actual__3utr1684	5acc04a09eccde3c1064aa9d2f2daf6f	3275	donante	7.59581e-05
mvm_actual__3utr1684	5acc04a09eccde3c1064aa9d2f2daf6f	3276	aceptor	9.4596e-08
mvm_actual__3utr1684	5acc04a09eccde3c1064aa9d2f2daf6f	3276	donante	7.8412e-07
mvm_actual__3utr1684	5acc04a09eccde3c1064aa9d2f2daf6f	3277	aceptor	1.00487e-07
mvm_actual__3utr1684	5acc04a09eccde3c1064aa9d2f2daf6f	3277	donante	6.18975e-07
mvm_actual__3utr1684	5acc04a09eccde3c1064aa9d2f2daf6f	3278	aceptor	1.87023e-08
mvm_actual__3utr1684	5acc04a09eccde3c1064aa9d2f2daf6f	3278	donante	6.7848e-07
mvm_actual__3utr1684	5acc04a09eccde3c1064aa9d2f2daf6f	3279	aceptor	4.5241e-08
mvm_actual__3utr1684	5acc04a09eccde3c1064aa9d2f2daf6f	3279	donante	9.77965e-06
mvm_actual__3utr1684	5acc04a09eccde3c1064aa9d2f2daf6f	3280	aceptor	4.34266e-08
mvm_actual__3utr1684	5acc04a09eccde3c1064aa9d2f2daf6f	3280	donante	3.01864e-07
mvm_actual__3utr1684	5acc04a09eccde3c1064aa9d2f2daf6f	3281	aceptor	1.00717e-07
mvm_actual__3utr1684	5acc04a09eccde3c1064aa9d2f2daf6f	3281	donante	8.07348e-07
mvm_actual__3utr1684	5acc04a09eccde3c1064aa9d2f2daf6f	3282	aceptor	3.91133e-06
mvm_actual__3utr1684	5acc04a09eccde3c1064aa9d2f2daf6f	3282	donante	5.12971e-06
mvm_actual__3utr1684	5acc04a09eccde3c1064aa9d2f2daf6f	3283	aceptor	3.62515e-07
mvm_actual__3utr1684	5acc04a09eccde3c1064aa9d2f2daf6f	3283	donante	6.36668e-05
mvm_actual__3utr1684	5acc04a09eccde3c1064aa9d2f2daf6f	3284	aceptor	3.24889e-08
mvm_actual__3utr1684	5acc04a09eccde3c1064aa9d2f2daf6f	3284	donante	7.02182e-07
mvm_actual__3utr1684	5acc04a09eccde3c1064aa9d2f2daf6f	3285	aceptor	8.14281e-07
mvm_actual__3utr1684	5acc04a09eccde3c1064aa9d2f2daf6f	3285	donante	8.01071e-07
mvm_actual__3utr1684	5acc04a09eccde3c1064aa9d2f2daf6f	3286	aceptor	1.15571e-08
mvm_actual__3utr1684	5acc04a09eccde3c1064aa9d2f2daf6f	3286	donante	4.0628e-07
mvm_actual__3utr1684	5acc04a09eccde3c1064aa9d2f2daf6f	3287	aceptor	5.20447e-08
mvm_actual__3utr1684	5acc04a09eccde3c1064aa9d2f2daf6f	3287	donante	5.32491e-07
mvm_actual__3utr1684	5acc04a09eccde3c1064aa9d2f2daf6f	3288	aceptor	1.72381e-08
mvm_actual__3utr1684	5acc04a09eccde3c1064aa9d2f2daf6f	3288	donante	4.36575e-07
mvm_actual__3utr1684	5acc04a09eccde3c1064aa9d2f2daf6f	3289	aceptor	1.86122e-08
mvm_actual__3utr1684	5acc04a09eccde3c1064aa9d2f2daf6f	3289	donante	1.9422e-06
mvm_actual__3utr1684	5acc04a09eccde3c1064aa9d2f2daf6f	3290	aceptor	1.53139e-06
mvm_actual__3utr1684	5acc04a09eccde3c1064aa9d2f2daf6f	3290	donante	4.00268e-07
mvm_actual__3utr1684	5acc04a09eccde3c1064aa9d2f2daf6f	3291	aceptor	1.37087e-08
mvm_actual__3utr1684	5acc04a09eccde3c1064aa9d2f2daf6f	3291	donante	2.51918e-07
mvm_actual__3utr1684	5acc04a09eccde3c1064aa9d2f2daf6f	3292	aceptor	3.0395e-08
mvm_actual__3utr1684	5acc04a09eccde3c1064aa9d2f2daf6f	3292	donante	1.54193e-07
mvm_actual__3utr1684	5acc04a09eccde3c1064aa9d2f2daf6f	3293	aceptor	2.32637e-08
mvm_actual__3utr1684	5acc04a09eccde3c1064aa9d2f2daf6f	3293	donante	3.16079e-06
mvm_actual__3utr1684	5acc04a09eccde3c1064aa9d2f2daf6f	3294	aceptor	2.28281e-08
mvm_actual__3utr1684	5acc04a09eccde3c1064aa9d2f2daf6f	3294	donante	4.1184e-07
mvm_actual__3utr1684	5acc04a09eccde3c1064aa9d2f2daf6f	3295	aceptor	4.19603e-08
mvm_actual__3utr1684	5acc04a09eccde3c1064aa9d2f2daf6f	3295	donante	2.86723e-07
mvm_actual__3utr1684	5acc04a09eccde3c1064aa9d2f2daf6f	3296	aceptor	7.83782e-08
mvm_actual__3utr1684	5acc04a09eccde3c1064aa9d2f2daf6f	3296	donante	5.27866e-07
mvm_actual__3utr1684	5acc04a09eccde3c1064aa9d2f2daf6f	3297	aceptor	2.06876e-07
mvm_actual__3utr1684	5acc04a09eccde3c1064aa9d2f2daf6f	3297	donante	1.00751e-06
mvm_actual__3utr1684	5acc04a09eccde3c1064aa9d2f2daf6f	3298	aceptor	1.40881e-06
mvm_actual__3utr1684	5acc04a09eccde3c1064aa9d2f2daf6f	3298	donante	2.20348e-06
mvm_actual__3utr1684	5acc04a09eccde3c1064aa9d2f2daf6f	3299	aceptor	6.06471e-08
mvm_actual__3utr1684	5acc04a09eccde3c1064aa9d2f2daf6f	3299	donante	7.15414e-07
mvm_actual__3utr1684	5acc04a09eccde3c1064aa9d2f2daf6f	3300	aceptor	5.35603e-08
mvm_actual__3utr1684	5acc04a09eccde3c1064aa9d2f2daf6f	3300	donante	6.06495e-07
mvm_actual__3utr1684	5acc04a09eccde3c1064aa9d2f2daf6f	3301	aceptor	5.47632e-08
mvm_actual__3utr1684	5acc04a09eccde3c1064aa9d2f2daf6f	3301	donante	3.04715e-07
mvm_actual__3utr1684	5acc04a09eccde3c1064aa9d2f2daf6f	3302	aceptor	2.6396e-08
mvm_actual__3utr1684	5acc04a09eccde3c1064aa9d2f2daf6f	3302	donante	2.1161e-07
mvm_actual__3utr1684	5acc04a09eccde3c1064aa9d2f2daf6f	3303	aceptor	8.23867e-08
mvm_actual__3utr1684	5acc04a09eccde3c1064aa9d2f2daf6f	3303	donante	1.04013e-06
mvm_actual__3utr1684	5acc04a09eccde3c1064aa9d2f2daf6f	3304	aceptor	3.99726e-08
mvm_actual__3utr1684	5acc04a09eccde3c1064aa9d2f2daf6f	3304	donante	3.95954e-07
mvm_actual__3utr1684	5acc04a09eccde3c1064aa9d2f2daf6f	3305	aceptor	7.37504e-08
mvm_actual__3utr1684	5acc04a09eccde3c1064aa9d2f2daf6f	3305	donante	1.20151e-07
mvm_actual__3utr1684	5acc04a09eccde3c1064aa9d2f2daf6f	3306	aceptor	9.46171e-08
mvm_actual__3utr1684	5acc04a09eccde3c1064aa9d2f2daf6f	3306	donante	2.98843e-07
mvm_actual__3utr1684	5acc04a09eccde3c1064aa9d2f2daf6f	3307	aceptor	8.23846e-08
mvm_actual__3utr1684	5acc04a09eccde3c1064aa9d2f2daf6f	3307	donante	3.86256e-07
mvm_actual__3utr1684	5acc04a09eccde3c1064aa9d2f2daf6f	3308	aceptor	1.74107e-07
mvm_actual__3utr1684	5acc04a09eccde3c1064aa9d2f2daf6f	3308	donante	1.8479e-07
mvm_actual__3utr1684	5acc04a09eccde3c1064aa9d2f2daf6f	3309	aceptor	1.20937e-07
mvm_actual__3utr1684	5acc04a09eccde3c1064aa9d2f2daf6f	3309	donante	1.1949e-07
mvm_actual__3utr1684	5acc04a09eccde3c1064aa9d2f2daf6f	3310	aceptor	8.8334e-07
mvm_actual__3utr1684	5acc04a09eccde3c1064aa9d2f2daf6f	3310	donante	6.62285e-07
mvm_actual__3utr1684	5acc04a09eccde3c1064aa9d2f2daf6f	3311	aceptor	3.64173e-08
mvm_actual__3utr1684	5acc04a09eccde3c1064aa9d2f2daf6f	3311	donante	1.16913e-07
mvm_actual__3utr1684	5acc04a09eccde3c1064aa9d2f2daf6f	3312	aceptor	3.82125e-08
mvm_actual__3utr1684	5acc04a09eccde3c1064aa9d2f2daf6f	3312	donante	1.00659e-07
mvm_actual__3utr1684	5acc04a09eccde3c1064aa9d2f2daf6f	3313	aceptor	6.43813e-08
mvm_actual__3utr1684	5acc04a09eccde3c1064aa9d2f2daf6f	3313	donante	2.79922e-07
mvm_actual__3utr1684	5acc04a09eccde3c1064aa9d2f2daf6f	3314	aceptor	1.12688e-07
mvm_actual__3utr1684	5acc04a09eccde3c1064aa9d2f2daf6f	3314	donante	2.20648e-07
mvm_actual__3utr1684	5acc04a09eccde3c1064aa9d2f2daf6f	3315	aceptor	8.97389e-07
mvm_actual__3utr1684	5acc04a09eccde3c1064aa9d2f2daf6f	3315	donante	3.21689e-07
mvm_actual__3utr1684	5acc04a09eccde3c1064aa9d2f2daf6f	3316	aceptor	5.25696e-07
mvm_actual__3utr1684	5acc04a09eccde3c1064aa9d2f2daf6f	3316	donante	5.10583e-07
mvm_actual__3utr1684	5acc04a09eccde3c1064aa9d2f2daf6f	3317	aceptor	6.77868e-08
mvm_actual__3utr1684	5acc04a09eccde3c1064aa9d2f2daf6f	3317	donante	2.52363e-07
mvm_actual__3utr1684	5acc04a09eccde3c1064aa9d2f2daf6f	3318	aceptor	1.28692e-07
mvm_actual__3utr1684	5acc04a09eccde3c1064aa9d2f2daf6f	3318	donante	1.67842e-07
mvm_actual__3utr1684	5acc04a09eccde3c1064aa9d2f2daf6f	3319	aceptor	2.45809e-07
mvm_actual__3utr1684	5acc04a09eccde3c1064aa9d2f2daf6f	3319	donante	3.67643e-07
mvm_actual__3utr1684	5acc04a09eccde3c1064aa9d2f2daf6f	3320	aceptor	2.15509e-07
mvm_actual__3utr1684	5acc04a09eccde3c1064aa9d2f2daf6f	3320	donante	4.42554e-07
mvm_actual__3utr1684	5acc04a09eccde3c1064aa9d2f2daf6f	3321	aceptor	1.42058e-07
mvm_actual__3utr1684	5acc04a09eccde3c1064aa9d2f2daf6f	3321	donante	9.21211e-07
mvm_actual__3utr1684	5acc04a09eccde3c1064aa9d2f2daf6f	3322	aceptor	6.19856e-08
mvm_actual__3utr1684	5acc04a09eccde3c1064aa9d2f2daf6f	3322	donante	2.41525e-07
mvm_actual__3utr1684	5acc04a09eccde3c1064aa9d2f2daf6f	3323	aceptor	1.17259e-07
mvm_actual__3utr1684	5acc04a09eccde3c1064aa9d2f2daf6f	3323	donante	1.41965e-06
mvm_actual__3utr1684	5acc04a09eccde3c1064aa9d2f2daf6f	3324	aceptor	3.85681e-05
mvm_actual__3utr1684	5acc04a09eccde3c1064aa9d2f2daf6f	3324	donante	1.57854e-05
mvm_actual__3utr1684	5acc04a09eccde3c1064aa9d2f2daf6f	3325	aceptor	2.29991e-07
mvm_actual__3utr1684	5acc04a09eccde3c1064aa9d2f2daf6f	3325	donante	5.30181e-06
mvm_actual__3utr1684	5acc04a09eccde3c1064aa9d2f2daf6f	3326	aceptor	2.72955e-07
mvm_actual__3utr1684	5acc04a09eccde3c1064aa9d2f2daf6f	3326	donante	2.06562e-06
mvm_actual__3utr1684	5acc04a09eccde3c1064aa9d2f2daf6f	3327	aceptor	6.14185e-08
mvm_actual__3utr1684	5acc04a09eccde3c1064aa9d2f2daf6f	3327	donante	2.94403e-07
mvm_actual__3utr1684	5acc04a09eccde3c1064aa9d2f2daf6f	3328	aceptor	9.01573e-08
mvm_actual__3utr1684	5acc04a09eccde3c1064aa9d2f2daf6f	3328	donante	3.15457e-06
mvm_actual__3utr1684	5acc04a09eccde3c1064aa9d2f2daf6f	3329	aceptor	7.01464e-08
mvm_actual__3utr1684	5acc04a09eccde3c1064aa9d2f2daf6f	3329	donante	5.19677e-07
mvm_actual__3utr1684	5acc04a09eccde3c1064aa9d2f2daf6f	3330	aceptor	5.40596e-08
mvm_actual__3utr1684	5acc04a09eccde3c1064aa9d2f2daf6f	3330	donante	6.89673e-07
mvm_actual__3utr1684	5acc04a09eccde3c1064aa9d2f2daf6f	3331	aceptor	3.59492e-06
mvm_actual__3utr1684	5acc04a09eccde3c1064aa9d2f2daf6f	3331	donante	0.000110503
mvm_actual__3utr1684	5acc04a09eccde3c1064aa9d2f2daf6f	3332	aceptor	1.95555e-08
mvm_actual__3utr1684	5acc04a09eccde3c1064aa9d2f2daf6f	3332	donante	4.98e-06
mvm_actual__3utr1684	5acc04a09eccde3c1064aa9d2f2daf6f	3333	aceptor	4.03368e-08
mvm_actual__3utr1684	5acc04a09eccde3c1064aa9d2f2daf6f	3333	donante	5.58388e-07
mvm_actual__3utr1684	5acc04a09eccde3c1064aa9d2f2daf6f	3334	aceptor	8.78899e-08
mvm_actual__3utr1684	5acc04a09eccde3c1064aa9d2f2daf6f	3334	donante	1.36884e-06
mvm_actual__3utr1684	5acc04a09eccde3c1064aa9d2f2daf6f	3335	aceptor	7.60168e-08
mvm_actual__3utr1684	5acc04a09eccde3c1064aa9d2f2daf6f	3335	donante	2.44818e-06
mvm_actual__3utr1684	5acc04a09eccde3c1064aa9d2f2daf6f	3336	aceptor	2.33963e-07
mvm_actual__3utr1684	5acc04a09eccde3c1064aa9d2f2daf6f	3336	donante	1.31682e-05
mvm_actual__3utr1684	5acc04a09eccde3c1064aa9d2f2daf6f	3337	aceptor	2.99182e-07
mvm_actual__3utr1684	5acc04a09eccde3c1064aa9d2f2daf6f	3337	donante	1.05552e-06
mvm_actual__3utr1684	5acc04a09eccde3c1064aa9d2f2daf6f	3338	aceptor	1.52197e-07
mvm_actual__3utr1684	5acc04a09eccde3c1064aa9d2f2daf6f	3338	donante	1.76633e-06
mvm_actual__3utr1684	5acc04a09eccde3c1064aa9d2f2daf6f	3339	aceptor	6.20967e-08
mvm_actual__3utr1684	5acc04a09eccde3c1064aa9d2f2daf6f	3339	donante	1.65599e-06
mvm_actual__3utr1684	5acc04a09eccde3c1064aa9d2f2daf6f	3340	aceptor	4.2673e-07
mvm_actual__3utr1684	5acc04a09eccde3c1064aa9d2f2daf6f	3340	donante	7.47909e-07
mvm_actual__3utr1684	5acc04a09eccde3c1064aa9d2f2daf6f	3341	aceptor	2.5103e-08
mvm_actual__3utr1684	5acc04a09eccde3c1064aa9d2f2daf6f	3341	donante	9.4669e-07
mvm_actual__3utr1684	5acc04a09eccde3c1064aa9d2f2daf6f	3342	aceptor	8.03076e-08
mvm_actual__3utr1684	5acc04a09eccde3c1064aa9d2f2daf6f	3342	donante	1.35087e-05
mvm_actual__3utr1684	5acc04a09eccde3c1064aa9d2f2daf6f	3343	aceptor	1.01883e-07
mvm_actual__3utr1684	5acc04a09eccde3c1064aa9d2f2daf6f	3343	donante	9.13871e-07
mvm_actual__3utr1684	5acc04a09eccde3c1064aa9d2f2daf6f	3344	aceptor	4.81391e-08
mvm_actual__3utr1684	5acc04a09eccde3c1064aa9d2f2daf6f	3344	donante	1.21048e-06
mvm_actual__3utr1684	5acc04a09eccde3c1064aa9d2f2daf6f	3345	aceptor	1.20632e-06
mvm_actual__3utr1684	5acc04a09eccde3c1064aa9d2f2daf6f	3345	donante	1.04332e-06
mvm_actual__3utr1684	5acc04a09eccde3c1064aa9d2f2daf6f	3346	aceptor	2.467e-07
mvm_actual__3utr1684	5acc04a09eccde3c1064aa9d2f2daf6f	3346	donante	4.67691e-06
mvm_actual__3utr1684	5acc04a09eccde3c1064aa9d2f2daf6f	3347	aceptor	8.25342e-07
mvm_actual__3utr1684	5acc04a09eccde3c1064aa9d2f2daf6f	3347	donante	1.45853e-05
mvm_actual__3utr1684	5acc04a09eccde3c1064aa9d2f2daf6f	3348	aceptor	3.33914e-08
mvm_actual__3utr1684	5acc04a09eccde3c1064aa9d2f2daf6f	3348	donante	1.79922e-05
mvm_actual__3utr1684	5acc04a09eccde3c1064aa9d2f2daf6f	3349	aceptor	6.82159e-08
mvm_actual__3utr1684	5acc04a09eccde3c1064aa9d2f2daf6f	3349	donante	6.83786e-07
mvm_actual__3utr1684	5acc04a09eccde3c1064aa9d2f2daf6f	3350	aceptor	4.09576e-07
mvm_actual__3utr1684	5acc04a09eccde3c1064aa9d2f2daf6f	3350	donante	0.000101657
mvm_actual__3utr1684	5acc04a09eccde3c1064aa9d2f2daf6f	3351	aceptor	1.48494e-07
mvm_actual__3utr1684	5acc04a09eccde3c1064aa9d2f2daf6f	3351	donante	5.30807e-06
mvm_actual__3utr1684	5acc04a09eccde3c1064aa9d2f2daf6f	3352	aceptor	3.22264e-06
mvm_actual__3utr1684	5acc04a09eccde3c1064aa9d2f2daf6f	3352	donante	0.00966433
mvm_actual__3utr1684	5acc04a09eccde3c1064aa9d2f2daf6f	3353	aceptor	1.5157e-07
mvm_actual__3utr1684	5acc04a09eccde3c1064aa9d2f2daf6f	3353	donante	3.81117e-06
mvm_actual__3utr1684	5acc04a09eccde3c1064aa9d2f2daf6f	3354	aceptor	7.59328e-07
mvm_actual__3utr1684	5acc04a09eccde3c1064aa9d2f2daf6f	3354	donante	1.21908e-06
mvm_actual__3utr1684	5acc04a09eccde3c1064aa9d2f2daf6f	3355	aceptor	5.2946e-08
mvm_actual__3utr1684	5acc04a09eccde3c1064aa9d2f2daf6f	3355	donante	2.13467e-07
mvm_actual__3utr1684	5acc04a09eccde3c1064aa9d2f2daf6f	3356	aceptor	8.50481e-08
mvm_actual__3utr1684	5acc04a09eccde3c1064aa9d2f2daf6f	3356	donante	8.33001e-07
mvm_actual__3utr1684	5acc04a09eccde3c1064aa9d2f2daf6f	3357	aceptor	1.18029e-07
mvm_actual__3utr1684	5acc04a09eccde3c1064aa9d2f2daf6f	3357	donante	7.13696e-08
mvm_actual__3utr1684	5acc04a09eccde3c1064aa9d2f2daf6f	3358	aceptor	4.65502e-08
mvm_actual__3utr1684	5acc04a09eccde3c1064aa9d2f2daf6f	3358	donante	3.32932e-07
mvm_actual__3utr1684	5acc04a09eccde3c1064aa9d2f2daf6f	3359	aceptor	3.43621e-05
mvm_actual__3utr1684	5acc04a09eccde3c1064aa9d2f2daf6f	3359	donante	5.1571e-07
mvm_actual__3utr1684	5acc04a09eccde3c1064aa9d2f2daf6f	3360	aceptor	2.6684e-08
mvm_actual__3utr1684	5acc04a09eccde3c1064aa9d2f2daf6f	3360	donante	7.43735e-08
mvm_actual__3utr1684	5acc04a09eccde3c1064aa9d2f2daf6f	3361	aceptor	5.17318e-08
mvm_actual__3utr1684	5acc04a09eccde3c1064aa9d2f2daf6f	3361	donante	9.33245e-09
mvm_actual__3utr1684	5acc04a09eccde3c1064aa9d2f2daf6f	3362	aceptor	8.17031e-08
mvm_actual__3utr1684	5acc04a09eccde3c1064aa9d2f2daf6f	3362	donante	4.33938e-08
mvm_actual__3utr1684	5acc04a09eccde3c1064aa9d2f2daf6f	3363	aceptor	3.07514e-08
mvm_actual__3utr1684	5acc04a09eccde3c1064aa9d2f2daf6f	3363	donante	1.13602e-06
mvm_actual__3utr1684	5acc04a09eccde3c1064aa9d2f2daf6f	3364	aceptor	1.0665e-07
mvm_actual__3utr1684	5acc04a09eccde3c1064aa9d2f2daf6f	3364	donante	3.60184e-08
mvm_actual__3utr1684	5acc04a09eccde3c1064aa9d2f2daf6f	3365	aceptor	1.03877e-06
mvm_actual__3utr1684	5acc04a09eccde3c1064aa9d2f2daf6f	3365	donante	4.23582e-08
mvm_actual__3utr1684	5acc04a09eccde3c1064aa9d2f2daf6f	3366	aceptor	3.61475e-08
mvm_actual__3utr1684	5acc04a09eccde3c1064aa9d2f2daf6f	3366	donante	2.11879e-08
mvm_actual__3utr1684	5acc04a09eccde3c1064aa9d2f2daf6f	3367	aceptor	1.21019e-07
mvm_actual__3utr1684	5acc04a09eccde3c1064aa9d2f2daf6f	3367	donante	1.96139e-07
mvm_actual__3utr1684	5acc04a09eccde3c1064aa9d2f2daf6f	3368	aceptor	2.50308e-08
mvm_actual__3utr1684	5acc04a09eccde3c1064aa9d2f2daf6f	3368	donante	2.73714e-08
mvm_actual__3utr1684	5acc04a09eccde3c1064aa9d2f2daf6f	3369	aceptor	4.34602e-08
mvm_actual__3utr1684	5acc04a09eccde3c1064aa9d2f2daf6f	3369	donante	3.11752e-08
mvm_actual__3utr1684	5acc04a09eccde3c1064aa9d2f2daf6f	3370	aceptor	8.64605e-08
mvm_actual__3utr1684	5acc04a09eccde3c1064aa9d2f2daf6f	3370	donante	6.92423e-09
mvm_actual__3utr1684	5acc04a09eccde3c1064aa9d2f2daf6f	3371	aceptor	6.96374e-07
mvm_actual__3utr1684	5acc04a09eccde3c1064aa9d2f2daf6f	3371	donante	3.89261e-06
mvm_actual__3utr1684	5acc04a09eccde3c1064aa9d2f2daf6f	3372	aceptor	3.22458e-07
mvm_actual__3utr1684	5acc04a09eccde3c1064aa9d2f2daf6f	3372	donante	8.43748e-09
mvm_actual__3utr1684	5acc04a09eccde3c1064aa9d2f2daf6f	3373	aceptor	2.08184e-08
mvm_actual__3utr1684	5acc04a09eccde3c1064aa9d2f2daf6f	3373	donante	1.63985e-08
mvm_actual__3utr1684	5acc04a09eccde3c1064aa9d2f2daf6f	3374	aceptor	1.0623e-07
mvm_actual__3utr1684	5acc04a09eccde3c1064aa9d2f2daf6f	3374	donante	2.09064e-08
mvm_actual__3utr1684	5acc04a09eccde3c1064aa9d2f2daf6f	3375	aceptor	5.89943e-08
mvm_actual__3utr1684	5acc04a09eccde3c1064aa9d2f2daf6f	3375	donante	7.81817e-09
mvm_actual__3utr1684	5acc04a09eccde3c1064aa9d2f2daf6f	3376	aceptor	4.03671e-07
mvm_actual__3utr1684	5acc04a09eccde3c1064aa9d2f2daf6f	3376	donante	1.17397e-06
mvm_actual__3utr1684	5acc04a09eccde3c1064aa9d2f2daf6f	3377	aceptor	2.04439e-07
mvm_actual__3utr1684	5acc04a09eccde3c1064aa9d2f2daf6f	3377	donante	2.38554e-08
mvm_actual__3utr1684	5acc04a09eccde3c1064aa9d2f2daf6f	3378	aceptor	1.25162e-07
mvm_actual__3utr1684	5acc04a09eccde3c1064aa9d2f2daf6f	3378	donante	1.26341e-08
mvm_actual__3utr1684	5acc04a09eccde3c1064aa9d2f2daf6f	3379	aceptor	8.87711e-08
mvm_actual__3utr1684	5acc04a09eccde3c1064aa9d2f2daf6f	3379	donante	1.50539e-07
mvm_actual__3utr1684	5acc04a09eccde3c1064aa9d2f2daf6f	3380	aceptor	1.69886e-07
mvm_actual__3utr1684	5acc04a09eccde3c1064aa9d2f2daf6f	3380	donante	8.18863e-07
mvm_actual__3utr1684	5acc04a09eccde3c1064aa9d2f2daf6f	3381	aceptor	2.38819e-07
mvm_actual__3utr1684	5acc04a09eccde3c1064aa9d2f2daf6f	3381	donante	1.60276e-08
mvm_actual__3utr1684	5acc04a09eccde3c1064aa9d2f2daf6f	3382	aceptor	8.19272e-07
mvm_actual__3utr1684	5acc04a09eccde3c1064aa9d2f2daf6f	3382	donante	5.69226e-09
mvm_actual__3utr1684	5acc04a09eccde3c1064aa9d2f2daf6f	3383	aceptor	5.62284e-08
mvm_actual__3utr1684	5acc04a09eccde3c1064aa9d2f2daf6f	3383	donante	1.4793e-08
mvm_actual__3utr1684	5acc04a09eccde3c1064aa9d2f2daf6f	3384	aceptor	8.7549e-07
mvm_actual__3utr1684	5acc04a09eccde3c1064aa9d2f2daf6f	3384	donante	1.59702e-06
mvm_actual__3utr1684	5acc04a09eccde3c1064aa9d2f2daf6f	3385	aceptor	2.53718e-07
mvm_actual__3utr1684	5acc04a09eccde3c1064aa9d2f2daf6f	3385	donante	1.71523e-08
mvm_actual__3utr1684	5acc04a09eccde3c1064aa9d2f2daf6f	3386	aceptor	3.37456e-05
mvm_actual__3utr1684	5acc04a09eccde3c1064aa9d2f2daf6f	3386	donante	7.10683e-08
mvm_actual__3utr1684	5acc04a09eccde3c1064aa9d2f2daf6f	3387	aceptor	6.66828e-07
mvm_actual__3utr1684	5acc04a09eccde3c1064aa9d2f2daf6f	3387	donante	2.81516e-08
mvm_actual__3utr1684	5acc04a09eccde3c1064aa9d2f2daf6f	3388	aceptor	2.97591e-07
mvm_actual__3utr1684	5acc04a09eccde3c1064aa9d2f2daf6f	3388	donante	3.65426e-08
mvm_actual__3utr1684	5acc04a09eccde3c1064aa9d2f2daf6f	3389	aceptor	1.49911e-06
mvm_actual__3utr1684	5acc04a09eccde3c1064aa9d2f2daf6f	3389	donante	3.89278e-08
mvm_actual__3utr1684	5acc04a09eccde3c1064aa9d2f2daf6f	3390	aceptor	4.74944e-08
mvm_actual__3utr1684	5acc04a09eccde3c1064aa9d2f2daf6f	3390	donante	5.76873e-09
mvm_actual__3utr1684	5acc04a09eccde3c1064aa9d2f2daf6f	3391	aceptor	1.08788e-07
mvm_actual__3utr1684	5acc04a09eccde3c1064aa9d2f2daf6f	3391	donante	2.66125e-08
mvm_actual__3utr1684	5acc04a09eccde3c1064aa9d2f2daf6f	3392	aceptor	2.08217e-07
mvm_actual__3utr1684	5acc04a09eccde3c1064aa9d2f2daf6f	3392	donante	1.01125e-07
mvm_actual__3utr1684	5acc04a09eccde3c1064aa9d2f2daf6f	3393	aceptor	6.61136e-07
mvm_actual__3utr1684	5acc04a09eccde3c1064aa9d2f2daf6f	3393	donante	1.74633e-08
mvm_actual__3utr1684	5acc04a09eccde3c1064aa9d2f2daf6f	3394	aceptor	1.38858e-07
mvm_actual__3utr1684	5acc04a09eccde3c1064aa9d2f2daf6f	3394	donante	1.09959e-08
mvm_actual__3utr1684	5acc04a09eccde3c1064aa9d2f2daf6f	3395	aceptor	2.5407e-07
mvm_actual__3utr1684	5acc04a09eccde3c1064aa9d2f2daf6f	3395	donante	2.68038e-08
mvm_actual__3utr1684	5acc04a09eccde3c1064aa9d2f2daf6f	3396	aceptor	3.90221e-07
mvm_actual__3utr1684	5acc04a09eccde3c1064aa9d2f2daf6f	3396	donante	4.20855e-08
mvm_actual__3utr1684	5acc04a09eccde3c1064aa9d2f2daf6f	3397	aceptor	4.7482e-06
mvm_actual__3utr1684	5acc04a09eccde3c1064aa9d2f2daf6f	3397	donante	1.40483e-08
mvm_actual__3utr1684	5acc04a09eccde3c1064aa9d2f2daf6f	3398	aceptor	3.74212e-07
mvm_actual__3utr1684	5acc04a09eccde3c1064aa9d2f2daf6f	3398	donante	2.52883e-08
mvm_actual__3utr1684	5acc04a09eccde3c1064aa9d2f2daf6f	3399	aceptor	9.09878e-07
mvm_actual__3utr1684	5acc04a09eccde3c1064aa9d2f2daf6f	3399	donante	6.20788e-08
mvm_actual__3utr1684	5acc04a09eccde3c1064aa9d2f2daf6f	3400	aceptor	2.18295e-06
mvm_actual__3utr1684	5acc04a09eccde3c1064aa9d2f2daf6f	3400	donante	1.8576e-08
mvm_actual__3utr1684	5acc04a09eccde3c1064aa9d2f2daf6f	3401	aceptor	1.23208e-06
mvm_actual__3utr1684	5acc04a09eccde3c1064aa9d2f2daf6f	3401	donante	1.44048e-08
mvm_actual__3utr1684	5acc04a09eccde3c1064aa9d2f2daf6f	3402	aceptor	1.95334e-07
mvm_actual__3utr1684	5acc04a09eccde3c1064aa9d2f2daf6f	3402	donante	3.43029e-08
mvm_actual__3utr1684	5acc04a09eccde3c1064aa9d2f2daf6f	3403	aceptor	0.000242718
mvm_actual__3utr1684	5acc04a09eccde3c1064aa9d2f2daf6f	3403	donante	1.03668e-06
mvm_actual__3utr1684	5acc04a09eccde3c1064aa9d2f2daf6f	3404	aceptor	2.2062e-06
mvm_actual__3utr1684	5acc04a09eccde3c1064aa9d2f2daf6f	3404	donante	1.53222e-08
mvm_actual__3utr1684	5acc04a09eccde3c1064aa9d2f2daf6f	3405	aceptor	1.07417e-06
mvm_actual__3utr1684	5acc04a09eccde3c1064aa9d2f2daf6f	3405	donante	4.35376e-08
mvm_actual__3utr1684	5acc04a09eccde3c1064aa9d2f2daf6f	3406	aceptor	0.000163146
mvm_actual__3utr1684	5acc04a09eccde3c1064aa9d2f2daf6f	3406	donante	5.29302e-07
mvm_actual__3utr1684	5acc04a09eccde3c1064aa9d2f2daf6f	3407	aceptor	9.82098e-06
mvm_actual__3utr1684	5acc04a09eccde3c1064aa9d2f2daf6f	3407	donante	1.672e-07
mvm_actual__3utr1684	5acc04a09eccde3c1064aa9d2f2daf6f	3408	aceptor	9.53099e-06
mvm_actual__3utr1684	5acc04a09eccde3c1064aa9d2f2daf6f	3408	donante	1.78013e-07
mvm_actual__3utr1684	5acc04a09eccde3c1064aa9d2f2daf6f	3409	aceptor	1.50607e-05
mvm_actual__3utr1684	5acc04a09eccde3c1064aa9d2f2daf6f	3409	donante	1.10993e-07
mvm_actual__3utr1684	5acc04a09eccde3c1064aa9d2f2daf6f	3410	aceptor	4.02154e-06
mvm_actual__3utr1684	5acc04a09eccde3c1064aa9d2f2daf6f	3410	donante	8.07404e-08
mvm_actual__3utr1684	5acc04a09eccde3c1064aa9d2f2daf6f	3411	aceptor	5.17509e-07
mvm_actual__3utr1684	5acc04a09eccde3c1064aa9d2f2daf6f	3411	donante	3.04172e-08
mvm_actual__3utr1684	5acc04a09eccde3c1064aa9d2f2daf6f	3412	aceptor	1.67898e-06
mvm_actual__3utr1684	5acc04a09eccde3c1064aa9d2f2daf6f	3412	donante	8.72998e-08
mvm_actual__3utr1684	5acc04a09eccde3c1064aa9d2f2daf6f	3413	aceptor	2.33966e-06
mvm_actual__3utr1684	5acc04a09eccde3c1064aa9d2f2daf6f	3413	donante	5.03242e-08
mvm_actual__3utr1684	5acc04a09eccde3c1064aa9d2f2daf6f	3414	aceptor	3.04094e-07
mvm_actual__3utr1684	5acc04a09eccde3c1064aa9d2f2daf6f	3414	donante	1.28337e-07
mvm_actual__3utr1684	5acc04a09eccde3c1064aa9d2f2daf6f	3415	aceptor	9.02057e-07
mvm_actual__3utr1684	5acc04a09eccde3c1064aa9d2f2daf6f	3415	donante	1.81923e-08
mvm_actual__3utr1684	5acc04a09eccde3c1064aa9d2f2daf6f	3416	aceptor	5.34936e-06
mvm_actual__3utr1684	5acc04a09eccde3c1064aa9d2f2daf6f	3416	donante	1.0647e-07
mvm_actual__3utr1684	5acc04a09eccde3c1064aa9d2f2daf6f	3417	aceptor	2.34244e-06
mvm_actual__3utr1684	5acc04a09eccde3c1064aa9d2f2daf6f	3417	donante	1.31035e-07
mvm_actual__3utr1684	5acc04a09eccde3c1064aa9d2f2daf6f	3418	aceptor	1.64651e-06
mvm_actual__3utr1684	5acc04a09eccde3c1064aa9d2f2daf6f	3418	donante	3.53613e-08
mvm_actual__3utr1684	5acc04a09eccde3c1064aa9d2f2daf6f	3419	aceptor	3.26292e-07
mvm_actual__3utr1684	5acc04a09eccde3c1064aa9d2f2daf6f	3419	donante	3.71881e-08
mvm_actual__3utr1684	5acc04a09eccde3c1064aa9d2f2daf6f	3420	aceptor	5.29783e-06
mvm_actual__3utr1684	5acc04a09eccde3c1064aa9d2f2daf6f	3420	donante	6.92687e-08
mvm_actual__3utr1684	5acc04a09eccde3c1064aa9d2f2daf6f	3421	aceptor	8.27328e-07
mvm_actual__3utr1684	5acc04a09eccde3c1064aa9d2f2daf6f	3421	donante	2.28152e-08
mvm_actual__3utr1684	5acc04a09eccde3c1064aa9d2f2daf6f	3422	aceptor	1.53178e-06
mvm_actual__3utr1684	5acc04a09eccde3c1064aa9d2f2daf6f	3422	donante	7.65273e-08
mvm_actual__3utr1684	5acc04a09eccde3c1064aa9d2f2daf6f	3423	aceptor	6.33669e-07
mvm_actual__3utr1684	5acc04a09eccde3c1064aa9d2f2daf6f	3423	donante	2.8272e-08
mvm_actual__3utr1684	5acc04a09eccde3c1064aa9d2f2daf6f	3424	aceptor	3.50381e-07
mvm_actual__3utr1684	5acc04a09eccde3c1064aa9d2f2daf6f	3424	donante	2.05425e-08
mvm_actual__3utr1684	5acc04a09eccde3c1064aa9d2f2daf6f	3425	aceptor	4.48887e-07
mvm_actual__3utr1684	5acc04a09eccde3c1064aa9d2f2daf6f	3425	donante	4.91614e-08
mvm_actual__3utr1684	5acc04a09eccde3c1064aa9d2f2daf6f	3426	aceptor	1.33306e-06
mvm_actual__3utr1684	5acc04a09eccde3c1064aa9d2f2daf6f	3426	donante	1.21288e-07
mvm_actual__3utr1684	5acc04a09eccde3c1064aa9d2f2daf6f	3427	aceptor	1.5241e-06
mvm_actual__3utr1684	5acc04a09eccde3c1064aa9d2f2daf6f	3427	donante	1.41075e-07
mvm_actual__3utr1684	5acc04a09eccde3c1064aa9d2f2daf6f	3428	aceptor	2.55491e-07
mvm_actual__3utr1684	5acc04a09eccde3c1064aa9d2f2daf6f	3428	donante	4.73766e-08
mvm_actual__3utr1684	5acc04a09eccde3c1064aa9d2f2daf6f	3429	aceptor	6.64718e-06
mvm_actual__3utr1684	5acc04a09eccde3c1064aa9d2f2daf6f	3429	donante	9.4993e-05
mvm_actual__3utr1684	5acc04a09eccde3c1064aa9d2f2daf6f	3430	aceptor	0.871382
mvm_actual__3utr1684	5acc04a09eccde3c1064aa9d2f2daf6f	3430	donante	1.36523e-05
mvm_actual__3utr1684	5acc04a09eccde3c1064aa9d2f2daf6f	3431	aceptor	1.88349e-06
mvm_actual__3utr1684	5acc04a09eccde3c1064aa9d2f2daf6f	3431	donante	1.44679e-07
mvm_actual__3utr1684	5acc04a09eccde3c1064aa9d2f2daf6f	3432	aceptor	1.945e-06
mvm_actual__3utr1684	5acc04a09eccde3c1064aa9d2f2daf6f	3432	donante	7.72638e-08
mvm_actual__3utr1684	5acc04a09eccde3c1064aa9d2f2daf6f	3433	aceptor	3.41504e-06
mvm_actual__3utr1684	5acc04a09eccde3c1064aa9d2f2daf6f	3433	donante	1.5747e-07
mvm_actual__3utr1684	5acc04a09eccde3c1064aa9d2f2daf6f	3434	aceptor	0.00011373
mvm_actual__3utr1684	5acc04a09eccde3c1064aa9d2f2daf6f	3434	donante	3.49101e-07
mvm_actual__3utr1684	5acc04a09eccde3c1064aa9d2f2daf6f	3435	aceptor	5.40867e-06
mvm_actual__3utr1684	5acc04a09eccde3c1064aa9d2f2daf6f	3435	donante	2.59158e-07
mvm_actual__3utr1684	5acc04a09eccde3c1064aa9d2f2daf6f	3436	aceptor	5.3331e-07
mvm_actual__3utr1684	5acc04a09eccde3c1064aa9d2f2daf6f	3436	donante	5.93886e-08
mvm_actual__3utr1684	5acc04a09eccde3c1064aa9d2f2daf6f	3437	aceptor	4.62291e-06
mvm_actual__3utr1684	5acc04a09eccde3c1064aa9d2f2daf6f	3437	donante	1.09133e-07
mvm_actual__3utr1684	5acc04a09eccde3c1064aa9d2f2daf6f	3438	aceptor	1.52958e-05
mvm_actual__3utr1684	5acc04a09eccde3c1064aa9d2f2daf6f	3438	donante	2.52158e-05
mvm_actual__3utr1684	5acc04a09eccde3c1064aa9d2f2daf6f	3439	aceptor	3.65421e-05
mvm_actual__3utr1684	5acc04a09eccde3c1064aa9d2f2daf6f	3439	donante	1.28436e-06
mvm_actual__3utr1684	5acc04a09eccde3c1064aa9d2f2daf6f	3440	aceptor	4.96644e-06
mvm_actual__3utr1684	5acc04a09eccde3c1064aa9d2f2daf6f	3440	donante	5.13239e-07
mvm_actual__3utr1768	f27980f0b1c7742f059ef87240900773	429	aceptor	7.31225e-05
mvm_actual__3utr1768	f27980f0b1c7742f059ef87240900773	429	donante	0.109614
mvm_actual__3utr1768	f27980f0b1c7742f059ef87240900773	1131	aceptor	1.74799e-05
mvm_actual__3utr1768	f27980f0b1c7742f059ef87240900773	1131	donante	0.059717
mvm_actual__3utr1768	f27980f0b1c7742f059ef87240900773	1156	aceptor	4.87941e-06
mvm_actual__3utr1768	f27980f0b1c7742f059ef87240900773	1156	donante	0.0533276
mvm_actual__3utr1768	f27980f0b1c7742f059ef87240900773	1516	aceptor	6.64411e-05
mvm_actual__3utr1768	f27980f0b1c7742f059ef87240900773	1516	donante	0.761463
mvm_actual__3utr1768	f27980f0b1c7742f059ef87240900773	3120	aceptor	6.9575e-07
mvm_actual__3utr1768	f27980f0b1c7742f059ef87240900773	3120	donante	7.90919e-07
mvm_actual__3utr1768	f27980f0b1c7742f059ef87240900773	3121	aceptor	1.47281e-07
mvm_actual__3utr1768	f27980f0b1c7742f059ef87240900773	3121	donante	1.61156e-06
mvm_actual__3utr1768	f27980f0b1c7742f059ef87240900773	3122	aceptor	7.03572e-06
mvm_actual__3utr1768	f27980f0b1c7742f059ef87240900773	3122	donante	3.12914e-06
mvm_actual__3utr1768	f27980f0b1c7742f059ef87240900773	3123	aceptor	1.63303e-07
mvm_actual__3utr1768	f27980f0b1c7742f059ef87240900773	3123	donante	1.03694e-06
mvm_actual__3utr1768	f27980f0b1c7742f059ef87240900773	3124	aceptor	4.10449e-07
mvm_actual__3utr1768	f27980f0b1c7742f059ef87240900773	3124	donante	2.21456e-05
mvm_actual__3utr1768	f27980f0b1c7742f059ef87240900773	3125	aceptor	9.43522e-07
mvm_actual__3utr1768	f27980f0b1c7742f059ef87240900773	3125	donante	7.8341e-07
mvm_actual__3utr1768	f27980f0b1c7742f059ef87240900773	3126	aceptor	1.65264e-05
mvm_actual__3utr1768	f27980f0b1c7742f059ef87240900773	3126	donante	0.0118616
mvm_actual__3utr1768	f27980f0b1c7742f059ef87240900773	3127	aceptor	2.05017e-07
mvm_actual__3utr1768	f27980f0b1c7742f059ef87240900773	3127	donante	7.16173e-07
mvm_actual__3utr1768	f27980f0b1c7742f059ef87240900773	3128	aceptor	2.27598e-07
mvm_actual__3utr1768	f27980f0b1c7742f059ef87240900773	3128	donante	2.6326e-07
mvm_actual__3utr1768	f27980f0b1c7742f059ef87240900773	3129	aceptor	1.62015e-07
mvm_actual__3utr1768	f27980f0b1c7742f059ef87240900773	3129	donante	4.50914e-07
mvm_actual__3utr1768	f27980f0b1c7742f059ef87240900773	3130	aceptor	3.76983e-07
mvm_actual__3utr1768	f27980f0b1c7742f059ef87240900773	3130	donante	2.9999e-06
mvm_actual__3utr1768	f27980f0b1c7742f059ef87240900773	3131	aceptor	1.79232e-07
mvm_actual__3utr1768	f27980f0b1c7742f059ef87240900773	3131	donante	4.4252e-07
mvm_actual__3utr1768	f27980f0b1c7742f059ef87240900773	3132	aceptor	1.33879e-06
mvm_actual__3utr1768	f27980f0b1c7742f059ef87240900773	3132	donante	7.1707e-07
mvm_actual__3utr1768	f27980f0b1c7742f059ef87240900773	3133	aceptor	5.56937e-05
mvm_actual__3utr1768	f27980f0b1c7742f059ef87240900773	3133	donante	0.789696
mvm_actual__3utr1768	f27980f0b1c7742f059ef87240900773	3134	aceptor	5.6782e-07
mvm_actual__3utr1768	f27980f0b1c7742f059ef87240900773	3134	donante	2.52543e-07
mvm_actual__3utr1768	f27980f0b1c7742f059ef87240900773	3135	aceptor	5.78352e-08
mvm_actual__3utr1768	f27980f0b1c7742f059ef87240900773	3135	donante	1.44967e-06
mvm_actual__3utr1768	f27980f0b1c7742f059ef87240900773	3136	aceptor	3.90933e-08
mvm_actual__3utr1768	f27980f0b1c7742f059ef87240900773	3136	donante	1.28371e-06
mvm_actual__3utr1768	f27980f0b1c7742f059ef87240900773	3137	aceptor	5.27404e-08
mvm_actual__3utr1768	f27980f0b1c7742f059ef87240900773	3137	donante	1.49082e-06
mvm_actual__3utr1768	f27980f0b1c7742f059ef87240900773	3138	aceptor	1.80412e-07
mvm_actual__3utr1768	f27980f0b1c7742f059ef87240900773	3138	donante	1.03612e-06
mvm_actual__3utr1768	f27980f0b1c7742f059ef87240900773	3139	aceptor	1.46333e-06
mvm_actual__3utr1768	f27980f0b1c7742f059ef87240900773	3139	donante	3.90995e-05
mvm_actual__3utr1768	f27980f0b1c7742f059ef87240900773	3140	aceptor	1.179e-07
mvm_actual__3utr1768	f27980f0b1c7742f059ef87240900773	3140	donante	3.20659e-07
mvm_actual__3utr1768	f27980f0b1c7742f059ef87240900773	3141	aceptor	1.01919e-07
mvm_actual__3utr1768	f27980f0b1c7742f059ef87240900773	3141	donante	5.85607e-07
mvm_actual__3utr1768	f27980f0b1c7742f059ef87240900773	3142	aceptor	1.56913e-08
mvm_actual__3utr1768	f27980f0b1c7742f059ef87240900773	3142	donante	9.64605e-08
mvm_actual__3utr1768	f27980f0b1c7742f059ef87240900773	3143	aceptor	4.11614e-08
mvm_actual__3utr1768	f27980f0b1c7742f059ef87240900773	3143	donante	1.19105e-07
mvm_actual__3utr1768	f27980f0b1c7742f059ef87240900773	3144	aceptor	4.73849e-09
mvm_actual__3utr1768	f27980f0b1c7742f059ef87240900773	3144	donante	7.47702e-08
mvm_actual__3utr1768	f27980f0b1c7742f059ef87240900773	3145	aceptor	1.61797e-08
mvm_actual__3utr1768	f27980f0b1c7742f059ef87240900773	3145	donante	1.04583e-07
mvm_actual__3utr1768	f27980f0b1c7742f059ef87240900773	3146	aceptor	4.37316e-08
mvm_actual__3utr1768	f27980f0b1c7742f059ef87240900773	3146	donante	1.06776e-06
mvm_actual__3utr1768	f27980f0b1c7742f059ef87240900773	3147	aceptor	2.63628e-06
mvm_actual__3utr1768	f27980f0b1c7742f059ef87240900773	3147	donante	2.94623e-07
mvm_actual__3utr1768	f27980f0b1c7742f059ef87240900773	3148	aceptor	1.13153e-07
mvm_actual__3utr1768	f27980f0b1c7742f059ef87240900773	3148	donante	2.65779e-07
mvm_actual__3utr1768	f27980f0b1c7742f059ef87240900773	3149	aceptor	1.65164e-08
mvm_actual__3utr1768	f27980f0b1c7742f059ef87240900773	3149	donante	4.09114e-08
mvm_actual__3utr1768	f27980f0b1c7742f059ef87240900773	3150	aceptor	6.06695e-08
mvm_actual__3utr1768	f27980f0b1c7742f059ef87240900773	3150	donante	2.6023e-08
mvm_actual__3utr1768	f27980f0b1c7742f059ef87240900773	3151	aceptor	7.0109e-08
mvm_actual__3utr1768	f27980f0b1c7742f059ef87240900773	3151	donante	8.562e-07
mvm_actual__3utr1768	f27980f0b1c7742f059ef87240900773	3152	aceptor	5.57374e-08
mvm_actual__3utr1768	f27980f0b1c7742f059ef87240900773	3152	donante	4.71163e-08
mvm_actual__3utr1768	f27980f0b1c7742f059ef87240900773	3153	aceptor	8.12769e-08
mvm_actual__3utr1768	f27980f0b1c7742f059ef87240900773	3153	donante	1.61986e-08
mvm_actual__3utr1768	f27980f0b1c7742f059ef87240900773	3154	aceptor	2.30921e-08
mvm_actual__3utr1768	f27980f0b1c7742f059ef87240900773	3154	donante	4.23259e-09
mvm_actual__3utr1768	f27980f0b1c7742f059ef87240900773	3155	aceptor	1.24326e-07
mvm_actual__3utr1768	f27980f0b1c7742f059ef87240900773	3155	donante	6.2733e-07
mvm_actual__3utr1768	f27980f0b1c7742f059ef87240900773	3156	aceptor	2.5804e-07
mvm_actual__3utr1768	f27980f0b1c7742f059ef87240900773	3156	donante	1.48125e-08
mvm_actual__3utr1768	f27980f0b1c7742f059ef87240900773	3157	aceptor	2.54283e-08
mvm_actual__3utr1768	f27980f0b1c7742f059ef87240900773	3157	donante	1.15233e-08
mvm_actual__3utr1768	f27980f0b1c7742f059ef87240900773	3158	aceptor	2.16943e-08
mvm_actual__3utr1768	f27980f0b1c7742f059ef87240900773	3158	donante	1.86785e-09
mvm_actual__3utr1768	f27980f0b1c7742f059ef87240900773	3159	aceptor	2.46503e-08
mvm_actual__3utr1768	f27980f0b1c7742f059ef87240900773	3159	donante	1.67569e-06
mvm_actual__3utr1768	f27980f0b1c7742f059ef87240900773	3160	aceptor	1.17526e-07
mvm_actual__3utr1768	f27980f0b1c7742f059ef87240900773	3160	donante	5.70218e-08
mvm_actual__3utr1768	f27980f0b1c7742f059ef87240900773	3161	aceptor	4.89257e-08
mvm_actual__3utr1768	f27980f0b1c7742f059ef87240900773	3161	donante	4.40711e-08
mvm_actual__3utr1768	f27980f0b1c7742f059ef87240900773	3162	aceptor	2.24052e-08
mvm_actual__3utr1768	f27980f0b1c7742f059ef87240900773	3162	donante	9.92126e-09
mvm_actual__3utr1768	f27980f0b1c7742f059ef87240900773	3163	aceptor	2.7062e-08
mvm_actual__3utr1768	f27980f0b1c7742f059ef87240900773	3163	donante	2.03863e-08
mvm_actual__3utr1768	f27980f0b1c7742f059ef87240900773	3164	aceptor	6.75203e-08
mvm_actual__3utr1768	f27980f0b1c7742f059ef87240900773	3164	donante	3.15808e-07
mvm_actual__3utr1768	f27980f0b1c7742f059ef87240900773	3165	aceptor	6.50594e-08
mvm_actual__3utr1768	f27980f0b1c7742f059ef87240900773	3165	donante	1.83475e-08
mvm_actual__3utr1768	f27980f0b1c7742f059ef87240900773	3166	aceptor	2.15953e-08
mvm_actual__3utr1768	f27980f0b1c7742f059ef87240900773	3166	donante	9.62408e-09
mvm_actual__3utr1768	f27980f0b1c7742f059ef87240900773	3167	aceptor	9.60872e-09
mvm_actual__3utr1768	f27980f0b1c7742f059ef87240900773	3167	donante	2.16784e-08
mvm_actual__3utr1768	f27980f0b1c7742f059ef87240900773	3168	aceptor	4.31717e-08
mvm_actual__3utr1768	f27980f0b1c7742f059ef87240900773	3168	donante	1.10415e-08
mvm_actual__3utr1768	f27980f0b1c7742f059ef87240900773	3169	aceptor	4.64044e-08
mvm_actual__3utr1768	f27980f0b1c7742f059ef87240900773	3169	donante	1.33193e-07
mvm_actual__3utr1768	f27980f0b1c7742f059ef87240900773	3170	aceptor	1.67701e-08
mvm_actual__3utr1768	f27980f0b1c7742f059ef87240900773	3170	donante	2.77986e-08
mvm_actual__3utr1768	f27980f0b1c7742f059ef87240900773	3171	aceptor	2.49311e-08
mvm_actual__3utr1768	f27980f0b1c7742f059ef87240900773	3171	donante	8.53717e-09
mvm_actual__3utr1768	f27980f0b1c7742f059ef87240900773	3172	aceptor	1.15541e-07
mvm_actual__3utr1768	f27980f0b1c7742f059ef87240900773	3172	donante	1.32922e-06
mvm_actual__3utr1768	f27980f0b1c7742f059ef87240900773	3173	aceptor	6.37897e-08
mvm_actual__3utr1768	f27980f0b1c7742f059ef87240900773	3173	donante	7.5034e-09
mvm_actual__3utr1768	f27980f0b1c7742f059ef87240900773	3174	aceptor	6.43073e-08
mvm_actual__3utr1768	f27980f0b1c7742f059ef87240900773	3174	donante	8.70355e-09
mvm_actual__3utr1768	f27980f0b1c7742f059ef87240900773	3175	aceptor	1.64696e-08
mvm_actual__3utr1768	f27980f0b1c7742f059ef87240900773	3175	donante	1.57048e-08
mvm_actual__3utr1768	f27980f0b1c7742f059ef87240900773	3176	aceptor	5.22612e-08
mvm_actual__3utr1768	f27980f0b1c7742f059ef87240900773	3176	donante	6.55081e-09
mvm_actual__3utr1768	f27980f0b1c7742f059ef87240900773	3177	aceptor	4.82483e-07
mvm_actual__3utr1768	f27980f0b1c7742f059ef87240900773	3177	donante	9.31402e-09
mvm_actual__3utr1768	f27980f0b1c7742f059ef87240900773	3178	aceptor	3.7133e-08
mvm_actual__3utr1768	f27980f0b1c7742f059ef87240900773	3178	donante	1.66575e-08
mvm_actual__3utr1768	f27980f0b1c7742f059ef87240900773	3179	aceptor	4.30593e-07
mvm_actual__3utr1768	f27980f0b1c7742f059ef87240900773	3179	donante	1.11409e-08
mvm_actual__3utr1768	f27980f0b1c7742f059ef87240900773	3180	aceptor	6.18376e-07
mvm_actual__3utr1768	f27980f0b1c7742f059ef87240900773	3180	donante	2.71507e-08
mvm_actual__3utr1768	f27980f0b1c7742f059ef87240900773	3181	aceptor	5.10173e-07
mvm_actual__3utr1768	f27980f0b1c7742f059ef87240900773	3181	donante	2.42309e-08
mvm_actual__3utr1768	f27980f0b1c7742f059ef87240900773	3182	aceptor	2.16305e-07
mvm_actual__3utr1768	f27980f0b1c7742f059ef87240900773	3182	donante	9.05696e-09
mvm_actual__3utr1768	f27980f0b1c7742f059ef87240900773	3183	aceptor	3.26453e-07
mvm_actual__3utr1768	f27980f0b1c7742f059ef87240900773	3183	donante	4.77242e-09
mvm_actual__3utr1768	f27980f0b1c7742f059ef87240900773	3184	aceptor	1.39792e-06
mvm_actual__3utr1768	f27980f0b1c7742f059ef87240900773	3184	donante	5.125e-08
mvm_actual__3utr1768	f27980f0b1c7742f059ef87240900773	3185	aceptor	4.75223e-07
mvm_actual__3utr1768	f27980f0b1c7742f059ef87240900773	3185	donante	1.15354e-08
mvm_actual__3utr1768	f27980f0b1c7742f059ef87240900773	3186	aceptor	2.40858e-07
mvm_actual__3utr1768	f27980f0b1c7742f059ef87240900773	3186	donante	3.8578e-08
mvm_actual__3utr1768	f27980f0b1c7742f059ef87240900773	3187	aceptor	1.75101e-06
mvm_actual__3utr1768	f27980f0b1c7742f059ef87240900773	3187	donante	6.92376e-08
mvm_actual__3utr1768	f27980f0b1c7742f059ef87240900773	3188	aceptor	6.96859e-07
mvm_actual__3utr1768	f27980f0b1c7742f059ef87240900773	3188	donante	9.70522e-09
mvm_actual__3utr1768	f27980f0b1c7742f059ef87240900773	3189	aceptor	1.02153e-06
mvm_actual__3utr1768	f27980f0b1c7742f059ef87240900773	3189	donante	5.25586e-08
mvm_actual__3utr1768	f27980f0b1c7742f059ef87240900773	3190	aceptor	1.80362e-07
mvm_actual__3utr1768	f27980f0b1c7742f059ef87240900773	3190	donante	7.91631e-08
mvm_actual__3utr1768	f27980f0b1c7742f059ef87240900773	3191	aceptor	2.51813e-07
mvm_actual__3utr1768	f27980f0b1c7742f059ef87240900773	3191	donante	5.70271e-08
mvm_actual__3utr1768	f27980f0b1c7742f059ef87240900773	3192	aceptor	1.05071e-06
mvm_actual__3utr1768	f27980f0b1c7742f059ef87240900773	3192	donante	2.12249e-07
mvm_actual__3utr1768	f27980f0b1c7742f059ef87240900773	3193	aceptor	0.000142031
mvm_actual__3utr1768	f27980f0b1c7742f059ef87240900773	3193	donante	8.73327e-06
mvm_actual__3utr1768	f27980f0b1c7742f059ef87240900773	3194	aceptor	6.42926e-08
mvm_actual__3utr1768	f27980f0b1c7742f059ef87240900773	3194	donante	2.91335e-07
mvm_actual__3utr1768	f27980f0b1c7742f059ef87240900773	3195	aceptor	9.68911e-06
mvm_actual__3utr1768	f27980f0b1c7742f059ef87240900773	3195	donante	5.48326e-07
mvm_actual__3utr1768	f27980f0b1c7742f059ef87240900773	3196	aceptor	3.51617e-08
mvm_actual__3utr1768	f27980f0b1c7742f059ef87240900773	3196	donante	1.06881e-06
mvm_actual__3utr1768	f27980f0b1c7742f059ef87240900773	3197	aceptor	2.36511e-08
mvm_actual__3utr1768	f27980f0b1c7742f059ef87240900773	3197	donante	8.76113e-07
mvm_actual__3utr1768	f27980f0b1c7742f059ef87240900773	3198	aceptor	6.43333e-08
mvm_actual__3utr1768	f27980f0b1c7742f059ef87240900773	3198	donante	5.01331e-08
mvm_actual__3utr1768	f27980f0b1c7742f059ef87240900773	3199	aceptor	2.28064e-05
mvm_actual__3utr1768	f27980f0b1c7742f059ef87240900773	3199	donante	2.05376e-06
mvm_actual__3utr1768	f27980f0b1c7742f059ef87240900773	3200	aceptor	8.92035e-08
mvm_actual__3utr1768	f27980f0b1c7742f059ef87240900773	3200	donante	2.26051e-07
mvm_actual__3utr1768	f27980f0b1c7742f059ef87240900773	3201	aceptor	8.64874e-08
mvm_actual__3utr1768	f27980f0b1c7742f059ef87240900773	3201	donante	9.28003e-07
mvm_actual__3utr1768	f27980f0b1c7742f059ef87240900773	3202	aceptor	3.19468e-08
mvm_actual__3utr1768	f27980f0b1c7742f059ef87240900773	3202	donante	1.16905e-06
mvm_actual__3utr1768	f27980f0b1c7742f059ef87240900773	3203	aceptor	7.28188e-07
mvm_actual__3utr1768	f27980f0b1c7742f059ef87240900773	3203	donante	1.77002e-06
mvm_actual__3utr1768	f27980f0b1c7742f059ef87240900773	3204	aceptor	1.10909e-05
mvm_actual__3utr1768	f27980f0b1c7742f059ef87240900773	3204	donante	6.32894e-07
mvm_actual__3utr1768	f27980f0b1c7742f059ef87240900773	3205	aceptor	1.55983e-07
mvm_actual__3utr1768	f27980f0b1c7742f059ef87240900773	3205	donante	4.40578e-07
mvm_actual__3utr1768	f27980f0b1c7742f059ef87240900773	3206	aceptor	3.70871e-07
mvm_actual__3utr1768	f27980f0b1c7742f059ef87240900773	3206	donante	6.2517e-08
mvm_actual__3utr1768	f27980f0b1c7742f059ef87240900773	3207	aceptor	7.55148e-08
mvm_actual__3utr1768	f27980f0b1c7742f059ef87240900773	3207	donante	3.21747e-07
mvm_actual__3utr1768	f27980f0b1c7742f059ef87240900773	3208	aceptor	1.79709e-07
mvm_actual__3utr1768	f27980f0b1c7742f059ef87240900773	3208	donante	7.93392e-08
mvm_actual__3utr1768	f27980f0b1c7742f059ef87240900773	3209	aceptor	1.03466e-06
mvm_actual__3utr1768	f27980f0b1c7742f059ef87240900773	3209	donante	3.58397e-07
mvm_actual__3utr1768	f27980f0b1c7742f059ef87240900773	3210	aceptor	1.52327e-07
mvm_actual__3utr1768	f27980f0b1c7742f059ef87240900773	3210	donante	4.62816e-07
mvm_actual__3utr1768	f27980f0b1c7742f059ef87240900773	3211	aceptor	6.87027e-06
mvm_actual__3utr1768	f27980f0b1c7742f059ef87240900773	3211	donante	2.18801e-07
mvm_actual__3utr1768	f27980f0b1c7742f059ef87240900773	3212	aceptor	2.41497e-06
mvm_actual__3utr1768	f27980f0b1c7742f059ef87240900773	3212	donante	1.48661e-06
mvm_actual__3utr1768	f27980f0b1c7742f059ef87240900773	3213	aceptor	2.2562e-05
mvm_actual__3utr1768	f27980f0b1c7742f059ef87240900773	3213	donante	0.00343899
mvm_actual__3utr1768	f27980f0b1c7742f059ef87240900773	3214	aceptor	3.76021e-05
mvm_actual__3utr1768	f27980f0b1c7742f059ef87240900773	3214	donante	8.40313e-07
mvm_actual__3utr1768	f27980f0b1c7742f059ef87240900773	3215	aceptor	2.68483e-06
mvm_actual__3utr1768	f27980f0b1c7742f059ef87240900773	3215	donante	2.30168e-06
mvm_actual__3utr1768	f27980f0b1c7742f059ef87240900773	3216	aceptor	7.99685e-07
mvm_actual__3utr1768	f27980f0b1c7742f059ef87240900773	3216	donante	5.18881e-07
mvm_actual__3utr1768	f27980f0b1c7742f059ef87240900773	3217	aceptor	2.49454e-07
mvm_actual__3utr1768	f27980f0b1c7742f059ef87240900773	3217	donante	9.79264e-07
mvm_actual__3utr1768	f27980f0b1c7742f059ef87240900773	3218	aceptor	2.73288e-06
mvm_actual__3utr1768	f27980f0b1c7742f059ef87240900773	3218	donante	1.81471e-07
mvm_actual__3utr1768	f27980f0b1c7742f059ef87240900773	3219	aceptor	2.23084e-07
mvm_actual__3utr1768	f27980f0b1c7742f059ef87240900773	3219	donante	1.42325e-07
mvm_actual__3utr1768	f27980f0b1c7742f059ef87240900773	3220	aceptor	5.93371e-07
mvm_actual__3utr1768	f27980f0b1c7742f059ef87240900773	3220	donante	2.05873e-07
mvm_actual__3utr1768	f27980f0b1c7742f059ef87240900773	3221	aceptor	1.94962e-06
mvm_actual__3utr1768	f27980f0b1c7742f059ef87240900773	3221	donante	4.07759e-07
mvm_actual__3utr1768	f27980f0b1c7742f059ef87240900773	3222	aceptor	8.8443e-07
mvm_actual__3utr1768	f27980f0b1c7742f059ef87240900773	3222	donante	3.47636e-07
mvm_actual__3utr1768	f27980f0b1c7742f059ef87240900773	3223	aceptor	9.12521e-07
mvm_actual__3utr1768	f27980f0b1c7742f059ef87240900773	3223	donante	9.08332e-07
mvm_actual__3utr1768	f27980f0b1c7742f059ef87240900773	3224	aceptor	1.27825e-07
mvm_actual__3utr1768	f27980f0b1c7742f059ef87240900773	3224	donante	2.90799e-07
mvm_actual__3utr1768	f27980f0b1c7742f059ef87240900773	3225	aceptor	1.06711e-06
mvm_actual__3utr1768	f27980f0b1c7742f059ef87240900773	3225	donante	2.19974e-07
mvm_actual__3utr1768	f27980f0b1c7742f059ef87240900773	3226	aceptor	8.9496e-08
mvm_actual__3utr1768	f27980f0b1c7742f059ef87240900773	3226	donante	1.76443e-07
mvm_actual__3utr1768	f27980f0b1c7742f059ef87240900773	3227	aceptor	1.87032e-07
mvm_actual__3utr1768	f27980f0b1c7742f059ef87240900773	3227	donante	1.44973e-07
mvm_actual__3utr1768	f27980f0b1c7742f059ef87240900773	3228	aceptor	6.66837e-07
mvm_actual__3utr1768	f27980f0b1c7742f059ef87240900773	3228	donante	1.03793e-07
mvm_actual__3utr1768	f27980f0b1c7742f059ef87240900773	3229	aceptor	1.9927e-07
mvm_actual__3utr1768	f27980f0b1c7742f059ef87240900773	3229	donante	2.80657e-07
mvm_actual__3utr1768	f27980f0b1c7742f059ef87240900773	3230	aceptor	4.02158e-06
mvm_actual__3utr1768	f27980f0b1c7742f059ef87240900773	3230	donante	5.4671e-05
mvm_actual__3utr1768	f27980f0b1c7742f059ef87240900773	3231	aceptor	2.46446e-07
mvm_actual__3utr1768	f27980f0b1c7742f059ef87240900773	3231	donante	1.20621e-07
mvm_actual__3utr1768	f27980f0b1c7742f059ef87240900773	3232	aceptor	0.000298738
mvm_actual__3utr1768	f27980f0b1c7742f059ef87240900773	3232	donante	5.06107e-06
mvm_actual__3utr1768	f27980f0b1c7742f059ef87240900773	3233	aceptor	3.81396e-07
mvm_actual__3utr1768	f27980f0b1c7742f059ef87240900773	3233	donante	4.93349e-08
mvm_actual__3utr1768	f27980f0b1c7742f059ef87240900773	3234	aceptor	2.65209e-07
mvm_actual__3utr1768	f27980f0b1c7742f059ef87240900773	3234	donante	5.59901e-07
mvm_actual__3utr1768	f27980f0b1c7742f059ef87240900773	3235	aceptor	1.46141e-07
mvm_actual__3utr1768	f27980f0b1c7742f059ef87240900773	3235	donante	3.9748e-08
mvm_actual__3utr1768	f27980f0b1c7742f059ef87240900773	3236	aceptor	5.0125e-06
mvm_actual__3utr1768	f27980f0b1c7742f059ef87240900773	3236	donante	3.84849e-07
mvm_actual__3utr1768	f27980f0b1c7742f059ef87240900773	3237	aceptor	6.11702e-07
mvm_actual__3utr1768	f27980f0b1c7742f059ef87240900773	3237	donante	1.97735e-07
mvm_actual__3utr1768	f27980f0b1c7742f059ef87240900773	3238	aceptor	5.63707e-07
mvm_actual__3utr1768	f27980f0b1c7742f059ef87240900773	3238	donante	1.78866e-07
mvm_actual__3utr1768	f27980f0b1c7742f059ef87240900773	3239	aceptor	4.29492e-07
mvm_actual__3utr1768	f27980f0b1c7742f059ef87240900773	3239	donante	1.3939e-07
mvm_actual__3utr1768	f27980f0b1c7742f059ef87240900773	3240	aceptor	1.66934e-07
mvm_actual__3utr1768	f27980f0b1c7742f059ef87240900773	3240	donante	1.26098e-07
mvm_actual__3utr1768	f27980f0b1c7742f059ef87240900773	3241	aceptor	2.71584e-07
mvm_actual__3utr1768	f27980f0b1c7742f059ef87240900773	3241	donante	1.65563e-07
mvm_actual__3utr1768	f27980f0b1c7742f059ef87240900773	3242	aceptor	2.74553e-07
mvm_actual__3utr1768	f27980f0b1c7742f059ef87240900773	3242	donante	1.92302e-07
mvm_actual__3utr1768	f27980f0b1c7742f059ef87240900773	3243	aceptor	3.98738e-07
mvm_actual__3utr1768	f27980f0b1c7742f059ef87240900773	3243	donante	2.99759e-07
mvm_actual__3utr1768	f27980f0b1c7742f059ef87240900773	3244	aceptor	3.1712e-07
mvm_actual__3utr1768	f27980f0b1c7742f059ef87240900773	3244	donante	1.00651e-07
mvm_actual__3utr1768	f27980f0b1c7742f059ef87240900773	3245	aceptor	1.01237e-06
mvm_actual__3utr1768	f27980f0b1c7742f059ef87240900773	3245	donante	1.75415e-07
mvm_actual__3utr1768	f27980f0b1c7742f059ef87240900773	3246	aceptor	8.55289e-07
mvm_actual__3utr1768	f27980f0b1c7742f059ef87240900773	3246	donante	2.01051e-07
mvm_actual__3utr1768	f27980f0b1c7742f059ef87240900773	3247	aceptor	5.99854e-07
mvm_actual__3utr1768	f27980f0b1c7742f059ef87240900773	3247	donante	2.19988e-07
mvm_actual__3utr1768	f27980f0b1c7742f059ef87240900773	3248	aceptor	1.15206e-06
mvm_actual__3utr1768	f27980f0b1c7742f059ef87240900773	3248	donante	4.21691e-08
mvm_actual__3utr1768	f27980f0b1c7742f059ef87240900773	3249	aceptor	8.81931e-07
mvm_actual__3utr1768	f27980f0b1c7742f059ef87240900773	3249	donante	1.23182e-07
mvm_actual__3utr1768	f27980f0b1c7742f059ef87240900773	3250	aceptor	2.01699e-06
mvm_actual__3utr1768	f27980f0b1c7742f059ef87240900773	3250	donante	4.97499e-05
mvm_actual__3utr1768	f27980f0b1c7742f059ef87240900773	3251	aceptor	7.52972e-06
mvm_actual__3utr1768	f27980f0b1c7742f059ef87240900773	3251	donante	4.62194e-07
mvm_actual__3utr1768	f27980f0b1c7742f059ef87240900773	3252	aceptor	0.000732687
mvm_actual__3utr1768	f27980f0b1c7742f059ef87240900773	3252	donante	4.38374e-06
mvm_actual__3utr1768	f27980f0b1c7742f059ef87240900773	3253	aceptor	4.6664e-07
mvm_actual__3utr1768	f27980f0b1c7742f059ef87240900773	3253	donante	9.71947e-07
mvm_actual__3utr1768	f27980f0b1c7742f059ef87240900773	3254	aceptor	4.80882e-07
mvm_actual__3utr1768	f27980f0b1c7742f059ef87240900773	3254	donante	8.78715e-07
mvm_actual__3utr1768	f27980f0b1c7742f059ef87240900773	3255	aceptor	1.25882e-06
mvm_actual__3utr1768	f27980f0b1c7742f059ef87240900773	3255	donante	5.74065e-07
mvm_actual__3utr1768	f27980f0b1c7742f059ef87240900773	3256	aceptor	1.76426e-07
mvm_actual__3utr1768	f27980f0b1c7742f059ef87240900773	3256	donante	4.35831e-07
mvm_actual__3utr1768	f27980f0b1c7742f059ef87240900773	3257	aceptor	2.91366e-07
mvm_actual__3utr1768	f27980f0b1c7742f059ef87240900773	3257	donante	9.4978e-07
mvm_actual__3utr1768	f27980f0b1c7742f059ef87240900773	3258	aceptor	2.01971e-07
mvm_actual__3utr1768	f27980f0b1c7742f059ef87240900773	3258	donante	6.17324e-07
mvm_actual__3utr1768	f27980f0b1c7742f059ef87240900773	3259	aceptor	5.28325e-07
mvm_actual__3utr1768	f27980f0b1c7742f059ef87240900773	3259	donante	1.05047e-07
mvm_actual__3utr1768	f27980f0b1c7742f059ef87240900773	3260	aceptor	3.03644e-07
mvm_actual__3utr1768	f27980f0b1c7742f059ef87240900773	3260	donante	2.77379e-07
mvm_actual__3utr1768	f27980f0b1c7742f059ef87240900773	3261	aceptor	4.84225e-07
mvm_actual__3utr1768	f27980f0b1c7742f059ef87240900773	3261	donante	6.35787e-06
mvm_actual__3utr1768	f27980f0b1c7742f059ef87240900773	3262	aceptor	1.92066e-07
mvm_actual__3utr1768	f27980f0b1c7742f059ef87240900773	3262	donante	4.84414e-08
mvm_actual__3utr1768	f27980f0b1c7742f059ef87240900773	3263	aceptor	1.53392e-05
mvm_actual__3utr1768	f27980f0b1c7742f059ef87240900773	3263	donante	3.57044e-07
mvm_actual__3utr1768	f27980f0b1c7742f059ef87240900773	3264	aceptor	1.48029e-07
mvm_actual__3utr1768	f27980f0b1c7742f059ef87240900773	3264	donante	2.15559e-07
mvm_actual__3utr1768	f27980f0b1c7742f059ef87240900773	3265	aceptor	3.22777e-07
mvm_actual__3utr1768	f27980f0b1c7742f059ef87240900773	3265	donante	3.88924e-07
mvm_actual__3utr1768	f27980f0b1c7742f059ef87240900773	3266	aceptor	8.71964e-09
mvm_actual__3utr1768	f27980f0b1c7742f059ef87240900773	3266	donante	2.94989e-07
mvm_actual__3utr1768	f27980f0b1c7742f059ef87240900773	3267	aceptor	1.09834e-07
mvm_actual__3utr1768	f27980f0b1c7742f059ef87240900773	3267	donante	8.85457e-07
mvm_actual__3utr1768	f27980f0b1c7742f059ef87240900773	3268	aceptor	2.91456e-06
mvm_actual__3utr1768	f27980f0b1c7742f059ef87240900773	3268	donante	2.39648e-06
mvm_actual__3utr1768	f27980f0b1c7742f059ef87240900773	3269	aceptor	2.49354e-08
mvm_actual__3utr1768	f27980f0b1c7742f059ef87240900773	3269	donante	2.68841e-07
mvm_actual__3utr1768	f27980f0b1c7742f059ef87240900773	3270	aceptor	2.07512e-08
mvm_actual__3utr1768	f27980f0b1c7742f059ef87240900773	3270	donante	1.30526e-07
mvm_actual__3utr1768	f27980f0b1c7742f059ef87240900773	3271	aceptor	8.31886e-08
mvm_actual__3utr1768	f27980f0b1c7742f059ef87240900773	3271	donante	2.17501e-07
mvm_actual__3utr1768	f27980f0b1c7742f059ef87240900773	3272	aceptor	2.34889e-07
mvm_actual__3utr1768	f27980f0b1c7742f059ef87240900773	3272	donante	6.48623e-07
mvm_actual__3utr1768	f27980f0b1c7742f059ef87240900773	3273	aceptor	2.46829e-08
mvm_actual__3utr1768	f27980f0b1c7742f059ef87240900773	3273	donante	1.03729e-06
mvm_actual__3utr1768	f27980f0b1c7742f059ef87240900773	3274	aceptor	4.59903e-06
mvm_actual__3utr1768	f27980f0b1c7742f059ef87240900773	3274	donante	5.91273e-07
mvm_actual__3utr1768	f27980f0b1c7742f059ef87240900773	3275	aceptor	3.5848e-07
mvm_actual__3utr1768	f27980f0b1c7742f059ef87240900773	3275	donante	0.000265619
mvm_actual__3utr1768	f27980f0b1c7742f059ef87240900773	3276	aceptor	1.83765e-07
mvm_actual__3utr1768	f27980f0b1c7742f059ef87240900773	3276	donante	6.33528e-07
mvm_actual__3utr1768	f27980f0b1c7742f059ef87240900773	3277	aceptor	1.11855e-07
mvm_actual__3utr1768	f27980f0b1c7742f059ef87240900773	3277	donante	9.33423e-07
mvm_actual__3utr1768	f27980f0b1c7742f059ef87240900773	3278	aceptor	3.51139e-08
mvm_actual__3utr1768	f27980f0b1c7742f059ef87240900773	3278	donante	7.01126e-07
mvm_actual__3utr1768	f27980f0b1c7742f059ef87240900773	3279	aceptor	3.42109e-08
mvm_actual__3utr1768	f27980f0b1c7742f059ef87240900773	3279	donante	2.5325e-06
mvm_actual__3utr1768	f27980f0b1c7742f059ef87240900773	3280	aceptor	2.27595e-07
mvm_actual__3utr1768	f27980f0b1c7742f059ef87240900773	3280	donante	4.48254e-07
mvm_actual__3utr1768	f27980f0b1c7742f059ef87240900773	3281	aceptor	4.59261e-08
mvm_actual__3utr1768	f27980f0b1c7742f059ef87240900773	3281	donante	2.25049e-07
mvm_actual__3utr1768	f27980f0b1c7742f059ef87240900773	3282	aceptor	1.88972e-08
mvm_actual__3utr1768	f27980f0b1c7742f059ef87240900773	3282	donante	2.41505e-07
mvm_actual__3utr1768	f27980f0b1c7742f059ef87240900773	3283	aceptor	1.52866e-07
mvm_actual__3utr1768	f27980f0b1c7742f059ef87240900773	3283	donante	2.59709e-07
mvm_actual__3utr1768	f27980f0b1c7742f059ef87240900773	3284	aceptor	1.20098e-07
mvm_actual__3utr1768	f27980f0b1c7742f059ef87240900773	3284	donante	4.66114e-07
mvm_actual__3utr1768	f27980f0b1c7742f059ef87240900773	3285	aceptor	1.9579e-07
mvm_actual__3utr1768	f27980f0b1c7742f059ef87240900773	3285	donante	5.54703e-07
mvm_actual__3utr1768	f27980f0b1c7742f059ef87240900773	3286	aceptor	4.58787e-07
mvm_actual__3utr1768	f27980f0b1c7742f059ef87240900773	3286	donante	1.52324e-06
mvm_actual__3utr1768	f27980f0b1c7742f059ef87240900773	3287	aceptor	3.03808e-07
mvm_actual__3utr1768	f27980f0b1c7742f059ef87240900773	3287	donante	1.51293e-06
mvm_actual__3utr1768	f27980f0b1c7742f059ef87240900773	3288	aceptor	3.67073e-06
mvm_actual__3utr1768	f27980f0b1c7742f059ef87240900773	3288	donante	1.19651e-06
mvm_actual__3utr1768	f27980f0b1c7742f059ef87240900773	3289	aceptor	1.8183e-07
mvm_actual__3utr1768	f27980f0b1c7742f059ef87240900773	3289	donante	4.45888e-07
mvm_actual__3utr1768	f27980f0b1c7742f059ef87240900773	3290	aceptor	1.69872e-07
mvm_actual__3utr1768	f27980f0b1c7742f059ef87240900773	3290	donante	9.16453e-07
mvm_actual__3utr1768	f27980f0b1c7742f059ef87240900773	3291	aceptor	3.21325e-07
mvm_actual__3utr1768	f27980f0b1c7742f059ef87240900773	3291	donante	1.1961e-05
mvm_actual__3utr1768	f27980f0b1c7742f059ef87240900773	3292	aceptor	1.32756e-06
mvm_actual__3utr1768	f27980f0b1c7742f059ef87240900773	3292	donante	2.52559e-06
mvm_actual__3utr1768	f27980f0b1c7742f059ef87240900773	3293	aceptor	5.39334e-06
mvm_actual__3utr1768	f27980f0b1c7742f059ef87240900773	3293	donante	1.75109e-06
mvm_actual__3utr1768	f27980f0b1c7742f059ef87240900773	3294	aceptor	1.98039e-07
mvm_actual__3utr1768	f27980f0b1c7742f059ef87240900773	3294	donante	3.23232e-07
mvm_actual__3utr1768	f27980f0b1c7742f059ef87240900773	3295	aceptor	7.69458e-07
mvm_actual__3utr1768	f27980f0b1c7742f059ef87240900773	3295	donante	1.19837e-06
mvm_actual__3utr1768	f27980f0b1c7742f059ef87240900773	3296	aceptor	5.30877e-07
mvm_actual__3utr1768	f27980f0b1c7742f059ef87240900773	3296	donante	6.79674e-07
mvm_actual__3utr1768	f27980f0b1c7742f059ef87240900773	3297	aceptor	1.59882e-06
mvm_actual__3utr1768	f27980f0b1c7742f059ef87240900773	3297	donante	7.71502e-07
mvm_actual__3utr1768	f27980f0b1c7742f059ef87240900773	3298	aceptor	7.05343e-07
mvm_actual__3utr1768	f27980f0b1c7742f059ef87240900773	3298	donante	7.29972e-07
mvm_actual__3utr1768	f27980f0b1c7742f059ef87240900773	3299	aceptor	1.40335e-07
mvm_actual__3utr1768	f27980f0b1c7742f059ef87240900773	3299	donante	1.55867e-06
mvm_actual__3utr1768	f27980f0b1c7742f059ef87240900773	3300	aceptor	4.5953e-05
mvm_actual__3utr1768	f27980f0b1c7742f059ef87240900773	3300	donante	9.8714e-07
mvm_actual__3utr1768	f27980f0b1c7742f059ef87240900773	3301	aceptor	1.83548e-07
mvm_actual__3utr1768	f27980f0b1c7742f059ef87240900773	3301	donante	3.11628e-07
mvm_actual__3utr1768	f27980f0b1c7742f059ef87240900773	3302	aceptor	3.59676e-08
mvm_actual__3utr1768	f27980f0b1c7742f059ef87240900773	3302	donante	1.39388e-07
mvm_actual__3utr1768	f27980f0b1c7742f059ef87240900773	3303	aceptor	2.95949e-07
mvm_actual__3utr1768	f27980f0b1c7742f059ef87240900773	3303	donante	1.12879e-06
mvm_actual__3utr1768	f27980f0b1c7742f059ef87240900773	3304	aceptor	8.86918e-08
mvm_actual__3utr1768	f27980f0b1c7742f059ef87240900773	3304	donante	2.38525e-07
mvm_actual__3utr1768	f27980f0b1c7742f059ef87240900773	3305	aceptor	1.2297e-07
mvm_actual__3utr1768	f27980f0b1c7742f059ef87240900773	3305	donante	1.06144e-07
mvm_actual__3utr1768	f27980f0b1c7742f059ef87240900773	3306	aceptor	1.6296e-07
mvm_actual__3utr1768	f27980f0b1c7742f059ef87240900773	3306	donante	3.91369e-07
mvm_actual__3utr1768	f27980f0b1c7742f059ef87240900773	3307	aceptor	4.55522e-08
mvm_actual__3utr1768	f27980f0b1c7742f059ef87240900773	3307	donante	6.32141e-07
mvm_actual__3utr1768	f27980f0b1c7742f059ef87240900773	3308	aceptor	1.8438e-07
mvm_actual__3utr1768	f27980f0b1c7742f059ef87240900773	3308	donante	2.77677e-07
mvm_actual__3utr1768	f27980f0b1c7742f059ef87240900773	3309	aceptor	8.37456e-08
mvm_actual__3utr1768	f27980f0b1c7742f059ef87240900773	3309	donante	1.98792e-07
mvm_actual__3utr1768	f27980f0b1c7742f059ef87240900773	3310	aceptor	1.80336e-07
mvm_actual__3utr1768	f27980f0b1c7742f059ef87240900773	3310	donante	5.5141e-07
mvm_actual__3utr1768	f27980f0b1c7742f059ef87240900773	3311	aceptor	1.749e-08
mvm_actual__3utr1768	f27980f0b1c7742f059ef87240900773	3311	donante	2.28348e-07
mvm_actual__3utr1768	f27980f0b1c7742f059ef87240900773	3312	aceptor	3.51206e-08
mvm_actual__3utr1768	f27980f0b1c7742f059ef87240900773	3312	donante	1.06738e-07
mvm_actual__3utr1768	f27980f0b1c7742f059ef87240900773	3313	aceptor	6.51908e-08
mvm_actual__3utr1768	f27980f0b1c7742f059ef87240900773	3313	donante	7.04383e-07
mvm_actual__3utr1768	f27980f0b1c7742f059ef87240900773	3314	aceptor	2.05257e-07
mvm_actual__3utr1768	f27980f0b1c7742f059ef87240900773	3314	donante	2.34857e-07
mvm_actual__3utr1768	f27980f0b1c7742f059ef87240900773	3315	aceptor	5.40096e-07
mvm_actual__3utr1768	f27980f0b1c7742f059ef87240900773	3315	donante	3.79724e-07
mvm_actual__3utr1768	f27980f0b1c7742f059ef87240900773	3316	aceptor	3.50758e-07
mvm_actual__3utr1768	f27980f0b1c7742f059ef87240900773	3316	donante	9.48628e-07
mvm_actual__3utr1768	f27980f0b1c7742f059ef87240900773	3317	aceptor	9.2781e-08
mvm_actual__3utr1768	f27980f0b1c7742f059ef87240900773	3317	donante	4.40924e-07
mvm_actual__3utr1768	f27980f0b1c7742f059ef87240900773	3318	aceptor	2.05253e-07
mvm_actual__3utr1768	f27980f0b1c7742f059ef87240900773	3318	donante	2.38357e-07
mvm_actual__3utr1768	f27980f0b1c7742f059ef87240900773	3319	aceptor	3.77067e-07
mvm_actual__3utr1768	f27980f0b1c7742f059ef87240900773	3319	donante	5.25626e-07
mvm_actual__3utr1768	f27980f0b1c7742f059ef87240900773	3320	aceptor	2.89491e-07
mvm_actual__3utr1768	f27980f0b1c7742f059ef87240900773	3320	donante	8.03181e-07
mvm_actual__3utr1768	f27980f0b1c7742f059ef87240900773	3321	aceptor	1.30167e-07
mvm_actual__3utr1768	f27980f0b1c7742f059ef87240900773	3321	donante	9.63764e-07
mvm_actual__3utr1768	f27980f0b1c7742f059ef87240900773	3322	aceptor	1.41747e-07
mvm_actual__3utr1768	f27980f0b1c7742f059ef87240900773	3322	donante	6.47008e-07
mvm_actual__3utr1768	f27980f0b1c7742f059ef87240900773	3323	aceptor	1.69524e-07
mvm_actual__3utr1768	f27980f0b1c7742f059ef87240900773	3323	donante	2.09745e-06
mvm_actual__3utr1768	f27980f0b1c7742f059ef87240900773	3324	aceptor	7.71459e-05
mvm_actual__3utr1768	f27980f0b1c7742f059ef87240900773	3324	donante	4.89413e-06
mvm_actual__3utr1768	f27980f0b1c7742f059ef87240900773	3325	aceptor	2.8921e-07
mvm_actual__3utr1768	f27980f0b1c7742f059ef87240900773	3325	donante	5.99134e-06
mvm_actual__3utr1768	f27980f0b1c7742f059ef87240900773	3326	aceptor	4.54855e-07
mvm_actual__3utr1768	f27980f0b1c7742f059ef87240900773	3326	donante	1.72749e-06
mvm_actual__3utr1768	f27980f0b1c7742f059ef87240900773	3327	aceptor	1.13638e-07
mvm_actual__3utr1768	f27980f0b1c7742f059ef87240900773	3327	donante	7.80837e-07
mvm_actual__3utr1768	f27980f0b1c7742f059ef87240900773	3328	aceptor	7.36262e-08
mvm_actual__3utr1768	f27980f0b1c7742f059ef87240900773	3328	donante	2.44448e-06
mvm_actual__3utr1768	f27980f0b1c7742f059ef87240900773	3329	aceptor	6.88217e-08
mvm_actual__3utr1768	f27980f0b1c7742f059ef87240900773	3329	donante	3.77819e-07
mvm_actual__3utr1768	f27980f0b1c7742f059ef87240900773	3330	aceptor	7.92579e-08
mvm_actual__3utr1768	f27980f0b1c7742f059ef87240900773	3330	donante	1.3898e-06
mvm_actual__3utr1768	f27980f0b1c7742f059ef87240900773	3331	aceptor	5.3061e-06
mvm_actual__3utr1768	f27980f0b1c7742f059ef87240900773	3331	donante	4.2171e-05
mvm_actual__3utr1768	f27980f0b1c7742f059ef87240900773	3332	aceptor	6.34085e-08
mvm_actual__3utr1768	f27980f0b1c7742f059ef87240900773	3332	donante	9.05882e-06
mvm_actual__3utr1768	f27980f0b1c7742f059ef87240900773	3333	aceptor	8.73304e-08
mvm_actual__3utr1768	f27980f0b1c7742f059ef87240900773	3333	donante	4.97306e-07
mvm_actual__3utr1768	f27980f0b1c7742f059ef87240900773	3334	aceptor	1.73205e-07
mvm_actual__3utr1768	f27980f0b1c7742f059ef87240900773	3334	donante	8.02757e-07
mvm_actual__3utr1768	f27980f0b1c7742f059ef87240900773	3335	aceptor	1.55095e-07
mvm_actual__3utr1768	f27980f0b1c7742f059ef87240900773	3335	donante	3.41748e-06
mvm_actual__3utr1768	f27980f0b1c7742f059ef87240900773	3336	aceptor	4.54009e-07
mvm_actual__3utr1768	f27980f0b1c7742f059ef87240900773	3336	donante	1.39619e-05
mvm_actual__3utr1768	f27980f0b1c7742f059ef87240900773	3337	aceptor	3.88538e-07
mvm_actual__3utr1768	f27980f0b1c7742f059ef87240900773	3337	donante	1.2598e-06
mvm_actual__3utr1768	f27980f0b1c7742f059ef87240900773	3338	aceptor	2.7278e-07
mvm_actual__3utr1768	f27980f0b1c7742f059ef87240900773	3338	donante	4.1753e-06
mvm_actual__3utr1768	f27980f0b1c7742f059ef87240900773	3339	aceptor	2.22032e-07
mvm_actual__3utr1768	f27980f0b1c7742f059ef87240900773	3339	donante	2.17707e-06
mvm_actual__3utr1768	f27980f0b1c7742f059ef87240900773	3340	aceptor	9.16625e-07
mvm_actual__3utr1768	f27980f0b1c7742f059ef87240900773	3340	donante	8.74041e-07
mvm_actual__3utr1768	f27980f0b1c7742f059ef87240900773	3341	aceptor	5.43261e-08
mvm_actual__3utr1768	f27980f0b1c7742f059ef87240900773	3341	donante	8.1839e-07
mvm_actual__3utr1768	f27980f0b1c7742f059ef87240900773	3342	aceptor	1.80473e-07
mvm_actual__3utr1768	f27980f0b1c7742f059ef87240900773	3342	donante	1.61813e-05
mvm_actual__3utr1768	f27980f0b1c7742f059ef87240900773	3343	aceptor	2.43142e-07
mvm_actual__3utr1768	f27980f0b1c7742f059ef87240900773	3343	donante	8.81583e-07
mvm_actual__3utr1768	f27980f0b1c7742f059ef87240900773	3344	aceptor	7.62414e-08
mvm_actual__3utr1768	f27980f0b1c7742f059ef87240900773	3344	donante	1.45143e-06
mvm_actual__3utr1768	f27980f0b1c7742f059ef87240900773	3345	aceptor	1.55012e-06
mvm_actual__3utr1768	f27980f0b1c7742f059ef87240900773	3345	donante	1.3116e-06
mvm_actual__3utr1768	f27980f0b1c7742f059ef87240900773	3346	aceptor	3.91111e-07
mvm_actual__3utr1768	f27980f0b1c7742f059ef87240900773	3346	donante	5.3903e-06
mvm_actual__3utr1768	f27980f0b1c7742f059ef87240900773	3347	aceptor	1.23308e-06
mvm_actual__3utr1768	f27980f0b1c7742f059ef87240900773	3347	donante	1.76269e-05
mvm_actual__3utr1768	f27980f0b1c7742f059ef87240900773	3348	aceptor	4.31717e-08
mvm_actual__3utr1768	f27980f0b1c7742f059ef87240900773	3348	donante	2.65211e-05
mvm_actual__3utr1768	f27980f0b1c7742f059ef87240900773	3349	aceptor	1.23735e-07
mvm_actual__3utr1768	f27980f0b1c7742f059ef87240900773	3349	donante	1.18767e-06
mvm_actual__3utr1768	f27980f0b1c7742f059ef87240900773	3350	aceptor	5.23021e-07
mvm_actual__3utr1768	f27980f0b1c7742f059ef87240900773	3350	donante	0.000195397
mvm_actual__3utr1768	f27980f0b1c7742f059ef87240900773	3351	aceptor	2.01795e-07
mvm_actual__3utr1768	f27980f0b1c7742f059ef87240900773	3351	donante	2.23166e-06
mvm_actual__3utr1768	f27980f0b1c7742f059ef87240900773	3352	aceptor	5.24689e-06
mvm_actual__3utr1768	f27980f0b1c7742f059ef87240900773	3352	donante	0.0145941
mvm_actual__3utr1768	f27980f0b1c7742f059ef87240900773	3353	aceptor	2.87183e-07
mvm_actual__3utr1768	f27980f0b1c7742f059ef87240900773	3353	donante	3.17656e-06
mvm_actual__3utr1768	f27980f0b1c7742f059ef87240900773	3354	aceptor	7.7534e-07
mvm_actual__3utr1768	f27980f0b1c7742f059ef87240900773	3354	donante	4.87002e-07
mvm_actual__3utr1768	f27980f0b1c7742f059ef87240900773	3355	aceptor	7.23959e-08
mvm_actual__3utr1768	f27980f0b1c7742f059ef87240900773	3355	donante	2.25863e-07
mvm_actual__3utr1768	f27980f0b1c7742f059ef87240900773	3356	aceptor	9.42915e-08
mvm_actual__3utr1768	f27980f0b1c7742f059ef87240900773	3356	donante	1.42414e-06
mvm_actual__3utr1768	f27980f0b1c7742f059ef87240900773	3357	aceptor	1.25438e-07
mvm_actual__3utr1768	f27980f0b1c7742f059ef87240900773	3357	donante	1.05915e-07
mvm_actual__3utr1768	f27980f0b1c7742f059ef87240900773	3358	aceptor	4.48678e-08
mvm_actual__3utr1768	f27980f0b1c7742f059ef87240900773	3358	donante	3.89238e-07
mvm_actual__3utr1768	f27980f0b1c7742f059ef87240900773	3359	aceptor	2.70274e-05
mvm_actual__3utr1768	f27980f0b1c7742f059ef87240900773	3359	donante	6.32192e-07
mvm_actual__3utr1768	f27980f0b1c7742f059ef87240900773	3360	aceptor	3.12589e-08
mvm_actual__3utr1768	f27980f0b1c7742f059ef87240900773	3360	donante	4.78783e-08
mvm_actual__3utr1768	f27980f0b1c7742f059ef87240900773	3361	aceptor	9.7774e-08
mvm_actual__3utr1768	f27980f0b1c7742f059ef87240900773	3361	donante	1.55477e-08
mvm_actual__3utr1768	f27980f0b1c7742f059ef87240900773	3362	aceptor	9.54359e-08
mvm_actual__3utr1768	f27980f0b1c7742f059ef87240900773	3362	donante	4.66283e-08
mvm_actual__3utr1768	f27980f0b1c7742f059ef87240900773	3363	aceptor	7.30487e-08
mvm_actual__3utr1768	f27980f0b1c7742f059ef87240900773	3363	donante	1.28597e-06
mvm_actual__3utr1768	f27980f0b1c7742f059ef87240900773	3364	aceptor	6.05091e-08
mvm_actual__3utr1768	f27980f0b1c7742f059ef87240900773	3364	donante	4.57474e-08
mvm_actual__3utr1768	f27980f0b1c7742f059ef87240900773	3365	aceptor	8.36462e-07
mvm_actual__3utr1768	f27980f0b1c7742f059ef87240900773	3365	donante	9.64643e-08
mvm_actual__3utr1768	f27980f0b1c7742f059ef87240900773	3366	aceptor	4.4742e-08
mvm_actual__3utr1768	f27980f0b1c7742f059ef87240900773	3366	donante	2.63949e-08
mvm_actual__3utr1768	f27980f0b1c7742f059ef87240900773	3367	aceptor	1.12787e-07
mvm_actual__3utr1768	f27980f0b1c7742f059ef87240900773	3367	donante	2.2674e-07
mvm_actual__3utr1768	f27980f0b1c7742f059ef87240900773	3368	aceptor	2.51727e-08
mvm_actual__3utr1768	f27980f0b1c7742f059ef87240900773	3368	donante	3.67266e-08
mvm_actual__3utr1768	f27980f0b1c7742f059ef87240900773	3369	aceptor	6.28987e-08
mvm_actual__3utr1768	f27980f0b1c7742f059ef87240900773	3369	donante	6.4424e-08
mvm_actual__3utr1768	f27980f0b1c7742f059ef87240900773	3370	aceptor	9.4989e-08
mvm_actual__3utr1768	f27980f0b1c7742f059ef87240900773	3370	donante	4.93136e-09
mvm_actual__3utr1768	f27980f0b1c7742f059ef87240900773	3371	aceptor	5.36788e-07
mvm_actual__3utr1768	f27980f0b1c7742f059ef87240900773	3371	donante	6.92385e-06
mvm_actual__3utr1768	f27980f0b1c7742f059ef87240900773	3372	aceptor	5.16755e-07
mvm_actual__3utr1768	f27980f0b1c7742f059ef87240900773	3372	donante	1.17797e-08
mvm_actual__3utr1768	f27980f0b1c7742f059ef87240900773	3373	aceptor	3.13419e-08
mvm_actual__3utr1768	f27980f0b1c7742f059ef87240900773	3373	donante	1.72323e-08
mvm_actual__3utr1768	f27980f0b1c7742f059ef87240900773	3374	aceptor	8.33996e-08
mvm_actual__3utr1768	f27980f0b1c7742f059ef87240900773	3374	donante	2.8081e-08
mvm_actual__3utr1768	f27980f0b1c7742f059ef87240900773	3375	aceptor	7.64366e-08
mvm_actual__3utr1768	f27980f0b1c7742f059ef87240900773	3375	donante	9.17718e-09
mvm_actual__3utr1768	f27980f0b1c7742f059ef87240900773	3376	aceptor	4.77747e-07
mvm_actual__3utr1768	f27980f0b1c7742f059ef87240900773	3376	donante	1.85186e-06
mvm_actual__3utr1768	f27980f0b1c7742f059ef87240900773	3377	aceptor	1.56609e-07
mvm_actual__3utr1768	f27980f0b1c7742f059ef87240900773	3377	donante	3.69009e-08
mvm_actual__3utr1768	f27980f0b1c7742f059ef87240900773	3378	aceptor	1.70637e-07
mvm_actual__3utr1768	f27980f0b1c7742f059ef87240900773	3378	donante	1.06945e-08
mvm_actual__3utr1768	f27980f0b1c7742f059ef87240900773	3379	aceptor	1.24458e-07
mvm_actual__3utr1768	f27980f0b1c7742f059ef87240900773	3379	donante	2.35709e-07
mvm_actual__3utr1768	f27980f0b1c7742f059ef87240900773	3380	aceptor	2.11629e-07
mvm_actual__3utr1768	f27980f0b1c7742f059ef87240900773	3380	donante	9.23535e-07
mvm_actual__3utr1768	f27980f0b1c7742f059ef87240900773	3381	aceptor	2.5646e-07
mvm_actual__3utr1768	f27980f0b1c7742f059ef87240900773	3381	donante	1.54218e-08
mvm_actual__3utr1768	f27980f0b1c7742f059ef87240900773	3382	aceptor	9.1427e-07
mvm_actual__3utr1768	f27980f0b1c7742f059ef87240900773	3382	donante	4.12162e-09
mvm_actual__3utr1768	f27980f0b1c7742f059ef87240900773	3383	aceptor	7.97965e-08
mvm_actual__3utr1768	f27980f0b1c7742f059ef87240900773	3383	donante	2.13167e-08
mvm_actual__3utr1768	f27980f0b1c7742f059ef87240900773	3384	aceptor	8.88456e-07
mvm_actual__3utr1768	f27980f0b1c7742f059ef87240900773	3384	donante	1.88209e-06
mvm_actual__3utr1768	f27980f0b1c7742f059ef87240900773	3385	aceptor	2.00155e-07
mvm_actual__3utr1768	f27980f0b1c7742f059ef87240900773	3385	donante	2.27628e-08
mvm_actual__3utr1768	f27980f0b1c7742f059ef87240900773	3386	aceptor	2.06156e-05
mvm_actual__3utr1768	f27980f0b1c7742f059ef87240900773	3386	donante	5.56524e-08
mvm_actual__3utr1768	f27980f0b1c7742f059ef87240900773	3387	aceptor	9.94386e-07
mvm_actual__3utr1768	f27980f0b1c7742f059ef87240900773	3387	donante	2.3188e-08
mvm_actual__3utr1768	f27980f0b1c7742f059ef87240900773	3388	aceptor	4.63975e-07
mvm_actual__3utr1768	f27980f0b1c7742f059ef87240900773	3388	donante	4.11746e-08
mvm_actual__3utr1768	f27980f0b1c7742f059ef87240900773	3389	aceptor	1.53164e-06
mvm_actual__3utr1768	f27980f0b1c7742f059ef87240900773	3389	donante	2.6134e-08
mvm_actual__3utr1768	f27980f0b1c7742f059ef87240900773	3390	aceptor	8.68704e-08
mvm_actual__3utr1768	f27980f0b1c7742f059ef87240900773	3390	donante	7.50944e-09
mvm_actual__3utr1768	f27980f0b1c7742f059ef87240900773	3391	aceptor	1.20812e-07
mvm_actual__3utr1768	f27980f0b1c7742f059ef87240900773	3391	donante	2.41573e-08
mvm_actual__3utr1768	f27980f0b1c7742f059ef87240900773	3392	aceptor	4.09572e-07
mvm_actual__3utr1768	f27980f0b1c7742f059ef87240900773	3392	donante	1.15373e-07
mvm_actual__3utr1768	f27980f0b1c7742f059ef87240900773	3393	aceptor	8.14391e-07
mvm_actual__3utr1768	f27980f0b1c7742f059ef87240900773	3393	donante	1.13867e-08
mvm_actual__3utr1768	f27980f0b1c7742f059ef87240900773	3394	aceptor	1.61123e-07
mvm_actual__3utr1768	f27980f0b1c7742f059ef87240900773	3394	donante	8.25744e-09
mvm_actual__3utr1768	f27980f0b1c7742f059ef87240900773	3395	aceptor	3.19251e-07
mvm_actual__3utr1768	f27980f0b1c7742f059ef87240900773	3395	donante	2.05961e-08
mvm_actual__3utr1768	f27980f0b1c7742f059ef87240900773	3396	aceptor	4.39926e-07
mvm_actual__3utr1768	f27980f0b1c7742f059ef87240900773	3396	donante	5.96185e-08
mvm_actual__3utr1768	f27980f0b1c7742f059ef87240900773	3397	aceptor	4.44185e-06
mvm_actual__3utr1768	f27980f0b1c7742f059ef87240900773	3397	donante	1.19075e-08
mvm_actual__3utr1768	f27980f0b1c7742f059ef87240900773	3398	aceptor	3.77037e-07
mvm_actual__3utr1768	f27980f0b1c7742f059ef87240900773	3398	donante	1.42494e-08
mvm_actual__3utr1768	f27980f0b1c7742f059ef87240900773	3399	aceptor	7.96981e-07
mvm_actual__3utr1768	f27980f0b1c7742f059ef87240900773	3399	donante	5.72244e-08
mvm_actual__3utr1768	f27980f0b1c7742f059ef87240900773	3400	aceptor	2.46141e-06
mvm_actual__3utr1768	f27980f0b1c7742f059ef87240900773	3400	donante	1.45845e-08
mvm_actual__3utr1768	f27980f0b1c7742f059ef87240900773	3401	aceptor	1.10192e-06
mvm_actual__3utr1768	f27980f0b1c7742f059ef87240900773	3401	donante	1.62071e-08
mvm_actual__3utr1768	f27980f0b1c7742f059ef87240900773	3402	aceptor	3.95627e-07
mvm_actual__3utr1768	f27980f0b1c7742f059ef87240900773	3402	donante	2.56459e-08
mvm_actual__3utr1768	f27980f0b1c7742f059ef87240900773	3403	aceptor	0.000370973
mvm_actual__3utr1768	f27980f0b1c7742f059ef87240900773	3403	donante	9.88237e-07
mvm_actual__3utr1768	f27980f0b1c7742f059ef87240900773	3404	aceptor	2.80397e-06
mvm_actual__3utr1768	f27980f0b1c7742f059ef87240900773	3404	donante	1.09715e-08
mvm_actual__3utr1768	f27980f0b1c7742f059ef87240900773	3405	aceptor	1.94674e-06
mvm_actual__3utr1768	f27980f0b1c7742f059ef87240900773	3405	donante	4.48652e-08
mvm_actual__3utr1768	f27980f0b1c7742f059ef87240900773	3406	aceptor	0.000149357
mvm_actual__3utr1768	f27980f0b1c7742f059ef87240900773	3406	donante	3.56554e-07
mvm_actual__3utr1768	f27980f0b1c7742f059ef87240900773	3407	aceptor	9.14835e-06
mvm_actual__3utr1768	f27980f0b1c7742f059ef87240900773	3407	donante	1.36719e-07
mvm_actual__3utr1768	f27980f0b1c7742f059ef87240900773	3408	aceptor	9.72815e-06
mvm_actual__3utr1768	f27980f0b1c7742f059ef87240900773	3408	donante	1.15379e-07
mvm_actual__3utr1768	f27980f0b1c7742f059ef87240900773	3409	aceptor	1.74175e-05
mvm_actual__3utr1768	f27980f0b1c7742f059ef87240900773	3409	donante	1.0604e-07
mvm_actual__3utr1768	f27980f0b1c7742f059ef87240900773	3410	aceptor	4.27976e-06
mvm_actual__3utr1768	f27980f0b1c7742f059ef87240900773	3410	donante	5.58255e-08
mvm_actual__3utr1768	f27980f0b1c7742f059ef87240900773	3411	aceptor	5.53831e-07
mvm_actual__3utr1768	f27980f0b1c7742f059ef87240900773	3411	donante	3.66612e-08
mvm_actual__3utr1768	f27980f0b1c7742f059ef87240900773	3412	aceptor	1.34412e-06
mvm_actual__3utr1768	f27980f0b1c7742f059ef87240900773	3412	donante	6.32741e-08
mvm_actual__3utr1768	f27980f0b1c7742f059ef87240900773	3413	aceptor	1.81504e-06
mvm_actual__3utr1768	f27980f0b1c7742f059ef87240900773	3413	donante	5.7829e-08
mvm_actual__3utr1768	f27980f0b1c7742f059ef87240900773	3414	aceptor	2.81447e-07
mvm_actual__3utr1768	f27980f0b1c7742f059ef87240900773	3414	donante	8.55898e-08
mvm_actual__3utr1768	f27980f0b1c7742f059ef87240900773	3415	aceptor	9.97825e-07
mvm_actual__3utr1768	f27980f0b1c7742f059ef87240900773	3415	donante	1.83124e-08
mvm_actual__3utr1768	f27980f0b1c7742f059ef87240900773	3416	aceptor	4.34444e-06
mvm_actual__3utr1768	f27980f0b1c7742f059ef87240900773	3416	donante	8.11405e-08
mvm_actual__3utr1768	f27980f0b1c7742f059ef87240900773	3417	aceptor	1.41589e-06
mvm_actual__3utr1768	f27980f0b1c7742f059ef87240900773	3417	donante	1.34081e-07
mvm_actual__3utr1768	f27980f0b1c7742f059ef87240900773	3418	aceptor	1.39457e-06
mvm_actual__3utr1768	f27980f0b1c7742f059ef87240900773	3418	donante	3.52331e-08
mvm_actual__3utr1768	f27980f0b1c7742f059ef87240900773	3419	aceptor	4.93734e-07
mvm_actual__3utr1768	f27980f0b1c7742f059ef87240900773	3419	donante	5.07966e-08
mvm_actual__3utr1768	f27980f0b1c7742f059ef87240900773	3420	aceptor	6.12917e-06
mvm_actual__3utr1768	f27980f0b1c7742f059ef87240900773	3420	donante	5.98884e-08
mvm_actual__3utr1768	f27980f0b1c7742f059ef87240900773	3421	aceptor	8.01499e-07
mvm_actual__3utr1768	f27980f0b1c7742f059ef87240900773	3421	donante	2.74144e-08
mvm_actual__3utr1768	f27980f0b1c7742f059ef87240900773	3422	aceptor	1.47168e-06
mvm_actual__3utr1768	f27980f0b1c7742f059ef87240900773	3422	donante	9.36676e-08
mvm_actual__3utr1768	f27980f0b1c7742f059ef87240900773	3423	aceptor	4.58809e-07
mvm_actual__3utr1768	f27980f0b1c7742f059ef87240900773	3423	donante	2.94433e-08
mvm_actual__3utr1768	f27980f0b1c7742f059ef87240900773	3424	aceptor	4.34306e-07
mvm_actual__3utr1768	f27980f0b1c7742f059ef87240900773	3424	donante	2.01715e-08
mvm_actual__3utr1768	f27980f0b1c7742f059ef87240900773	3425	aceptor	5.26146e-07
mvm_actual__3utr1768	f27980f0b1c7742f059ef87240900773	3425	donante	7.21153e-08
mvm_actual__3utr1768	f27980f0b1c7742f059ef87240900773	3426	aceptor	1.37031e-06
mvm_actual__3utr1768	f27980f0b1c7742f059ef87240900773	3426	donante	9.38591e-08
mvm_actual__3utr1768	f27980f0b1c7742f059ef87240900773	3427	aceptor	1.53889e-06
mvm_actual__3utr1768	f27980f0b1c7742f059ef87240900773	3427	donante	1.42038e-07
mvm_actual__3utr1768	f27980f0b1c7742f059ef87240900773	3428	aceptor	2.23115e-07
mvm_actual__3utr1768	f27980f0b1c7742f059ef87240900773	3428	donante	5.47338e-08
mvm_actual__3utr1768	f27980f0b1c7742f059ef87240900773	3429	aceptor	7.13087e-06
mvm_actual__3utr1768	f27980f0b1c7742f059ef87240900773	3429	donante	0.000141481
mvm_actual__3utr1768	f27980f0b1c7742f059ef87240900773	3430	aceptor	0.866079
mvm_actual__3utr1768	f27980f0b1c7742f059ef87240900773	3430	donante	1.15952e-05
mvm_actual__3utr1768	f27980f0b1c7742f059ef87240900773	3431	aceptor	1.74609e-06
mvm_actual__3utr1768	f27980f0b1c7742f059ef87240900773	3431	donante	1.37802e-07
mvm_actual__3utr1768	f27980f0b1c7742f059ef87240900773	3432	aceptor	1.62477e-06
mvm_actual__3utr1768	f27980f0b1c7742f059ef87240900773	3432	donante	6.53651e-08
mvm_actual__3utr1768	f27980f0b1c7742f059ef87240900773	3433	aceptor	2.3624e-06
mvm_actual__3utr1768	f27980f0b1c7742f059ef87240900773	3433	donante	1.6818e-07
mvm_actual__3utr1768	f27980f0b1c7742f059ef87240900773	3434	aceptor	6.77679e-05
mvm_actual__3utr1768	f27980f0b1c7742f059ef87240900773	3434	donante	2.89975e-07
mvm_actual__3utr1768	f27980f0b1c7742f059ef87240900773	3435	aceptor	4.85163e-06
mvm_actual__3utr1768	f27980f0b1c7742f059ef87240900773	3435	donante	2.80415e-07
mvm_actual__3utr1768	f27980f0b1c7742f059ef87240900773	3436	aceptor	5.42121e-07
mvm_actual__3utr1768	f27980f0b1c7742f059ef87240900773	3436	donante	5.59286e-08
mvm_actual__3utr1768	f27980f0b1c7742f059ef87240900773	3437	aceptor	4.24154e-06
mvm_actual__3utr1768	f27980f0b1c7742f059ef87240900773	3437	donante	1.10288e-07
mvm_actual__3utr1768	f27980f0b1c7742f059ef87240900773	3438	aceptor	1.27286e-05
mvm_actual__3utr1768	f27980f0b1c7742f059ef87240900773	3438	donante	3.01346e-05
mvm_actual__3utr1768	f27980f0b1c7742f059ef87240900773	3439	aceptor	3.40821e-05
mvm_actual__3utr1768	f27980f0b1c7742f059ef87240900773	3439	donante	1.6048e-06
mvm_actual__3utr1768	f27980f0b1c7742f059ef87240900773	3440	aceptor	4.09599e-06
mvm_actual__3utr1768	f27980f0b1c7742f059ef87240900773	3440	donante	6.99683e-07
mvm_actual__3utr1967	0597ddadae0289fff5e2481ca759cbec	429	aceptor	7.282e-05
mvm_actual__3utr1967	0597ddadae0289fff5e2481ca759cbec	429	donante	0.109281
mvm_actual__3utr1967	0597ddadae0289fff5e2481ca759cbec	1131	aceptor	1.74921e-05
mvm_actual__3utr1967	0597ddadae0289fff5e2481ca759cbec	1131	donante	0.0600011
mvm_actual__3utr1967	0597ddadae0289fff5e2481ca759cbec	1156	aceptor	4.98744e-06
mvm_actual__3utr1967	0597ddadae0289fff5e2481ca759cbec	1156	donante	0.0533364
mvm_actual__3utr1967	0597ddadae0289fff5e2481ca759cbec	1516	aceptor	6.52701e-05
mvm_actual__3utr1967	0597ddadae0289fff5e2481ca759cbec	1516	donante	0.757026
mvm_actual__3utr1967	0597ddadae0289fff5e2481ca759cbec	3120	aceptor	7.29373e-07
mvm_actual__3utr1967	0597ddadae0289fff5e2481ca759cbec	3120	donante	8.4776e-07
mvm_actual__3utr1967	0597ddadae0289fff5e2481ca759cbec	3121	aceptor	1.45843e-07
mvm_actual__3utr1967	0597ddadae0289fff5e2481ca759cbec	3121	donante	1.85095e-06
mvm_actual__3utr1967	0597ddadae0289fff5e2481ca759cbec	3122	aceptor	8.71879e-06
mvm_actual__3utr1967	0597ddadae0289fff5e2481ca759cbec	3122	donante	3.12164e-06
mvm_actual__3utr1967	0597ddadae0289fff5e2481ca759cbec	3123	aceptor	1.75396e-07
mvm_actual__3utr1967	0597ddadae0289fff5e2481ca759cbec	3123	donante	9.82043e-07
mvm_actual__3utr1967	0597ddadae0289fff5e2481ca759cbec	3124	aceptor	4.41063e-07
mvm_actual__3utr1967	0597ddadae0289fff5e2481ca759cbec	3124	donante	2.72603e-05
mvm_actual__3utr1967	0597ddadae0289fff5e2481ca759cbec	3125	aceptor	8.91812e-07
mvm_actual__3utr1967	0597ddadae0289fff5e2481ca759cbec	3125	donante	7.24557e-07
mvm_actual__3utr1967	0597ddadae0289fff5e2481ca759cbec	3126	aceptor	1.93741e-05
mvm_actual__3utr1967	0597ddadae0289fff5e2481ca759cbec	3126	donante	0.0125918
mvm_actual__3utr1967	0597ddadae0289fff5e2481ca759cbec	3127	aceptor	2.74107e-07
mvm_actual__3utr1967	0597ddadae0289fff5e2481ca759cbec	3127	donante	5.13729e-07
mvm_actual__3utr1967	0597ddadae0289fff5e2481ca759cbec	3128	aceptor	2.42853e-07
mvm_actual__3utr1967	0597ddadae0289fff5e2481ca759cbec	3128	donante	2.44409e-07
mvm_actual__3utr1967	0597ddadae0289fff5e2481ca759cbec	3129	aceptor	1.76032e-07
mvm_actual__3utr1967	0597ddadae0289fff5e2481ca759cbec	3129	donante	3.9541e-07
mvm_actual__3utr1967	0597ddadae0289fff5e2481ca759cbec	3130	aceptor	4.90343e-07
mvm_actual__3utr1967	0597ddadae0289fff5e2481ca759cbec	3130	donante	2.89585e-06
mvm_actual__3utr1967	0597ddadae0289fff5e2481ca759cbec	3131	aceptor	1.50788e-07
mvm_actual__3utr1967	0597ddadae0289fff5e2481ca759cbec	3131	donante	5.33895e-07
mvm_actual__3utr1967	0597ddadae0289fff5e2481ca759cbec	3132	aceptor	1.97933e-06
mvm_actual__3utr1967	0597ddadae0289fff5e2481ca759cbec	3132	donante	8.68811e-07
mvm_actual__3utr1967	0597ddadae0289fff5e2481ca759cbec	3133	aceptor	4.46552e-05
mvm_actual__3utr1967	0597ddadae0289fff5e2481ca759cbec	3133	donante	0.732416
mvm_actual__3utr1967	0597ddadae0289fff5e2481ca759cbec	3134	aceptor	6.36239e-07
mvm_actual__3utr1967	0597ddadae0289fff5e2481ca759cbec	3134	donante	3.18562e-07
mvm_actual__3utr1967	0597ddadae0289fff5e2481ca759cbec	3135	aceptor	5.81531e-08
mvm_actual__3utr1967	0597ddadae0289fff5e2481ca759cbec	3135	donante	1.22367e-06
mvm_actual__3utr1967	0597ddadae0289fff5e2481ca759cbec	3136	aceptor	3.69814e-08
mvm_actual__3utr1967	0597ddadae0289fff5e2481ca759cbec	3136	donante	1.35153e-06
mvm_actual__3utr1967	0597ddadae0289fff5e2481ca759cbec	3137	aceptor	8.0544e-08
mvm_actual__3utr1967	0597ddadae0289fff5e2481ca759cbec	3137	donante	1.67062e-06
mvm_actual__3utr1967	0597ddadae0289fff5e2481ca759cbec	3138	aceptor	1.73539e-07
mvm_actual__3utr1967	0597ddadae0289fff5e2481ca759cbec	3138	donante	9.63228e-07
mvm_actual__3utr1967	0597ddadae0289fff5e2481ca759cbec	3139	aceptor	1.42836e-06
mvm_actual__3utr1967	0597ddadae0289fff5e2481ca759cbec	3139	donante	4.5695e-05
mvm_actual__3utr1967	0597ddadae0289fff5e2481ca759cbec	3140	aceptor	1.03396e-07
mvm_actual__3utr1967	0597ddadae0289fff5e2481ca759cbec	3140	donante	3.1669e-07
mvm_actual__3utr1967	0597ddadae0289fff5e2481ca759cbec	3141	aceptor	1.16699e-07
mvm_actual__3utr1967	0597ddadae0289fff5e2481ca759cbec	3141	donante	6.27359e-07
mvm_actual__3utr1967	0597ddadae0289fff5e2481ca759cbec	3142	aceptor	1.31682e-08
mvm_actual__3utr1967	0597ddadae0289fff5e2481ca759cbec	3142	donante	9.56594e-08
mvm_actual__3utr1967	0597ddadae0289fff5e2481ca759cbec	3143	aceptor	4.39416e-08
mvm_actual__3utr1967	0597ddadae0289fff5e2481ca759cbec	3143	donante	1.37162e-07
mvm_actual__3utr1967	0597ddadae0289fff5e2481ca759cbec	3144	aceptor	5.29536e-09
mvm_actual__3utr1967	0597ddadae0289fff5e2481ca759cbec	3144	donante	7.84603e-08
mvm_actual__3utr1967	0597ddadae0289fff5e2481ca759cbec	3145	aceptor	1.82781e-08
mvm_actual__3utr1967	0597ddadae0289fff5e2481ca759cbec	3145	donante	8.47424e-08
mvm_actual__3utr1967	0597ddadae0289fff5e2481ca759cbec	3146	aceptor	4.64051e-08
mvm_actual__3utr1967	0597ddadae0289fff5e2481ca759cbec	3146	donante	1.30171e-06
mvm_actual__3utr1967	0597ddadae0289fff5e2481ca759cbec	3147	aceptor	4.032e-06
mvm_actual__3utr1967	0597ddadae0289fff5e2481ca759cbec	3147	donante	3.30668e-07
mvm_actual__3utr1967	0597ddadae0289fff5e2481ca759cbec	3148	aceptor	1.30111e-07
mvm_actual__3utr1967	0597ddadae0289fff5e2481ca759cbec	3148	donante	2.75795e-07
mvm_actual__3utr1967	0597ddadae0289fff5e2481ca759cbec	3149	aceptor	2.23096e-08
mvm_actual__3utr1967	0597ddadae0289fff5e2481ca759cbec	3149	donante	4.73231e-08
mvm_actual__3utr1967	0597ddadae0289fff5e2481ca759cbec	3150	aceptor	3.84047e-08
mvm_actual__3utr1967	0597ddadae0289fff5e2481ca759cbec	3150	donante	2.9974e-08
mvm_actual__3utr1967	0597ddadae0289fff5e2481ca759cbec	3151	aceptor	6.96386e-08
mvm_actual__3utr1967	0597ddadae0289fff5e2481ca759cbec	3151	donante	9.4505e-07
mvm_actual__3utr1967	0597ddadae0289fff5e2481ca759cbec	3152	aceptor	6.21077e-08
mvm_actual__3utr1967	0597ddadae0289fff5e2481ca759cbec	3152	donante	4.89705e-08
mvm_actual__3utr1967	0597ddadae0289fff5e2481ca759cbec	3153	aceptor	5.47416e-08
mvm_actual__3utr1967	0597ddadae0289fff5e2481ca759cbec	3153	donante	2.19394e-08
mvm_actual__3utr1967	0597ddadae0289fff5e2481ca759cbec	3154	aceptor	1.91327e-08
mvm_actual__3utr1967	0597ddadae0289fff5e2481ca759cbec	3154	donante	5.98935e-09
mvm_actual__3utr1967	0597ddadae0289fff5e2481ca759cbec	3155	aceptor	1.26023e-07
mvm_actual__3utr1967	0597ddadae0289fff5e2481ca759cbec	3155	donante	6.08912e-07
mvm_actual__3utr1967	0597ddadae0289fff5e2481ca759cbec	3156	aceptor	1.78206e-07
mvm_actual__3utr1967	0597ddadae0289fff5e2481ca759cbec	3156	donante	1.84583e-08
mvm_actual__3utr1967	0597ddadae0289fff5e2481ca759cbec	3157	aceptor	3.52492e-08
mvm_actual__3utr1967	0597ddadae0289fff5e2481ca759cbec	3157	donante	7.7855e-09
mvm_actual__3utr1967	0597ddadae0289fff5e2481ca759cbec	3158	aceptor	2.79212e-08
mvm_actual__3utr1967	0597ddadae0289fff5e2481ca759cbec	3158	donante	2.13439e-09
mvm_actual__3utr1967	0597ddadae0289fff5e2481ca759cbec	3159	aceptor	2.3099e-08
mvm_actual__3utr1967	0597ddadae0289fff5e2481ca759cbec	3159	donante	1.88392e-06
mvm_actual__3utr1967	0597ddadae0289fff5e2481ca759cbec	3160	aceptor	1.54011e-07
mvm_actual__3utr1967	0597ddadae0289fff5e2481ca759cbec	3160	donante	6.61739e-08
mvm_actual__3utr1967	0597ddadae0289fff5e2481ca759cbec	3161	aceptor	4.13724e-08
mvm_actual__3utr1967	0597ddadae0289fff5e2481ca759cbec	3161	donante	4.93711e-08
mvm_actual__3utr1967	0597ddadae0289fff5e2481ca759cbec	3162	aceptor	2.06003e-08
mvm_actual__3utr1967	0597ddadae0289fff5e2481ca759cbec	3162	donante	8.14667e-09
mvm_actual__3utr1967	0597ddadae0289fff5e2481ca759cbec	3163	aceptor	2.82e-08
mvm_actual__3utr1967	0597ddadae0289fff5e2481ca759cbec	3163	donante	1.87089e-08
mvm_actual__3utr1967	0597ddadae0289fff5e2481ca759cbec	3164	aceptor	7.60517e-08
mvm_actual__3utr1967	0597ddadae0289fff5e2481ca759cbec	3164	donante	3.84793e-07
mvm_actual__3utr1967	0597ddadae0289fff5e2481ca759cbec	3165	aceptor	1.0562e-07
mvm_actual__3utr1967	0597ddadae0289fff5e2481ca759cbec	3165	donante	2.86012e-08
mvm_actual__3utr1967	0597ddadae0289fff5e2481ca759cbec	3166	aceptor	2.61217e-08
mvm_actual__3utr1967	0597ddadae0289fff5e2481ca759cbec	3166	donante	1.24677e-08
mvm_actual__3utr1967	0597ddadae0289fff5e2481ca759cbec	3167	aceptor	1.29411e-08
mvm_actual__3utr1967	0597ddadae0289fff5e2481ca759cbec	3167	donante	1.80715e-08
mvm_actual__3utr1967	0597ddadae0289fff5e2481ca759cbec	3168	aceptor	4.4738e-08
mvm_actual__3utr1967	0597ddadae0289fff5e2481ca759cbec	3168	donante	1.15447e-08
mvm_actual__3utr1967	0597ddadae0289fff5e2481ca759cbec	3169	aceptor	4.20383e-08
mvm_actual__3utr1967	0597ddadae0289fff5e2481ca759cbec	3169	donante	1.62287e-07
mvm_actual__3utr1967	0597ddadae0289fff5e2481ca759cbec	3170	aceptor	2.11623e-08
mvm_actual__3utr1967	0597ddadae0289fff5e2481ca759cbec	3170	donante	3.89241e-08
mvm_actual__3utr1967	0597ddadae0289fff5e2481ca759cbec	3171	aceptor	2.85047e-08
mvm_actual__3utr1967	0597ddadae0289fff5e2481ca759cbec	3171	donante	1.12089e-08
mvm_actual__3utr1967	0597ddadae0289fff5e2481ca759cbec	3172	aceptor	1.12723e-07
mvm_actual__3utr1967	0597ddadae0289fff5e2481ca759cbec	3172	donante	1.61458e-06
mvm_actual__3utr1967	0597ddadae0289fff5e2481ca759cbec	3173	aceptor	8.28632e-08
mvm_actual__3utr1967	0597ddadae0289fff5e2481ca759cbec	3173	donante	7.84979e-09
mvm_actual__3utr1967	0597ddadae0289fff5e2481ca759cbec	3174	aceptor	7.42127e-08
mvm_actual__3utr1967	0597ddadae0289fff5e2481ca759cbec	3174	donante	1.14213e-08
mvm_actual__3utr1967	0597ddadae0289fff5e2481ca759cbec	3175	aceptor	2.01171e-08
mvm_actual__3utr1967	0597ddadae0289fff5e2481ca759cbec	3175	donante	1.74181e-08
mvm_actual__3utr1967	0597ddadae0289fff5e2481ca759cbec	3176	aceptor	9.55647e-08
mvm_actual__3utr1967	0597ddadae0289fff5e2481ca759cbec	3176	donante	9.32495e-09
mvm_actual__3utr1967	0597ddadae0289fff5e2481ca759cbec	3177	aceptor	9.69717e-07
mvm_actual__3utr1967	0597ddadae0289fff5e2481ca759cbec	3177	donante	1.26302e-08
mvm_actual__3utr1967	0597ddadae0289fff5e2481ca759cbec	3178	aceptor	3.28947e-08
mvm_actual__3utr1967	0597ddadae0289fff5e2481ca759cbec	3178	donante	2.24186e-08
mvm_actual__3utr1967	0597ddadae0289fff5e2481ca759cbec	3179	aceptor	4.51215e-07
mvm_actual__3utr1967	0597ddadae0289fff5e2481ca759cbec	3179	donante	9.13588e-09
mvm_actual__3utr1967	0597ddadae0289fff5e2481ca759cbec	3180	aceptor	7.06924e-07
mvm_actual__3utr1967	0597ddadae0289fff5e2481ca759cbec	3180	donante	2.98244e-08
mvm_actual__3utr1967	0597ddadae0289fff5e2481ca759cbec	3181	aceptor	5.54643e-07
mvm_actual__3utr1967	0597ddadae0289fff5e2481ca759cbec	3181	donante	2.12827e-08
mvm_actual__3utr1967	0597ddadae0289fff5e2481ca759cbec	3182	aceptor	2.04361e-07
mvm_actual__3utr1967	0597ddadae0289fff5e2481ca759cbec	3182	donante	8.06451e-09
mvm_actual__3utr1967	0597ddadae0289fff5e2481ca759cbec	3183	aceptor	3.66995e-07
mvm_actual__3utr1967	0597ddadae0289fff5e2481ca759cbec	3183	donante	4.80412e-09
mvm_actual__3utr1967	0597ddadae0289fff5e2481ca759cbec	3184	aceptor	1.49207e-06
mvm_actual__3utr1967	0597ddadae0289fff5e2481ca759cbec	3184	donante	4.60655e-08
mvm_actual__3utr1967	0597ddadae0289fff5e2481ca759cbec	3185	aceptor	5.68464e-07
mvm_actual__3utr1967	0597ddadae0289fff5e2481ca759cbec	3185	donante	7.21806e-09
mvm_actual__3utr1967	0597ddadae0289fff5e2481ca759cbec	3186	aceptor	3.09818e-07
mvm_actual__3utr1967	0597ddadae0289fff5e2481ca759cbec	3186	donante	3.73953e-08
mvm_actual__3utr1967	0597ddadae0289fff5e2481ca759cbec	3187	aceptor	1.63698e-06
mvm_actual__3utr1967	0597ddadae0289fff5e2481ca759cbec	3187	donante	7.89384e-08
mvm_actual__3utr1967	0597ddadae0289fff5e2481ca759cbec	3188	aceptor	8.02401e-07
mvm_actual__3utr1967	0597ddadae0289fff5e2481ca759cbec	3188	donante	1.09597e-08
mvm_actual__3utr1967	0597ddadae0289fff5e2481ca759cbec	3189	aceptor	1.15006e-06
mvm_actual__3utr1967	0597ddadae0289fff5e2481ca759cbec	3189	donante	4.39921e-08
mvm_actual__3utr1967	0597ddadae0289fff5e2481ca759cbec	3190	aceptor	1.35423e-07
mvm_actual__3utr1967	0597ddadae0289fff5e2481ca759cbec	3190	donante	8.59626e-08
mvm_actual__3utr1967	0597ddadae0289fff5e2481ca759cbec	3191	aceptor	1.43887e-07
mvm_actual__3utr1967	0597ddadae0289fff5e2481ca759cbec	3191	donante	6.59076e-08
mvm_actual__3utr1967	0597ddadae0289fff5e2481ca759cbec	3192	aceptor	9.72396e-07
mvm_actual__3utr1967	0597ddadae0289fff5e2481ca759cbec	3192	donante	1.90605e-07
mvm_actual__3utr1967	0597ddadae0289fff5e2481ca759cbec	3193	aceptor	0.000201075
mvm_actual__3utr1967	0597ddadae0289fff5e2481ca759cbec	3193	donante	6.78984e-06
mvm_actual__3utr1967	0597ddadae0289fff5e2481ca759cbec	3194	aceptor	9.19034e-08
mvm_actual__3utr1967	0597ddadae0289fff5e2481ca759cbec	3194	donante	2.66202e-07
mvm_actual__3utr1967	0597ddadae0289fff5e2481ca759cbec	3195	aceptor	1.0692e-05
mvm_actual__3utr1967	0597ddadae0289fff5e2481ca759cbec	3195	donante	5.37678e-07
mvm_actual__3utr1967	0597ddadae0289fff5e2481ca759cbec	3196	aceptor	5.954e-08
mvm_actual__3utr1967	0597ddadae0289fff5e2481ca759cbec	3196	donante	1.59561e-06
mvm_actual__3utr1967	0597ddadae0289fff5e2481ca759cbec	3197	aceptor	3.86215e-08
mvm_actual__3utr1967	0597ddadae0289fff5e2481ca759cbec	3197	donante	7.85337e-07
mvm_actual__3utr1967	0597ddadae0289fff5e2481ca759cbec	3198	aceptor	9.03334e-08
mvm_actual__3utr1967	0597ddadae0289fff5e2481ca759cbec	3198	donante	3.62619e-08
mvm_actual__3utr1967	0597ddadae0289fff5e2481ca759cbec	3199	aceptor	1.72098e-05
mvm_actual__3utr1967	0597ddadae0289fff5e2481ca759cbec	3199	donante	2.18733e-06
mvm_actual__3utr1967	0597ddadae0289fff5e2481ca759cbec	3200	aceptor	1.49381e-07
mvm_actual__3utr1967	0597ddadae0289fff5e2481ca759cbec	3200	donante	2.99359e-07
mvm_actual__3utr1967	0597ddadae0289fff5e2481ca759cbec	3201	aceptor	5.08793e-08
mvm_actual__3utr1967	0597ddadae0289fff5e2481ca759cbec	3201	donante	9.45371e-07
mvm_actual__3utr1967	0597ddadae0289fff5e2481ca759cbec	3202	aceptor	4.66044e-08
mvm_actual__3utr1967	0597ddadae0289fff5e2481ca759cbec	3202	donante	5.54041e-07
mvm_actual__3utr1967	0597ddadae0289fff5e2481ca759cbec	3203	aceptor	3.1728e-07
mvm_actual__3utr1967	0597ddadae0289fff5e2481ca759cbec	3203	donante	1.1799e-06
mvm_actual__3utr1967	0597ddadae0289fff5e2481ca759cbec	3204	aceptor	1.36888e-05
mvm_actual__3utr1967	0597ddadae0289fff5e2481ca759cbec	3204	donante	9.5101e-07
mvm_actual__3utr1967	0597ddadae0289fff5e2481ca759cbec	3205	aceptor	1.91025e-07
mvm_actual__3utr1967	0597ddadae0289fff5e2481ca759cbec	3205	donante	4.03306e-07
mvm_actual__3utr1967	0597ddadae0289fff5e2481ca759cbec	3206	aceptor	3.49923e-07
mvm_actual__3utr1967	0597ddadae0289fff5e2481ca759cbec	3206	donante	1.00116e-07
mvm_actual__3utr1967	0597ddadae0289fff5e2481ca759cbec	3207	aceptor	6.9457e-08
mvm_actual__3utr1967	0597ddadae0289fff5e2481ca759cbec	3207	donante	4.55896e-07
mvm_actual__3utr1967	0597ddadae0289fff5e2481ca759cbec	3208	aceptor	1.54954e-07
mvm_actual__3utr1967	0597ddadae0289fff5e2481ca759cbec	3208	donante	1.08127e-07
mvm_actual__3utr1967	0597ddadae0289fff5e2481ca759cbec	3209	aceptor	1.12538e-06
mvm_actual__3utr1967	0597ddadae0289fff5e2481ca759cbec	3209	donante	2.96523e-07
mvm_actual__3utr1967	0597ddadae0289fff5e2481ca759cbec	3210	aceptor	2.01958e-07
mvm_actual__3utr1967	0597ddadae0289fff5e2481ca759cbec	3210	donante	2.1455e-07
mvm_actual__3utr1967	0597ddadae0289fff5e2481ca759cbec	3211	aceptor	2.91781e-06
mvm_actual__3utr1967	0597ddadae0289fff5e2481ca759cbec	3211	donante	4.24274e-07
mvm_actual__3utr1967	0597ddadae0289fff5e2481ca759cbec	3212	aceptor	1.42487e-06
mvm_actual__3utr1967	0597ddadae0289fff5e2481ca759cbec	3212	donante	1.76379e-06
mvm_actual__3utr1967	0597ddadae0289fff5e2481ca759cbec	3213	aceptor	7.73295e-06
mvm_actual__3utr1967	0597ddadae0289fff5e2481ca759cbec	3213	donante	0.00473726
mvm_actual__3utr1967	0597ddadae0289fff5e2481ca759cbec	3214	aceptor	3.80824e-05
mvm_actual__3utr1967	0597ddadae0289fff5e2481ca759cbec	3214	donante	1.2333e-06
mvm_actual__3utr1967	0597ddadae0289fff5e2481ca759cbec	3215	aceptor	2.42223e-06
mvm_actual__3utr1967	0597ddadae0289fff5e2481ca759cbec	3215	donante	5.25497e-06
mvm_actual__3utr1967	0597ddadae0289fff5e2481ca759cbec	3216	aceptor	3.27323e-07
mvm_actual__3utr1967	0597ddadae0289fff5e2481ca759cbec	3216	donante	6.75126e-07
mvm_actual__3utr1967	0597ddadae0289fff5e2481ca759cbec	3217	aceptor	2.02596e-07
mvm_actual__3utr1967	0597ddadae0289fff5e2481ca759cbec	3217	donante	1.16122e-06
mvm_actual__3utr1967	0597ddadae0289fff5e2481ca759cbec	3218	aceptor	1.02662e-06
mvm_actual__3utr1967	0597ddadae0289fff5e2481ca759cbec	3218	donante	2.71512e-07
mvm_actual__3utr1967	0597ddadae0289fff5e2481ca759cbec	3219	aceptor	1.34334e-07
mvm_actual__3utr1967	0597ddadae0289fff5e2481ca759cbec	3219	donante	2.21879e-07
mvm_actual__3utr1967	0597ddadae0289fff5e2481ca759cbec	3220	aceptor	4.2823e-07
mvm_actual__3utr1967	0597ddadae0289fff5e2481ca759cbec	3220	donante	2.01462e-07
mvm_actual__3utr1967	0597ddadae0289fff5e2481ca759cbec	3221	aceptor	3.81589e-07
mvm_actual__3utr1967	0597ddadae0289fff5e2481ca759cbec	3221	donante	5.84403e-07
mvm_actual__3utr1967	0597ddadae0289fff5e2481ca759cbec	3222	aceptor	1.61895e-06
mvm_actual__3utr1967	0597ddadae0289fff5e2481ca759cbec	3222	donante	6.51332e-07
mvm_actual__3utr1967	0597ddadae0289fff5e2481ca759cbec	3223	aceptor	3.80752e-07
mvm_actual__3utr1967	0597ddadae0289fff5e2481ca759cbec	3223	donante	9.9644e-07
mvm_actual__3utr1967	0597ddadae0289fff5e2481ca759cbec	3224	aceptor	1.31924e-07
mvm_actual__3utr1967	0597ddadae0289fff5e2481ca759cbec	3224	donante	3.5801e-07
mvm_actual__3utr1967	0597ddadae0289fff5e2481ca759cbec	3225	aceptor	2.26808e-06
mvm_actual__3utr1967	0597ddadae0289fff5e2481ca759cbec	3225	donante	4.58845e-07
mvm_actual__3utr1967	0597ddadae0289fff5e2481ca759cbec	3226	aceptor	6.68315e-08
mvm_actual__3utr1967	0597ddadae0289fff5e2481ca759cbec	3226	donante	3.01641e-07
mvm_actual__3utr1967	0597ddadae0289fff5e2481ca759cbec	3227	aceptor	1.80801e-07
mvm_actual__3utr1967	0597ddadae0289fff5e2481ca759cbec	3227	donante	2.38903e-07
mvm_actual__3utr1967	0597ddadae0289fff5e2481ca759cbec	3228	aceptor	3.27889e-07
mvm_actual__3utr1967	0597ddadae0289fff5e2481ca759cbec	3228	donante	6.22178e-08
mvm_actual__3utr1967	0597ddadae0289fff5e2481ca759cbec	3229	aceptor	3.48383e-07
mvm_actual__3utr1967	0597ddadae0289fff5e2481ca759cbec	3229	donante	5.56261e-07
mvm_actual__3utr1967	0597ddadae0289fff5e2481ca759cbec	3230	aceptor	4.81529e-06
mvm_actual__3utr1967	0597ddadae0289fff5e2481ca759cbec	3230	donante	8.69014e-05
mvm_actual__3utr1967	0597ddadae0289fff5e2481ca759cbec	3231	aceptor	1.48005e-07
mvm_actual__3utr1967	0597ddadae0289fff5e2481ca759cbec	3231	donante	1.84691e-07
mvm_actual__3utr1967	0597ddadae0289fff5e2481ca759cbec	3232	aceptor	0.000337167
mvm_actual__3utr1967	0597ddadae0289fff5e2481ca759cbec	3232	donante	1.20451e-05
mvm_actual__3utr1967	0597ddadae0289fff5e2481ca759cbec	3233	aceptor	3.44719e-07
mvm_actual__3utr1967	0597ddadae0289fff5e2481ca759cbec	3233	donante	5.73148e-08
mvm_actual__3utr1967	0597ddadae0289fff5e2481ca759cbec	3234	aceptor	9.35752e-07
mvm_actual__3utr1967	0597ddadae0289fff5e2481ca759cbec	3234	donante	1.76334e-06
mvm_actual__3utr1967	0597ddadae0289fff5e2481ca759cbec	3235	aceptor	1.41127e-07
mvm_actual__3utr1967	0597ddadae0289fff5e2481ca759cbec	3235	donante	1.11702e-07
mvm_actual__3utr1967	0597ddadae0289fff5e2481ca759cbec	3236	aceptor	6.42972e-06
mvm_actual__3utr1967	0597ddadae0289fff5e2481ca759cbec	3236	donante	9.29855e-07
mvm_actual__3utr1967	0597ddadae0289fff5e2481ca759cbec	3237	aceptor	5.40486e-07
mvm_actual__3utr1967	0597ddadae0289fff5e2481ca759cbec	3237	donante	3.73682e-07
mvm_actual__3utr1967	0597ddadae0289fff5e2481ca759cbec	3238	aceptor	3.39173e-07
mvm_actual__3utr1967	0597ddadae0289fff5e2481ca759cbec	3238	donante	2.26005e-07
mvm_actual__3utr1967	0597ddadae0289fff5e2481ca759cbec	3239	aceptor	6.2572e-07
mvm_actual__3utr1967	0597ddadae0289fff5e2481ca759cbec	3239	donante	1.28212e-07
mvm_actual__3utr1967	0597ddadae0289fff5e2481ca759cbec	3240	aceptor	5.34558e-07
mvm_actual__3utr1967	0597ddadae0289fff5e2481ca759cbec	3240	donante	2.93815e-07
mvm_actual__3utr1967	0597ddadae0289fff5e2481ca759cbec	3241	aceptor	1.06138e-07
mvm_actual__3utr1967	0597ddadae0289fff5e2481ca759cbec	3241	donante	1.21397e-06
mvm_actual__3utr1967	0597ddadae0289fff5e2481ca759cbec	3242	aceptor	4.65657e-07
mvm_actual__3utr1967	0597ddadae0289fff5e2481ca759cbec	3242	donante	1.15563e-06
mvm_actual__3utr1967	0597ddadae0289fff5e2481ca759cbec	3243	aceptor	2.65219e-07
mvm_actual__3utr1967	0597ddadae0289fff5e2481ca759cbec	3243	donante	3.35457e-07
mvm_actual__3utr1967	0597ddadae0289fff5e2481ca759cbec	3244	aceptor	9.33285e-08
mvm_actual__3utr1967	0597ddadae0289fff5e2481ca759cbec	3244	donante	1.44827e-07
mvm_actual__3utr1967	0597ddadae0289fff5e2481ca759cbec	3245	aceptor	3.31377e-07
mvm_actual__3utr1967	0597ddadae0289fff5e2481ca759cbec	3245	donante	6.08796e-07
mvm_actual__3utr1967	0597ddadae0289fff5e2481ca759cbec	3246	aceptor	1.83386e-07
mvm_actual__3utr1967	0597ddadae0289fff5e2481ca759cbec	3246	donante	2.35032e-06
mvm_actual__3utr1967	0597ddadae0289fff5e2481ca759cbec	3247	aceptor	4.78299e-07
mvm_actual__3utr1967	0597ddadae0289fff5e2481ca759cbec	3247	donante	3.34186e-07
mvm_actual__3utr1967	0597ddadae0289fff5e2481ca759cbec	3248	aceptor	2.638e-07
mvm_actual__3utr1967	0597ddadae0289fff5e2481ca759cbec	3248	donante	1.97379e-07
mvm_actual__3utr1967	0597ddadae0289fff5e2481ca759cbec	3249	aceptor	1.48114e-06
mvm_actual__3utr1967	0597ddadae0289fff5e2481ca759cbec	3249	donante	2.2295e-07
mvm_actual__3utr1967	0597ddadae0289fff5e2481ca759cbec	3250	aceptor	4.00502e-07
mvm_actual__3utr1967	0597ddadae0289fff5e2481ca759cbec	3250	donante	9.73578e-07
mvm_actual__3utr1967	0597ddadae0289fff5e2481ca759cbec	3251	aceptor	1.64884e-06
mvm_actual__3utr1967	0597ddadae0289fff5e2481ca759cbec	3251	donante	3.06999e-05
mvm_actual__3utr1967	0597ddadae0289fff5e2481ca759cbec	3252	aceptor	1.21765e-06
mvm_actual__3utr1967	0597ddadae0289fff5e2481ca759cbec	3252	donante	8.49494e-07
mvm_actual__3utr1967	0597ddadae0289fff5e2481ca759cbec	3253	aceptor	0.000720382
mvm_actual__3utr1967	0597ddadae0289fff5e2481ca759cbec	3253	donante	5.49858e-06
mvm_actual__3utr1967	0597ddadae0289fff5e2481ca759cbec	3254	aceptor	3.30144e-07
mvm_actual__3utr1967	0597ddadae0289fff5e2481ca759cbec	3254	donante	1.92997e-06
mvm_actual__3utr1967	0597ddadae0289fff5e2481ca759cbec	3255	aceptor	6.01089e-07
mvm_actual__3utr1967	0597ddadae0289fff5e2481ca759cbec	3255	donante	5.37666e-07
mvm_actual__3utr1967	0597ddadae0289fff5e2481ca759cbec	3256	aceptor	4.89094e-07
mvm_actual__3utr1967	0597ddadae0289fff5e2481ca759cbec	3256	donante	1.44824e-06
mvm_actual__3utr1967	0597ddadae0289fff5e2481ca759cbec	3257	aceptor	4.85279e-07
mvm_actual__3utr1967	0597ddadae0289fff5e2481ca759cbec	3257	donante	3.01286e-06
mvm_actual__3utr1967	0597ddadae0289fff5e2481ca759cbec	3258	aceptor	2.40923e-07
mvm_actual__3utr1967	0597ddadae0289fff5e2481ca759cbec	3258	donante	2.58178e-06
mvm_actual__3utr1967	0597ddadae0289fff5e2481ca759cbec	3259	aceptor	1.74832e-06
mvm_actual__3utr1967	0597ddadae0289fff5e2481ca759cbec	3259	donante	1.90761e-07
mvm_actual__3utr1967	0597ddadae0289fff5e2481ca759cbec	3260	aceptor	3.1647e-07
mvm_actual__3utr1967	0597ddadae0289fff5e2481ca759cbec	3260	donante	8.52354e-07
mvm_actual__3utr1967	0597ddadae0289fff5e2481ca759cbec	3261	aceptor	6.93058e-07
mvm_actual__3utr1967	0597ddadae0289fff5e2481ca759cbec	3261	donante	7.23128e-05
mvm_actual__3utr1967	0597ddadae0289fff5e2481ca759cbec	3262	aceptor	3.43252e-07
mvm_actual__3utr1967	0597ddadae0289fff5e2481ca759cbec	3262	donante	4.28925e-07
mvm_actual__3utr1967	0597ddadae0289fff5e2481ca759cbec	3263	aceptor	2.61691e-05
mvm_actual__3utr1967	0597ddadae0289fff5e2481ca759cbec	3263	donante	8.5093e-07
mvm_actual__3utr1967	0597ddadae0289fff5e2481ca759cbec	3264	aceptor	6.70639e-08
mvm_actual__3utr1967	0597ddadae0289fff5e2481ca759cbec	3264	donante	4.29104e-07
mvm_actual__3utr1967	0597ddadae0289fff5e2481ca759cbec	3265	aceptor	4.67579e-07
mvm_actual__3utr1967	0597ddadae0289fff5e2481ca759cbec	3265	donante	8.12061e-07
mvm_actual__3utr1967	0597ddadae0289fff5e2481ca759cbec	3266	aceptor	2.42592e-08
mvm_actual__3utr1967	0597ddadae0289fff5e2481ca759cbec	3266	donante	6.11088e-07
mvm_actual__3utr1967	0597ddadae0289fff5e2481ca759cbec	3267	aceptor	4.26574e-07
mvm_actual__3utr1967	0597ddadae0289fff5e2481ca759cbec	3267	donante	9.70623e-07
mvm_actual__3utr1967	0597ddadae0289fff5e2481ca759cbec	3268	aceptor	8.4612e-06
mvm_actual__3utr1967	0597ddadae0289fff5e2481ca759cbec	3268	donante	7.13356e-06
mvm_actual__3utr1967	0597ddadae0289fff5e2481ca759cbec	3269	aceptor	4.36224e-08
mvm_actual__3utr1967	0597ddadae0289fff5e2481ca759cbec	3269	donante	5.04167e-07
mvm_actual__3utr1967	0597ddadae0289fff5e2481ca759cbec	3270	aceptor	8.45509e-08
mvm_actual__3utr1967	0597ddadae0289fff5e2481ca759cbec	3270	donante	5.77482e-07
mvm_actual__3utr1967	0597ddadae0289fff5e2481ca759cbec	3271	aceptor	3.19715e-07
mvm_actual__3utr1967	0597ddadae0289fff5e2481ca759cbec	3271	donante	3.6056e-07
mvm_actual__3utr1967	0597ddadae0289fff5e2481ca759cbec	3272	aceptor	2.69846e-07
mvm_actual__3utr1967	0597ddadae0289fff5e2481ca759cbec	3272	donante	1.27875e-06
mvm_actual__3utr1967	0597ddadae0289fff5e2481ca759cbec	3273	aceptor	1.10754e-07
mvm_actual__3utr1967	0597ddadae0289fff5e2481ca759cbec	3273	donante	8.24291e-07
mvm_actual__3utr1967	0597ddadae0289fff5e2481ca759cbec	3274	aceptor	1.30336e-05
mvm_actual__3utr1967	0597ddadae0289fff5e2481ca759cbec	3274	donante	1.37552e-06
mvm_actual__3utr1967	0597ddadae0289fff5e2481ca759cbec	3275	aceptor	5.85055e-07
mvm_actual__3utr1967	0597ddadae0289fff5e2481ca759cbec	3275	donante	0.000316055
mvm_actual__3utr1967	0597ddadae0289fff5e2481ca759cbec	3276	aceptor	3.08709e-07
mvm_actual__3utr1967	0597ddadae0289fff5e2481ca759cbec	3276	donante	1.12682e-06
mvm_actual__3utr1967	0597ddadae0289fff5e2481ca759cbec	3277	aceptor	2.7228e-07
mvm_actual__3utr1967	0597ddadae0289fff5e2481ca759cbec	3277	donante	7.14236e-06
mvm_actual__3utr1967	0597ddadae0289fff5e2481ca759cbec	3278	aceptor	6.12275e-08
mvm_actual__3utr1967	0597ddadae0289fff5e2481ca759cbec	3278	donante	4.01897e-06
mvm_actual__3utr1967	0597ddadae0289fff5e2481ca759cbec	3279	aceptor	6.58567e-08
mvm_actual__3utr1967	0597ddadae0289fff5e2481ca759cbec	3279	donante	6.00978e-06
mvm_actual__3utr1967	0597ddadae0289fff5e2481ca759cbec	3280	aceptor	3.82408e-07
mvm_actual__3utr1967	0597ddadae0289fff5e2481ca759cbec	3280	donante	3.75753e-07
mvm_actual__3utr1967	0597ddadae0289fff5e2481ca759cbec	3281	aceptor	1.49477e-07
mvm_actual__3utr1967	0597ddadae0289fff5e2481ca759cbec	3281	donante	4.21141e-07
mvm_actual__3utr1967	0597ddadae0289fff5e2481ca759cbec	3282	aceptor	1.66167e-07
mvm_actual__3utr1967	0597ddadae0289fff5e2481ca759cbec	3282	donante	8.24518e-05
mvm_actual__3utr1967	0597ddadae0289fff5e2481ca759cbec	3283	aceptor	1.79846e-07
mvm_actual__3utr1967	0597ddadae0289fff5e2481ca759cbec	3283	donante	1.93828e-07
mvm_actual__3utr1967	0597ddadae0289fff5e2481ca759cbec	3284	aceptor	1.47831e-05
mvm_actual__3utr1967	0597ddadae0289fff5e2481ca759cbec	3284	donante	5.27021e-06
mvm_actual__3utr1967	0597ddadae0289fff5e2481ca759cbec	3285	aceptor	3.06867e-07
mvm_actual__3utr1967	0597ddadae0289fff5e2481ca759cbec	3285	donante	9.15782e-07
mvm_actual__3utr1967	0597ddadae0289fff5e2481ca759cbec	3286	aceptor	3.99336e-07
mvm_actual__3utr1967	0597ddadae0289fff5e2481ca759cbec	3286	donante	5.97411e-07
mvm_actual__3utr1967	0597ddadae0289fff5e2481ca759cbec	3287	aceptor	5.8188e-07
mvm_actual__3utr1967	0597ddadae0289fff5e2481ca759cbec	3287	donante	3.09242e-06
mvm_actual__3utr1967	0597ddadae0289fff5e2481ca759cbec	3288	aceptor	2.23503e-07
mvm_actual__3utr1967	0597ddadae0289fff5e2481ca759cbec	3288	donante	1.46538e-06
mvm_actual__3utr1967	0597ddadae0289fff5e2481ca759cbec	3289	aceptor	1.29544e-06
mvm_actual__3utr1967	0597ddadae0289fff5e2481ca759cbec	3289	donante	3.27678e-06
mvm_actual__3utr1967	0597ddadae0289fff5e2481ca759cbec	3290	aceptor	5.30437e-07
mvm_actual__3utr1967	0597ddadae0289fff5e2481ca759cbec	3290	donante	3.36073e-07
mvm_actual__3utr1967	0597ddadae0289fff5e2481ca759cbec	3291	aceptor	1.84502e-08
mvm_actual__3utr1967	0597ddadae0289fff5e2481ca759cbec	3291	donante	1.02492e-06
mvm_actual__3utr1967	0597ddadae0289fff5e2481ca759cbec	3292	aceptor	1.45152e-07
mvm_actual__3utr1967	0597ddadae0289fff5e2481ca759cbec	3292	donante	4.45811e-06
mvm_actual__3utr1967	0597ddadae0289fff5e2481ca759cbec	3293	aceptor	3.61545e-07
mvm_actual__3utr1967	0597ddadae0289fff5e2481ca759cbec	3293	donante	4.58032e-07
mvm_actual__3utr1967	0597ddadae0289fff5e2481ca759cbec	3294	aceptor	1.37961e-07
mvm_actual__3utr1967	0597ddadae0289fff5e2481ca759cbec	3294	donante	1.38057e-07
mvm_actual__3utr1967	0597ddadae0289fff5e2481ca759cbec	3295	aceptor	6.64678e-08
mvm_actual__3utr1967	0597ddadae0289fff5e2481ca759cbec	3295	donante	1.84423e-07
mvm_actual__3utr1967	0597ddadae0289fff5e2481ca759cbec	3296	aceptor	5.47886e-07
mvm_actual__3utr1967	0597ddadae0289fff5e2481ca759cbec	3296	donante	3.90507e-07
mvm_actual__3utr1967	0597ddadae0289fff5e2481ca759cbec	3297	aceptor	2.31833e-06
mvm_actual__3utr1967	0597ddadae0289fff5e2481ca759cbec	3297	donante	1.68429e-06
mvm_actual__3utr1967	0597ddadae0289fff5e2481ca759cbec	3298	aceptor	5.22992e-07
mvm_actual__3utr1967	0597ddadae0289fff5e2481ca759cbec	3298	donante	2.42729e-07
mvm_actual__3utr1967	0597ddadae0289fff5e2481ca759cbec	3299	aceptor	3.68465e-07
mvm_actual__3utr1967	0597ddadae0289fff5e2481ca759cbec	3299	donante	8.0085e-07
mvm_actual__3utr1967	0597ddadae0289fff5e2481ca759cbec	3300	aceptor	1.51608e-07
mvm_actual__3utr1967	0597ddadae0289fff5e2481ca759cbec	3300	donante	2.98658e-07
mvm_actual__3utr1967	0597ddadae0289fff5e2481ca759cbec	3301	aceptor	2.019e-07
mvm_actual__3utr1967	0597ddadae0289fff5e2481ca759cbec	3301	donante	1.09769e-07
mvm_actual__3utr1967	0597ddadae0289fff5e2481ca759cbec	3302	aceptor	5.03712e-08
mvm_actual__3utr1967	0597ddadae0289fff5e2481ca759cbec	3302	donante	9.43218e-08
mvm_actual__3utr1967	0597ddadae0289fff5e2481ca759cbec	3303	aceptor	1.31444e-07
mvm_actual__3utr1967	0597ddadae0289fff5e2481ca759cbec	3303	donante	3.85147e-07
mvm_actual__3utr1967	0597ddadae0289fff5e2481ca759cbec	3304	aceptor	7.93098e-08
mvm_actual__3utr1967	0597ddadae0289fff5e2481ca759cbec	3304	donante	6.71676e-08
mvm_actual__3utr1967	0597ddadae0289fff5e2481ca759cbec	3305	aceptor	1.04531e-07
mvm_actual__3utr1967	0597ddadae0289fff5e2481ca759cbec	3305	donante	1.73735e-07
mvm_actual__3utr1967	0597ddadae0289fff5e2481ca759cbec	3306	aceptor	3.69537e-07
mvm_actual__3utr1967	0597ddadae0289fff5e2481ca759cbec	3306	donante	4.2441e-07
mvm_actual__3utr1967	0597ddadae0289fff5e2481ca759cbec	3307	aceptor	4.31602e-08
mvm_actual__3utr1967	0597ddadae0289fff5e2481ca759cbec	3307	donante	6.70714e-07
mvm_actual__3utr1967	0597ddadae0289fff5e2481ca759cbec	3308	aceptor	3.86152e-07
mvm_actual__3utr1967	0597ddadae0289fff5e2481ca759cbec	3308	donante	7.10112e-07
mvm_actual__3utr1967	0597ddadae0289fff5e2481ca759cbec	3309	aceptor	1.28117e-07
mvm_actual__3utr1967	0597ddadae0289fff5e2481ca759cbec	3309	donante	1.39898e-07
mvm_actual__3utr1967	0597ddadae0289fff5e2481ca759cbec	3310	aceptor	3.21854e-07
mvm_actual__3utr1967	0597ddadae0289fff5e2481ca759cbec	3310	donante	6.12613e-07
mvm_actual__3utr1967	0597ddadae0289fff5e2481ca759cbec	3311	aceptor	2.71638e-08
mvm_actual__3utr1967	0597ddadae0289fff5e2481ca759cbec	3311	donante	1.46878e-07
mvm_actual__3utr1967	0597ddadae0289fff5e2481ca759cbec	3312	aceptor	4.31755e-08
mvm_actual__3utr1967	0597ddadae0289fff5e2481ca759cbec	3312	donante	1.64316e-07
mvm_actual__3utr1967	0597ddadae0289fff5e2481ca759cbec	3313	aceptor	4.38774e-08
mvm_actual__3utr1967	0597ddadae0289fff5e2481ca759cbec	3313	donante	5.49666e-07
mvm_actual__3utr1967	0597ddadae0289fff5e2481ca759cbec	3314	aceptor	1.55862e-07
mvm_actual__3utr1967	0597ddadae0289fff5e2481ca759cbec	3314	donante	2.1173e-07
mvm_actual__3utr1967	0597ddadae0289fff5e2481ca759cbec	3315	aceptor	7.23457e-07
mvm_actual__3utr1967	0597ddadae0289fff5e2481ca759cbec	3315	donante	2.89788e-07
mvm_actual__3utr1967	0597ddadae0289fff5e2481ca759cbec	3316	aceptor	5.51626e-07
mvm_actual__3utr1967	0597ddadae0289fff5e2481ca759cbec	3316	donante	6.76599e-07
mvm_actual__3utr1967	0597ddadae0289fff5e2481ca759cbec	3317	aceptor	7.49969e-08
mvm_actual__3utr1967	0597ddadae0289fff5e2481ca759cbec	3317	donante	2.55749e-07
mvm_actual__3utr1967	0597ddadae0289fff5e2481ca759cbec	3318	aceptor	1.60672e-07
mvm_actual__3utr1967	0597ddadae0289fff5e2481ca759cbec	3318	donante	2.73481e-07
mvm_actual__3utr1967	0597ddadae0289fff5e2481ca759cbec	3319	aceptor	3.17711e-07
mvm_actual__3utr1967	0597ddadae0289fff5e2481ca759cbec	3319	donante	2.90017e-07
mvm_actual__3utr1967	0597ddadae0289fff5e2481ca759cbec	3320	aceptor	3.17665e-07
mvm_actual__3utr1967	0597ddadae0289fff5e2481ca759cbec	3320	donante	3.91244e-07
mvm_actual__3utr1967	0597ddadae0289fff5e2481ca759cbec	3321	aceptor	1.45543e-07
mvm_actual__3utr1967	0597ddadae0289fff5e2481ca759cbec	3321	donante	4.47585e-07
mvm_actual__3utr1967	0597ddadae0289fff5e2481ca759cbec	3322	aceptor	1.3386e-07
mvm_actual__3utr1967	0597ddadae0289fff5e2481ca759cbec	3322	donante	3.9464e-07
mvm_actual__3utr1967	0597ddadae0289fff5e2481ca759cbec	3323	aceptor	8.96009e-08
mvm_actual__3utr1967	0597ddadae0289fff5e2481ca759cbec	3323	donante	1.15169e-06
mvm_actual__3utr1967	0597ddadae0289fff5e2481ca759cbec	3324	aceptor	4.60301e-05
mvm_actual__3utr1967	0597ddadae0289fff5e2481ca759cbec	3324	donante	4.60622e-06
mvm_actual__3utr1967	0597ddadae0289fff5e2481ca759cbec	3325	aceptor	2.74272e-07
mvm_actual__3utr1967	0597ddadae0289fff5e2481ca759cbec	3325	donante	5.35694e-06
mvm_actual__3utr1967	0597ddadae0289fff5e2481ca759cbec	3326	aceptor	5.04117e-07
mvm_actual__3utr1967	0597ddadae0289fff5e2481ca759cbec	3326	donante	1.84014e-06
mvm_actual__3utr1967	0597ddadae0289fff5e2481ca759cbec	3327	aceptor	6.00691e-08
mvm_actual__3utr1967	0597ddadae0289fff5e2481ca759cbec	3327	donante	3.94288e-07
mvm_actual__3utr1967	0597ddadae0289fff5e2481ca759cbec	3328	aceptor	6.93127e-08
mvm_actual__3utr1967	0597ddadae0289fff5e2481ca759cbec	3328	donante	3.05757e-06
mvm_actual__3utr1967	0597ddadae0289fff5e2481ca759cbec	3329	aceptor	6.25929e-08
mvm_actual__3utr1967	0597ddadae0289fff5e2481ca759cbec	3329	donante	4.29665e-07
mvm_actual__3utr1967	0597ddadae0289fff5e2481ca759cbec	3330	aceptor	8.6224e-08
mvm_actual__3utr1967	0597ddadae0289fff5e2481ca759cbec	3330	donante	7.7329e-07
mvm_actual__3utr1967	0597ddadae0289fff5e2481ca759cbec	3331	aceptor	5.10627e-06
mvm_actual__3utr1967	0597ddadae0289fff5e2481ca759cbec	3331	donante	3.72061e-05
mvm_actual__3utr1967	0597ddadae0289fff5e2481ca759cbec	3332	aceptor	4.15647e-08
mvm_actual__3utr1967	0597ddadae0289fff5e2481ca759cbec	3332	donante	6.11615e-06
mvm_actual__3utr1967	0597ddadae0289fff5e2481ca759cbec	3333	aceptor	7.24606e-08
mvm_actual__3utr1967	0597ddadae0289fff5e2481ca759cbec	3333	donante	2.84703e-07
mvm_actual__3utr1967	0597ddadae0289fff5e2481ca759cbec	3334	aceptor	1.52609e-07
mvm_actual__3utr1967	0597ddadae0289fff5e2481ca759cbec	3334	donante	5.19249e-07
mvm_actual__3utr1967	0597ddadae0289fff5e2481ca759cbec	3335	aceptor	1.20241e-07
mvm_actual__3utr1967	0597ddadae0289fff5e2481ca759cbec	3335	donante	1.89851e-06
mvm_actual__3utr1967	0597ddadae0289fff5e2481ca759cbec	3336	aceptor	4.2285e-07
mvm_actual__3utr1967	0597ddadae0289fff5e2481ca759cbec	3336	donante	6.43332e-06
mvm_actual__3utr1967	0597ddadae0289fff5e2481ca759cbec	3337	aceptor	3.76758e-07
mvm_actual__3utr1967	0597ddadae0289fff5e2481ca759cbec	3337	donante	1.07491e-06
mvm_actual__3utr1967	0597ddadae0289fff5e2481ca759cbec	3338	aceptor	2.87962e-07
mvm_actual__3utr1967	0597ddadae0289fff5e2481ca759cbec	3338	donante	2.82912e-06
mvm_actual__3utr1967	0597ddadae0289fff5e2481ca759cbec	3339	aceptor	1.95977e-07
mvm_actual__3utr1967	0597ddadae0289fff5e2481ca759cbec	3339	donante	1.65358e-06
mvm_actual__3utr1967	0597ddadae0289fff5e2481ca759cbec	3340	aceptor	8.11289e-07
mvm_actual__3utr1967	0597ddadae0289fff5e2481ca759cbec	3340	donante	1.81877e-06
mvm_actual__3utr1967	0597ddadae0289fff5e2481ca759cbec	3341	aceptor	6.00182e-08
mvm_actual__3utr1967	0597ddadae0289fff5e2481ca759cbec	3341	donante	3.47781e-07
mvm_actual__3utr1967	0597ddadae0289fff5e2481ca759cbec	3342	aceptor	1.87659e-07
mvm_actual__3utr1967	0597ddadae0289fff5e2481ca759cbec	3342	donante	1.33267e-05
mvm_actual__3utr1967	0597ddadae0289fff5e2481ca759cbec	3343	aceptor	2.34295e-07
mvm_actual__3utr1967	0597ddadae0289fff5e2481ca759cbec	3343	donante	6.29258e-07
mvm_actual__3utr1967	0597ddadae0289fff5e2481ca759cbec	3344	aceptor	9.53428e-08
mvm_actual__3utr1967	0597ddadae0289fff5e2481ca759cbec	3344	donante	1.08855e-06
mvm_actual__3utr1967	0597ddadae0289fff5e2481ca759cbec	3345	aceptor	1.45093e-06
mvm_actual__3utr1967	0597ddadae0289fff5e2481ca759cbec	3345	donante	1.59931e-06
mvm_actual__3utr1967	0597ddadae0289fff5e2481ca759cbec	3346	aceptor	4.62616e-07
mvm_actual__3utr1967	0597ddadae0289fff5e2481ca759cbec	3346	donante	5.0298e-06
mvm_actual__3utr1967	0597ddadae0289fff5e2481ca759cbec	3347	aceptor	9.99978e-07
mvm_actual__3utr1967	0597ddadae0289fff5e2481ca759cbec	3347	donante	1.3173e-05
mvm_actual__3utr1967	0597ddadae0289fff5e2481ca759cbec	3348	aceptor	3.84593e-08
mvm_actual__3utr1967	0597ddadae0289fff5e2481ca759cbec	3348	donante	2.6616e-05
mvm_actual__3utr1967	0597ddadae0289fff5e2481ca759cbec	3349	aceptor	9.69811e-08
mvm_actual__3utr1967	0597ddadae0289fff5e2481ca759cbec	3349	donante	1.20067e-06
mvm_actual__3utr1967	0597ddadae0289fff5e2481ca759cbec	3350	aceptor	4.50494e-07
mvm_actual__3utr1967	0597ddadae0289fff5e2481ca759cbec	3350	donante	0.000166371
mvm_actual__3utr1967	0597ddadae0289fff5e2481ca759cbec	3351	aceptor	1.20741e-07
mvm_actual__3utr1967	0597ddadae0289fff5e2481ca759cbec	3351	donante	1.18005e-06
mvm_actual__3utr1967	0597ddadae0289fff5e2481ca759cbec	3352	aceptor	3.27389e-06
mvm_actual__3utr1967	0597ddadae0289fff5e2481ca759cbec	3352	donante	0.0122248
mvm_actual__3utr1967	0597ddadae0289fff5e2481ca759cbec	3353	aceptor	1.88886e-07
mvm_actual__3utr1967	0597ddadae0289fff5e2481ca759cbec	3353	donante	2.10594e-06
mvm_actual__3utr1967	0597ddadae0289fff5e2481ca759cbec	3354	aceptor	6.30441e-07
mvm_actual__3utr1967	0597ddadae0289fff5e2481ca759cbec	3354	donante	4.04726e-07
mvm_actual__3utr1967	0597ddadae0289fff5e2481ca759cbec	3355	aceptor	5.90201e-08
mvm_actual__3utr1967	0597ddadae0289fff5e2481ca759cbec	3355	donante	2.46268e-07
mvm_actual__3utr1967	0597ddadae0289fff5e2481ca759cbec	3356	aceptor	8.34498e-08
mvm_actual__3utr1967	0597ddadae0289fff5e2481ca759cbec	3356	donante	1.21999e-06
mvm_actual__3utr1967	0597ddadae0289fff5e2481ca759cbec	3357	aceptor	1.08549e-07
mvm_actual__3utr1967	0597ddadae0289fff5e2481ca759cbec	3357	donante	9.64998e-08
mvm_actual__3utr1967	0597ddadae0289fff5e2481ca759cbec	3358	aceptor	4.90125e-08
mvm_actual__3utr1967	0597ddadae0289fff5e2481ca759cbec	3358	donante	4.33945e-07
mvm_actual__3utr1967	0597ddadae0289fff5e2481ca759cbec	3359	aceptor	1.68882e-05
mvm_actual__3utr1967	0597ddadae0289fff5e2481ca759cbec	3359	donante	5.48337e-07
mvm_actual__3utr1967	0597ddadae0289fff5e2481ca759cbec	3360	aceptor	3.53393e-08
mvm_actual__3utr1967	0597ddadae0289fff5e2481ca759cbec	3360	donante	5.51347e-08
mvm_actual__3utr1967	0597ddadae0289fff5e2481ca759cbec	3361	aceptor	4.76248e-08
mvm_actual__3utr1967	0597ddadae0289fff5e2481ca759cbec	3361	donante	1.32102e-08
mvm_actual__3utr1967	0597ddadae0289fff5e2481ca759cbec	3362	aceptor	1.1991e-07
mvm_actual__3utr1967	0597ddadae0289fff5e2481ca759cbec	3362	donante	5.21008e-08
mvm_actual__3utr1967	0597ddadae0289fff5e2481ca759cbec	3363	aceptor	1.18283e-07
mvm_actual__3utr1967	0597ddadae0289fff5e2481ca759cbec	3363	donante	2.97112e-06
mvm_actual__3utr1967	0597ddadae0289fff5e2481ca759cbec	3364	aceptor	5.63394e-08
mvm_actual__3utr1967	0597ddadae0289fff5e2481ca759cbec	3364	donante	3.62647e-08
mvm_actual__3utr1967	0597ddadae0289fff5e2481ca759cbec	3365	aceptor	1.01768e-06
mvm_actual__3utr1967	0597ddadae0289fff5e2481ca759cbec	3365	donante	1.19513e-07
mvm_actual__3utr1967	0597ddadae0289fff5e2481ca759cbec	3366	aceptor	6.80939e-08
mvm_actual__3utr1967	0597ddadae0289fff5e2481ca759cbec	3366	donante	2.85252e-08
mvm_actual__3utr1967	0597ddadae0289fff5e2481ca759cbec	3367	aceptor	1.26962e-07
mvm_actual__3utr1967	0597ddadae0289fff5e2481ca759cbec	3367	donante	2.74826e-07
mvm_actual__3utr1967	0597ddadae0289fff5e2481ca759cbec	3368	aceptor	3.84261e-08
mvm_actual__3utr1967	0597ddadae0289fff5e2481ca759cbec	3368	donante	4.68932e-08
mvm_actual__3utr1967	0597ddadae0289fff5e2481ca759cbec	3369	aceptor	6.59127e-08
mvm_actual__3utr1967	0597ddadae0289fff5e2481ca759cbec	3369	donante	9.19381e-08
mvm_actual__3utr1967	0597ddadae0289fff5e2481ca759cbec	3370	aceptor	1.62804e-07
mvm_actual__3utr1967	0597ddadae0289fff5e2481ca759cbec	3370	donante	6.32328e-09
mvm_actual__3utr1967	0597ddadae0289fff5e2481ca759cbec	3371	aceptor	5.75239e-07
mvm_actual__3utr1967	0597ddadae0289fff5e2481ca759cbec	3371	donante	7.38843e-06
mvm_actual__3utr1967	0597ddadae0289fff5e2481ca759cbec	3372	aceptor	4.80163e-07
mvm_actual__3utr1967	0597ddadae0289fff5e2481ca759cbec	3372	donante	1.45024e-08
mvm_actual__3utr1967	0597ddadae0289fff5e2481ca759cbec	3373	aceptor	4.25933e-08
mvm_actual__3utr1967	0597ddadae0289fff5e2481ca759cbec	3373	donante	2.13686e-08
mvm_actual__3utr1967	0597ddadae0289fff5e2481ca759cbec	3374	aceptor	9.99844e-08
mvm_actual__3utr1967	0597ddadae0289fff5e2481ca759cbec	3374	donante	2.1998e-08
mvm_actual__3utr1967	0597ddadae0289fff5e2481ca759cbec	3375	aceptor	1.0419e-07
mvm_actual__3utr1967	0597ddadae0289fff5e2481ca759cbec	3375	donante	1.1252e-08
mvm_actual__3utr1967	0597ddadae0289fff5e2481ca759cbec	3376	aceptor	5.34632e-07
mvm_actual__3utr1967	0597ddadae0289fff5e2481ca759cbec	3376	donante	1.48619e-06
mvm_actual__3utr1967	0597ddadae0289fff5e2481ca759cbec	3377	aceptor	2.40238e-07
mvm_actual__3utr1967	0597ddadae0289fff5e2481ca759cbec	3377	donante	3.64817e-08
mvm_actual__3utr1967	0597ddadae0289fff5e2481ca759cbec	3378	aceptor	1.97925e-07
mvm_actual__3utr1967	0597ddadae0289fff5e2481ca759cbec	3378	donante	1.26217e-08
mvm_actual__3utr1967	0597ddadae0289fff5e2481ca759cbec	3379	aceptor	9.03715e-08
mvm_actual__3utr1967	0597ddadae0289fff5e2481ca759cbec	3379	donante	1.8977e-07
mvm_actual__3utr1967	0597ddadae0289fff5e2481ca759cbec	3380	aceptor	2.63429e-07
mvm_actual__3utr1967	0597ddadae0289fff5e2481ca759cbec	3380	donante	1.23728e-06
mvm_actual__3utr1967	0597ddadae0289fff5e2481ca759cbec	3381	aceptor	2.51892e-07
mvm_actual__3utr1967	0597ddadae0289fff5e2481ca759cbec	3381	donante	2.05849e-08
mvm_actual__3utr1967	0597ddadae0289fff5e2481ca759cbec	3382	aceptor	1.08205e-06
mvm_actual__3utr1967	0597ddadae0289fff5e2481ca759cbec	3382	donante	4.8148e-09
mvm_actual__3utr1967	0597ddadae0289fff5e2481ca759cbec	3383	aceptor	7.73484e-08
mvm_actual__3utr1967	0597ddadae0289fff5e2481ca759cbec	3383	donante	1.89763e-08
mvm_actual__3utr1967	0597ddadae0289fff5e2481ca759cbec	3384	aceptor	8.50608e-07
mvm_actual__3utr1967	0597ddadae0289fff5e2481ca759cbec	3384	donante	1.51535e-06
mvm_actual__3utr1967	0597ddadae0289fff5e2481ca759cbec	3385	aceptor	2.04955e-07
mvm_actual__3utr1967	0597ddadae0289fff5e2481ca759cbec	3385	donante	3.24756e-08
mvm_actual__3utr1967	0597ddadae0289fff5e2481ca759cbec	3386	aceptor	2.21047e-05
mvm_actual__3utr1967	0597ddadae0289fff5e2481ca759cbec	3386	donante	7.9393e-08
mvm_actual__3utr1967	0597ddadae0289fff5e2481ca759cbec	3387	aceptor	1.25917e-06
mvm_actual__3utr1967	0597ddadae0289fff5e2481ca759cbec	3387	donante	3.4733e-08
mvm_actual__3utr1967	0597ddadae0289fff5e2481ca759cbec	3388	aceptor	4.61951e-07
mvm_actual__3utr1967	0597ddadae0289fff5e2481ca759cbec	3388	donante	5.33346e-08
mvm_actual__3utr1967	0597ddadae0289fff5e2481ca759cbec	3389	aceptor	1.4486e-06
mvm_actual__3utr1967	0597ddadae0289fff5e2481ca759cbec	3389	donante	2.91303e-08
mvm_actual__3utr1967	0597ddadae0289fff5e2481ca759cbec	3390	aceptor	8.36997e-08
mvm_actual__3utr1967	0597ddadae0289fff5e2481ca759cbec	3390	donante	7.77982e-09
mvm_actual__3utr1967	0597ddadae0289fff5e2481ca759cbec	3391	aceptor	1.3457e-07
mvm_actual__3utr1967	0597ddadae0289fff5e2481ca759cbec	3391	donante	2.48765e-08
mvm_actual__3utr1967	0597ddadae0289fff5e2481ca759cbec	3392	aceptor	2.72325e-07
mvm_actual__3utr1967	0597ddadae0289fff5e2481ca759cbec	3392	donante	1.10694e-07
mvm_actual__3utr1967	0597ddadae0289fff5e2481ca759cbec	3393	aceptor	7.92524e-07
mvm_actual__3utr1967	0597ddadae0289fff5e2481ca759cbec	3393	donante	1.20353e-08
mvm_actual__3utr1967	0597ddadae0289fff5e2481ca759cbec	3394	aceptor	1.54338e-07
mvm_actual__3utr1967	0597ddadae0289fff5e2481ca759cbec	3394	donante	7.77311e-09
mvm_actual__3utr1967	0597ddadae0289fff5e2481ca759cbec	3395	aceptor	2.11822e-07
mvm_actual__3utr1967	0597ddadae0289fff5e2481ca759cbec	3395	donante	2.54191e-08
mvm_actual__3utr1967	0597ddadae0289fff5e2481ca759cbec	3396	aceptor	4.63729e-07
mvm_actual__3utr1967	0597ddadae0289fff5e2481ca759cbec	3396	donante	4.26698e-08
mvm_actual__3utr1967	0597ddadae0289fff5e2481ca759cbec	3397	aceptor	4.35299e-06
mvm_actual__3utr1967	0597ddadae0289fff5e2481ca759cbec	3397	donante	1.72e-08
mvm_actual__3utr1967	0597ddadae0289fff5e2481ca759cbec	3398	aceptor	3.00339e-07
mvm_actual__3utr1967	0597ddadae0289fff5e2481ca759cbec	3398	donante	2.01432e-08
mvm_actual__3utr1967	0597ddadae0289fff5e2481ca759cbec	3399	aceptor	7.53728e-07
mvm_actual__3utr1967	0597ddadae0289fff5e2481ca759cbec	3399	donante	8.47017e-08
mvm_actual__3utr1967	0597ddadae0289fff5e2481ca759cbec	3400	aceptor	3.04096e-06
mvm_actual__3utr1967	0597ddadae0289fff5e2481ca759cbec	3400	donante	1.08804e-08
mvm_actual__3utr1967	0597ddadae0289fff5e2481ca759cbec	3401	aceptor	9.20116e-07
mvm_actual__3utr1967	0597ddadae0289fff5e2481ca759cbec	3401	donante	1.76687e-08
mvm_actual__3utr1967	0597ddadae0289fff5e2481ca759cbec	3402	aceptor	2.07172e-07
mvm_actual__3utr1967	0597ddadae0289fff5e2481ca759cbec	3402	donante	2.65797e-08
mvm_actual__3utr1967	0597ddadae0289fff5e2481ca759cbec	3403	aceptor	0.000322462
mvm_actual__3utr1967	0597ddadae0289fff5e2481ca759cbec	3403	donante	6.22181e-07
mvm_actual__3utr1967	0597ddadae0289fff5e2481ca759cbec	3404	aceptor	1.88425e-06
mvm_actual__3utr1967	0597ddadae0289fff5e2481ca759cbec	3404	donante	9.98477e-09
mvm_actual__3utr1967	0597ddadae0289fff5e2481ca759cbec	3405	aceptor	1.64209e-06
mvm_actual__3utr1967	0597ddadae0289fff5e2481ca759cbec	3405	donante	5.29975e-08
mvm_actual__3utr1967	0597ddadae0289fff5e2481ca759cbec	3406	aceptor	0.000146447
mvm_actual__3utr1967	0597ddadae0289fff5e2481ca759cbec	3406	donante	3.77586e-07
mvm_actual__3utr1967	0597ddadae0289fff5e2481ca759cbec	3407	aceptor	7.06791e-06
mvm_actual__3utr1967	0597ddadae0289fff5e2481ca759cbec	3407	donante	1.86714e-07
mvm_actual__3utr1967	0597ddadae0289fff5e2481ca759cbec	3408	aceptor	7.4287e-06
mvm_actual__3utr1967	0597ddadae0289fff5e2481ca759cbec	3408	donante	7.72675e-08
mvm_actual__3utr1967	0597ddadae0289fff5e2481ca759cbec	3409	aceptor	1.9862e-05
mvm_actual__3utr1967	0597ddadae0289fff5e2481ca759cbec	3409	donante	9.86738e-08
mvm_actual__3utr1967	0597ddadae0289fff5e2481ca759cbec	3410	aceptor	4.21205e-06
mvm_actual__3utr1967	0597ddadae0289fff5e2481ca759cbec	3410	donante	6.25415e-08
mvm_actual__3utr1967	0597ddadae0289fff5e2481ca759cbec	3411	aceptor	5.3079e-07
mvm_actual__3utr1967	0597ddadae0289fff5e2481ca759cbec	3411	donante	3.2399e-08
mvm_actual__3utr1967	0597ddadae0289fff5e2481ca759cbec	3412	aceptor	1.47211e-06
mvm_actual__3utr1967	0597ddadae0289fff5e2481ca759cbec	3412	donante	6.14812e-08
mvm_actual__3utr1967	0597ddadae0289fff5e2481ca759cbec	3413	aceptor	2.35307e-06
mvm_actual__3utr1967	0597ddadae0289fff5e2481ca759cbec	3413	donante	5.13154e-08
mvm_actual__3utr1967	0597ddadae0289fff5e2481ca759cbec	3414	aceptor	3.20051e-07
mvm_actual__3utr1967	0597ddadae0289fff5e2481ca759cbec	3414	donante	1.02007e-07
mvm_actual__3utr1967	0597ddadae0289fff5e2481ca759cbec	3415	aceptor	1.28684e-06
mvm_actual__3utr1967	0597ddadae0289fff5e2481ca759cbec	3415	donante	2.16549e-08
mvm_actual__3utr1967	0597ddadae0289fff5e2481ca759cbec	3416	aceptor	5.29531e-06
mvm_actual__3utr1967	0597ddadae0289fff5e2481ca759cbec	3416	donante	7.94308e-08
mvm_actual__3utr1967	0597ddadae0289fff5e2481ca759cbec	3417	aceptor	1.60866e-06
mvm_actual__3utr1967	0597ddadae0289fff5e2481ca759cbec	3417	donante	1.53578e-07
mvm_actual__3utr1967	0597ddadae0289fff5e2481ca759cbec	3418	aceptor	1.68909e-06
mvm_actual__3utr1967	0597ddadae0289fff5e2481ca759cbec	3418	donante	4.30814e-08
mvm_actual__3utr1967	0597ddadae0289fff5e2481ca759cbec	3419	aceptor	4.35709e-07
mvm_actual__3utr1967	0597ddadae0289fff5e2481ca759cbec	3419	donante	4.91359e-08
mvm_actual__3utr1967	0597ddadae0289fff5e2481ca759cbec	3420	aceptor	5.60091e-06
mvm_actual__3utr1967	0597ddadae0289fff5e2481ca759cbec	3420	donante	5.75488e-08
mvm_actual__3utr1967	0597ddadae0289fff5e2481ca759cbec	3421	aceptor	1.03407e-06
mvm_actual__3utr1967	0597ddadae0289fff5e2481ca759cbec	3421	donante	3.62574e-08
mvm_actual__3utr1967	0597ddadae0289fff5e2481ca759cbec	3422	aceptor	1.87362e-06
mvm_actual__3utr1967	0597ddadae0289fff5e2481ca759cbec	3422	donante	8.96331e-08
mvm_actual__3utr1967	0597ddadae0289fff5e2481ca759cbec	3423	aceptor	6.26275e-07
mvm_actual__3utr1967	0597ddadae0289fff5e2481ca759cbec	3423	donante	3.73416e-08
mvm_actual__3utr1967	0597ddadae0289fff5e2481ca759cbec	3424	aceptor	5.63174e-07
mvm_actual__3utr1967	0597ddadae0289fff5e2481ca759cbec	3424	donante	2.22571e-08
mvm_actual__3utr1967	0597ddadae0289fff5e2481ca759cbec	3425	aceptor	6.22095e-07
mvm_actual__3utr1967	0597ddadae0289fff5e2481ca759cbec	3425	donante	7.7627e-08
mvm_actual__3utr1967	0597ddadae0289fff5e2481ca759cbec	3426	aceptor	1.66397e-06
mvm_actual__3utr1967	0597ddadae0289fff5e2481ca759cbec	3426	donante	1.27145e-07
mvm_actual__3utr1967	0597ddadae0289fff5e2481ca759cbec	3427	aceptor	1.5533e-06
mvm_actual__3utr1967	0597ddadae0289fff5e2481ca759cbec	3427	donante	1.49418e-07
mvm_actual__3utr1967	0597ddadae0289fff5e2481ca759cbec	3428	aceptor	2.33395e-07
mvm_actual__3utr1967	0597ddadae0289fff5e2481ca759cbec	3428	donante	6.20379e-08
mvm_actual__3utr1967	0597ddadae0289fff5e2481ca759cbec	3429	aceptor	7.37847e-06
mvm_actual__3utr1967	0597ddadae0289fff5e2481ca759cbec	3429	donante	0.000190044
mvm_actual__3utr1967	0597ddadae0289fff5e2481ca759cbec	3430	aceptor	0.803414
mvm_actual__3utr1967	0597ddadae0289fff5e2481ca759cbec	3430	donante	9.6928e-06
mvm_actual__3utr1967	0597ddadae0289fff5e2481ca759cbec	3431	aceptor	1.65569e-06
mvm_actual__3utr1967	0597ddadae0289fff5e2481ca759cbec	3431	donante	1.34936e-07
mvm_actual__3utr1967	0597ddadae0289fff5e2481ca759cbec	3432	aceptor	1.61059e-06
mvm_actual__3utr1967	0597ddadae0289fff5e2481ca759cbec	3432	donante	7.85223e-08
mvm_actual__3utr1967	0597ddadae0289fff5e2481ca759cbec	3433	aceptor	2.39666e-06
mvm_actual__3utr1967	0597ddadae0289fff5e2481ca759cbec	3433	donante	1.98694e-07
mvm_actual__3utr1967	0597ddadae0289fff5e2481ca759cbec	3434	aceptor	8.96178e-05
mvm_actual__3utr1967	0597ddadae0289fff5e2481ca759cbec	3434	donante	3.21235e-07
mvm_actual__3utr1967	0597ddadae0289fff5e2481ca759cbec	3435	aceptor	5.26573e-06
mvm_actual__3utr1967	0597ddadae0289fff5e2481ca759cbec	3435	donante	2.84703e-07
mvm_actual__3utr1967	0597ddadae0289fff5e2481ca759cbec	3436	aceptor	5.94022e-07
mvm_actual__3utr1967	0597ddadae0289fff5e2481ca759cbec	3436	donante	6.32699e-08
mvm_actual__3utr1967	0597ddadae0289fff5e2481ca759cbec	3437	aceptor	4.26838e-06
mvm_actual__3utr1967	0597ddadae0289fff5e2481ca759cbec	3437	donante	1.32325e-07
mvm_actual__3utr1967	0597ddadae0289fff5e2481ca759cbec	3438	aceptor	1.28264e-05
mvm_actual__3utr1967	0597ddadae0289fff5e2481ca759cbec	3438	donante	3.29979e-05
mvm_actual__3utr1967	0597ddadae0289fff5e2481ca759cbec	3439	aceptor	3.71211e-05
mvm_actual__3utr1967	0597ddadae0289fff5e2481ca759cbec	3439	donante	2.18178e-06
mvm_actual__3utr1967	0597ddadae0289fff5e2481ca759cbec	3440	aceptor	7.81008e-06
mvm_actual__3utr1967	0597ddadae0289fff5e2481ca759cbec	3440	donante	1.03323e-06
